fundingTime,fundingRate,symbol
2024-01-01 00:00:00,0.00019934283060224654,BTCUSDT
2024-01-01 01:00:00,0.0,BTCUSDT
2024-01-01 02:00:00,0.0,BTCUSDT
2024-01-01 03:00:00,0.0,BTCUSDT
2024-01-01 04:00:00,0.0,BTCUSDT
2024-01-01 05:00:00,0.0,BTCUSDT
2024-01-01 06:00:00,0.0,BTCUSDT
2024-01-01 07:00:00,0.0,BTCUSDT
2024-01-01 08:00:00,6.105122813009582e-06,BTCUSDT
2024-01-01 09:00:00,0.0,BTCUSDT
2024-01-01 10:00:00,0.0,BTCUSDT
2024-01-01 11:00:00,0.0,BTCUSDT
2024-01-01 12:00:00,0.0,BTCUSDT
2024-01-01 13:00:00,0.0,BTCUSDT
2024-01-01 14:00:00,0.0,BTCUSDT
2024-01-01 15:00:00,0.0,BTCUSDT
2024-01-01 16:00:00,-0.00010256622406688478,BTCUSDT
2024-01-01 17:00:00,0.0,BTCUSDT
2024-01-01 18:00:00,0.0,BTCUSDT
2024-01-01 19:00:00,0.0,BTCUSDT
2024-01-01 20:00:00,0.0,BTCUSDT
2024-01-01 21:00:00,0.0,BTCUSDT
2024-01-01 22:00:00,0.0,BTCUSDT
2024-01-01 23:00:00,0.0,BTCUSDT
2024-01-02 00:00:00,-8.876544905036526e-06,BTCUSDT
2024-01-02 01:00:00,0.0,BTCUSDT
2024-01-02 02:00:00,0.0,BTCUSDT
2024-01-02 03:00:00,0.0,BTCUSDT
2024-01-02 04:00:00,0.0,BTCUSDT
2024-01-02 05:00:00,0.0,BTCUSDT
2024-01-02 06:00:00,0.0,BTCUSDT
2024-01-02 07:00:00,0.0,BTCUSDT
2024-01-02 08:00:00,9.730055505241322e-05,BTCUSDT
2024-01-02 09:00:00,0.0,BTCUSDT
2024-01-02 10:00:00,0.0,BTCUSDT
2024-01-02 11:00:00,0.0,BTCUSDT
2024-01-02 12:00:00,0.0,BTCUSDT
2024-01-02 13:00:00,0.0,BTCUSDT
2024-01-02 14:00:00,0.0,BTCUSDT
2024-01-02 15:00:00,0.0,BTCUSDT
2024-01-02 16:00:00,0.0002476933159990821,BTCUSDT
2024-01-02 17:00:00,0.0,BTCUSDT
2024-01-02 18:00:00,0.0,BTCUSDT
2024-01-02 19:00:00,0.0,BTCUSDT
2024-01-02 20:00:00,0.0,BTCUSDT
2024-01-02 21:00:00,0.0,BTCUSDT
2024-01-02 22:00:00,0.0,BTCUSDT
2024-01-02 23:00:00,0.0,BTCUSDT
2024-01-03 00:00:00,0.0001687236579136923,BTCUSDT
2024-01-03 01:00:00,0.0,BTCUSDT
2024-01-03 02:00:00,0.0,BTCUSDT
2024-01-03 03:00:00,0.0,BTCUSDT
2024-01-03 04:00:00,0.0,BTCUSDT
2024-01-03 05:00:00,0.0,BTCUSDT
2024-01-03 06:00:00,0.0,BTCUSDT
2024-01-03 07:00:00,0.0,BTCUSDT
2024-01-03 08:00:00,-6.78435046445277e-05,BTCUSDT
2024-01-03 09:00:00,0.0,BTCUSDT
2024-01-03 10:00:00,0.0,BTCUSDT
2024-01-03 11:00:00,0.0,BTCUSDT
2024-01-03 12:00:00,0.0,BTCUSDT
2024-01-03 13:00:00,0.0,BTCUSDT
2024-01-03 14:00:00,0.0,BTCUSDT
2024-01-03 15:00:00,0.0,BTCUSDT
2024-01-03 16:00:00,0.00026250516447883963,BTCUSDT
2024-01-03 17:00:00,0.0,BTCUSDT
2024-01-03 18:00:00,0.0,BTCUSDT
2024-01-03 19:00:00,0.0,BTCUSDT
2024-01-03 20:00:00,0.0,BTCUSDT
2024-01-03 21:00:00,0.0,BTCUSDT
2024-01-03 22:00:00,0.0,BTCUSDT
2024-01-03 23:00:00,0.0,BTCUSDT
2024-01-04 00:00:00,9.28347921780097e-05,BTCUSDT
2024-01-04 01:00:00,0.0,BTCUSDT
2024-01-04 02:00:00,0.0,BTCUSDT
2024-01-04 03:00:00,0.0,BTCUSDT
2024-01-04 04:00:00,0.0,BTCUSDT
2024-01-04 05:00:00,0.0,BTCUSDT
2024-01-04 06:00:00,0.0,BTCUSDT
2024-01-04 07:00:00,0.0,BTCUSDT
2024-01-04 08:00:00,5.606562243249762e-05,BTCUSDT
2024-01-04 09:00:00,0.0,BTCUSDT
2024-01-04 10:00:00,0.0,BTCUSDT
2024-01-04 11:00:00,0.0,BTCUSDT
2024-01-04 12:00:00,0.0,BTCUSDT
2024-01-04 13:00:00,0.0,BTCUSDT
2024-01-04 14:00:00,0.0,BTCUSDT
2024-01-04 15:00:00,0.0,BTCUSDT
2024-01-04 16:00:00,-5.952040753407756e-06,BTCUSDT
2024-01-04 17:00:00,0.0,BTCUSDT
2024-01-04 18:00:00,0.0,BTCUSDT
2024-01-04 19:00:00,0.0,BTCUSDT
2024-01-04 20:00:00,0.0,BTCUSDT
2024-01-04 21:00:00,0.0,BTCUSDT
2024-01-04 22:00:00,0.0,BTCUSDT
2024-01-04 23:00:00,0.0,BTCUSDT
2024-01-05 00:00:00,0.00015922405541291522,BTCUSDT
2024-01-05 01:00:00,0.0,BTCUSDT
2024-01-05 02:00:00,0.0,BTCUSDT
2024-01-05 03:00:00,0.0,BTCUSDT
2024-01-05 04:00:00,0.0,BTCUSDT
2024-01-05 05:00:00,0.0,BTCUSDT
2024-01-05 06:00:00,0.0,BTCUSDT
2024-01-05 07:00:00,0.0,BTCUSDT
2024-01-05 08:00:00,6.774285766679818e-05,BTCUSDT
2024-01-05 09:00:00,0.0,BTCUSDT
2024-01-05 10:00:00,0.0,BTCUSDT
2024-01-05 11:00:00,0.0,BTCUSDT
2024-01-05 12:00:00,0.0,BTCUSDT
2024-01-05 13:00:00,0.0,BTCUSDT
2024-01-05 14:00:00,0.0,BTCUSDT
2024-01-05 15:00:00,0.0,BTCUSDT
2024-01-05 16:00:00,0.00011204604198820529,BTCUSDT
2024-01-05 17:00:00,0.0,BTCUSDT
2024-01-05 18:00:00,0.0,BTCUSDT
2024-01-05 19:00:00,0.0,BTCUSDT
2024-01-05 20:00:00,0.0,BTCUSDT
2024-01-05 21:00:00,0.0,BTCUSDT
2024-01-05 22:00:00,0.0,BTCUSDT
2024-01-05 23:00:00,0.0,BTCUSDT
2024-01-06 00:00:00,0.0002582063894086094,BTCUSDT
2024-01-06 01:00:00,0.0,BTCUSDT
2024-01-06 02:00:00,0.0,BTCUSDT
2024-01-06 03:00:00,0.0,BTCUSDT
2024-01-06 04:00:00,0.0,BTCUSDT
2024-01-06 05:00:00,0.0,BTCUSDT
2024-01-06 06:00:00,0.0,BTCUSDT
2024-01-06 07:00:00,0.0,BTCUSDT
2024-01-06 08:00:00,0.00011993027301752825,BTCUSDT
2024-01-06 09:00:00,0.0,BTCUSDT
2024-01-06 10:00:00,0.0,BTCUSDT
2024-01-06 11:00:00,0.0,BTCUSDT
2024-01-06 12:00:00,0.0,BTCUSDT
2024-01-06 13:00:00,0.0,BTCUSDT
2024-01-06 14:00:00,0.0,BTCUSDT
2024-01-06 15:00:00,0.0,BTCUSDT
2024-01-06 16:00:00,-5.6650658467247424e-05,BTCUSDT
2024-01-06 17:00:00,0.0,BTCUSDT
2024-01-06 18:00:00,0.0,BTCUSDT
2024-01-06 19:00:00,0.0,BTCUSDT
2024-01-06 20:00:00,0.0,BTCUSDT
2024-01-06 21:00:00,0.0,BTCUSDT
2024-01-06 22:00:00,0.0,BTCUSDT
2024-01-06 23:00:00,0.0,BTCUSDT
2024-01-07 00:00:00,0.00015197655884968472,BTCUSDT
2024-01-07 01:00:00,0.0,BTCUSDT
2024-01-07 02:00:00,0.0,BTCUSDT
2024-01-07 03:00:00,0.0,BTCUSDT
2024-01-07 04:00:00,0.0,BTCUSDT
2024-01-07 05:00:00,0.0,BTCUSDT
2024-01-07 06:00:00,0.0,BTCUSDT
2024-01-07 07:00:00,0.0,BTCUSDT
2024-01-07 08:00:00,-3.600494431569818e-05,BTCUSDT
2024-01-07 09:00:00,0.0,BTCUSDT
2024-01-07 10:00:00,0.0,BTCUSDT
2024-01-07 11:00:00,0.0,BTCUSDT
2024-01-07 12:00:00,0.0,BTCUSDT
2024-01-07 13:00:00,0.0,BTCUSDT
2024-01-07 14:00:00,0.0,BTCUSDT
2024-01-07 15:00:00,0.0,BTCUSDT
2024-01-07 16:00:00,-9.493633404546429e-05,BTCUSDT
2024-01-07 17:00:00,0.0,BTCUSDT
2024-01-07 18:00:00,0.0,BTCUSDT
2024-01-07 19:00:00,0.0,BTCUSDT
2024-01-07 20:00:00,0.0,BTCUSDT
2024-01-07 21:00:00,0.0,BTCUSDT
2024-01-07 22:00:00,0.0,BTCUSDT
2024-01-07 23:00:00,0.0,BTCUSDT
2024-01-08 00:00:00,5.09223767994259e-05,BTCUSDT
2024-01-08 01:00:00,0.0,BTCUSDT
2024-01-08 02:00:00,0.0,BTCUSDT
2024-01-08 03:00:00,0.0,BTCUSDT
2024-01-08 04:00:00,0.0,BTCUSDT
2024-01-08 05:00:00,0.0,BTCUSDT
2024-01-08 06:00:00,0.0,BTCUSDT
2024-01-08 07:00:00,0.0,BTCUSDT
2024-01-08 08:00:00,0.00010260037837558141,BTCUSDT
2024-01-08 09:00:00,0.0,BTCUSDT
2024-01-08 10:00:00,0.0,BTCUSDT
2024-01-08 11:00:00,0.0,BTCUSDT
2024-01-08 12:00:00,0.0,BTCUSDT
2024-01-08 13:00:00,0.0,BTCUSDT
2024-01-08 14:00:00,0.0,BTCUSDT
2024-01-08 15:00:00,0.0,BTCUSDT
2024-01-08 16:00:00,5.530744293482982e-05,BTCUSDT
2024-01-08 17:00:00,0.0,BTCUSDT
2024-01-08 18:00:00,0.0,BTCUSDT
2024-01-08 19:00:00,0.0,BTCUSDT
2024-01-08 20:00:00,0.0,BTCUSDT
2024-01-08 21:00:00,0.0,BTCUSDT
2024-01-08 22:00:00,0.0,BTCUSDT
2024-01-08 23:00:00,0.0,BTCUSDT
2024-01-09 00:00:00,0.0001428187488260408,BTCUSDT
2024-01-09 01:00:00,0.0,BTCUSDT
2024-01-09 02:00:00,0.0,BTCUSDT
2024-01-09 03:00:00,0.0,BTCUSDT
2024-01-09 04:00:00,0.0,BTCUSDT
2024-01-09 05:00:00,0.0,BTCUSDT
2024-01-09 06:00:00,0.0,BTCUSDT
2024-01-09 07:00:00,0.0,BTCUSDT
2024-01-09 08:00:00,0.00017155747206965666,BTCUSDT
2024-01-09 09:00:00,0.0,BTCUSDT
2024-01-09 10:00:00,0.0,BTCUSDT
2024-01-09 11:00:00,0.0,BTCUSDT
2024-01-09 12:00:00,0.0,BTCUSDT
2024-01-09 13:00:00,0.0,BTCUSDT
2024-01-09 14:00:00,0.0,BTCUSDT
2024-01-09 15:00:00,0.0,BTCUSDT
2024-01-09 16:00:00,0.0002030095372612096,BTCUSDT
2024-01-09 17:00:00,0.0,BTCUSDT
2024-01-09 18:00:00,0.0,BTCUSDT
2024-01-09 19:00:00,0.0,BTCUSDT
2024-01-09 20:00:00,0.0,BTCUSDT
2024-01-09 21:00:00,0.0,BTCUSDT
2024-01-09 22:00:00,0.0,BTCUSDT
2024-01-09 23:00:00,0.0,BTCUSDT
2024-01-10 00:00:00,-5.456504290751435e-05,BTCUSDT
2024-01-10 01:00:00,0.0,BTCUSDT
2024-01-10 02:00:00,0.0,BTCUSDT
2024-01-10 03:00:00,0.0,BTCUSDT
2024-01-10 04:00:00,0.0,BTCUSDT
2024-01-10 05:00:00,0.0,BTCUSDT
2024-01-10 06:00:00,0.0,BTCUSDT
2024-01-10 07:00:00,0.0,BTCUSDT
2024-01-10 08:00:00,5.613626842113306e-06,BTCUSDT
2024-01-10 09:00:00,0.0,BTCUSDT
2024-01-10 10:00:00,0.0,BTCUSDT
2024-01-10 11:00:00,0.0,BTCUSDT
2024-01-10 12:00:00,0.0,BTCUSDT
2024-01-10 13:00:00,0.0,BTCUSDT
2024-01-10 14:00:00,0.0,BTCUSDT
2024-01-10 15:00:00,0.0,BTCUSDT
2024-01-10 16:00:00,0.00010911436798076276,BTCUSDT
2024-01-10 17:00:00,0.0,BTCUSDT
2024-01-10 18:00:00,0.0,BTCUSDT
2024-01-10 19:00:00,0.0,BTCUSDT
2024-01-10 20:00:00,0.0,BTCUSDT
2024-01-10 21:00:00,0.0,BTCUSDT
2024-01-10 22:00:00,0.0,BTCUSDT
2024-01-10 23:00:00,0.0,BTCUSDT
2024-01-11 00:00:00,-5.850414768654014e-05,BTCUSDT
2024-01-11 01:00:00,0.0,BTCUSDT
2024-01-11 02:00:00,0.0,BTCUSDT
2024-01-11 03:00:00,0.0,BTCUSDT
2024-01-11 04:00:00,0.0,BTCUSDT
2024-01-11 05:00:00,0.0,BTCUSDT
2024-01-11 06:00:00,0.0,BTCUSDT
2024-01-11 07:00:00,0.0,BTCUSDT
2024-01-11 08:00:00,0.0004530908480562194,BTCUSDT
2024-01-11 09:00:00,0.0,BTCUSDT
2024-01-11 10:00:00,0.0,BTCUSDT
2024-01-11 11:00:00,0.0,BTCUSDT
2024-01-11 12:00:00,0.0,BTCUSDT
2024-01-11 13:00:00,0.0,BTCUSDT
2024-01-11 14:00:00,0.0,BTCUSDT
2024-01-11 15:00:00,0.0,BTCUSDT
2024-01-11 16:00:00,0.00035338222983732453,BTCUSDT
2024-01-11 17:00:00,0.0,BTCUSDT
2024-01-11 18:00:00,0.0,BTCUSDT
2024-01-11 19:00:00,0.0,BTCUSDT
2024-01-11 20:00:00,0.0,BTCUSDT
2024-01-11 21:00:00,0.0,BTCUSDT
2024-01-11 22:00:00,0.0,BTCUSDT
2024-01-11 23:00:00,0.0,BTCUSDT
2024-01-12 00:00:00,4.948636972136794e-05,BTCUSDT
2024-01-12 01:00:00,0.0,BTCUSDT
2024-01-12 02:00:00,0.0,BTCUSDT
2024-01-12 03:00:00,0.0,BTCUSDT
2024-01-12 04:00:00,0.0,BTCUSDT
2024-01-12 05:00:00,0.0,BTCUSDT
2024-01-12 06:00:00,0.0,BTCUSDT
2024-01-12 07:00:00,0.0,BTCUSDT
2024-01-12 08:00:00,0.00033263275043099195,BTCUSDT
2024-01-12 09:00:00,0.0,BTCUSDT
2024-01-12 10:00:00,0.0,BTCUSDT
2024-01-12 11:00:00,0.0,BTCUSDT
2024-01-12 12:00:00,0.0,BTCUSDT
2024-01-12 13:00:00,0.0,BTCUSDT
2024-01-12 14:00:00,0.0,BTCUSDT
2024-01-12 15:00:00,0.0,BTCUSDT
2024-01-12 16:00:00,0.00012270346905024962,BTCUSDT
2024-01-12 17:00:00,0.0,BTCUSDT
2024-01-12 18:00:00,0.0,BTCUSDT
2024-01-12 19:00:00,0.0,BTCUSDT
2024-01-12 20:00:00,0.0,BTCUSDT
2024-01-12 21:00:00,0.0,BTCUSDT
2024-01-12 22:00:00,0.0,BTCUSDT
2024-01-12 23:00:00,0.0,BTCUSDT
2024-01-13 00:00:00,0.00015619837354700653,BTCUSDT
2024-01-13 01:00:00,0.0,BTCUSDT
2024-01-13 02:00:00,0.0,BTCUSDT
2024-01-13 03:00:00,0.0,BTCUSDT
2024-01-13 04:00:00,0.0,BTCUSDT
2024-01-13 05:00:00,0.0,BTCUSDT
2024-01-13 06:00:00,0.0,BTCUSDT
2024-01-13 07:00:00,0.0,BTCUSDT
2024-01-13 08:00:00,0.00027991997508665015,BTCUSDT
2024-01-13 09:00:00,0.0,BTCUSDT
2024-01-13 10:00:00,0.0,BTCUSDT
2024-01-13 11:00:00,0.0,BTCUSDT
2024-01-13 12:00:00,0.0,BTCUSDT
2024-01-13 13:00:00,0.0,BTCUSDT
2024-01-13 14:00:00,0.0,BTCUSDT
2024-01-13 15:00:00,0.0,BTCUSDT
2024-01-13 16:00:00,9.581968120717038e-05,BTCUSDT
2024-01-13 17:00:00,0.0,BTCUSDT
2024-01-13 18:00:00,0.0,BTCUSDT
2024-01-13 19:00:00,0.0,BTCUSDT
2024-01-13 20:00:00,0.0,BTCUSDT
2024-01-13 21:00:00,0.0,BTCUSDT
2024-01-13 22:00:00,0.0,BTCUSDT
2024-01-13 23:00:00,0.0,BTCUSDT
2024-01-14 00:00:00,0.00026508326979760596,BTCUSDT
2024-01-14 01:00:00,0.0,BTCUSDT
2024-01-14 02:00:00,0.0,BTCUSDT
2024-01-14 03:00:00,0.0,BTCUSDT
2024-01-14 04:00:00,0.0,BTCUSDT
2024-01-14 05:00:00,0.0,BTCUSDT
2024-01-14 06:00:00,0.0,BTCUSDT
2024-01-14 07:00:00,0.0,BTCUSDT
2024-01-14 08:00:00,0.00011939919299854365,BTCUSDT
2024-01-14 09:00:00,0.0,BTCUSDT
2024-01-14 10:00:00,0.0,BTCUSDT
2024-01-14 11:00:00,0.0,BTCUSDT
2024-01-14 12:00:00,0.0,BTCUSDT
2024-01-14 13:00:00,0.0,BTCUSDT
2024-01-14 14:00:00,0.0,BTCUSDT
2024-01-14 15:00:00,0.0,BTCUSDT
2024-01-14 16:00:00,0.00022482396341043105,BTCUSDT
2024-01-14 17:00:00,0.0,BTCUSDT
2024-01-14 18:00:00,0.0,BTCUSDT
2024-01-14 19:00:00,0.0,BTCUSDT
2024-01-14 20:00:00,0.0,BTCUSDT
2024-01-14 21:00:00,0.0,BTCUSDT
2024-01-14 22:00:00,0.0,BTCUSDT
2024-01-14 23:00:00,0.0,BTCUSDT
2024-01-15 00:00:00,-6.50994393585023e-05,BTCUSDT
2024-01-15 01:00:00,0.0,BTCUSDT
2024-01-15 02:00:00,0.0,BTCUSDT
2024-01-15 03:00:00,0.0,BTCUSDT
2024-01-15 04:00:00,0.0,BTCUSDT
2024-01-15 05:00:00,0.0,BTCUSDT
2024-01-15 06:00:00,0.0,BTCUSDT
2024-01-15 07:00:00,0.0,BTCUSDT
2024-01-15 08:00:00,5.7923388763354416e-06,BTCUSDT
2024-01-15 09:00:00,0.0,BTCUSDT
2024-01-15 10:00:00,0.0,BTCUSDT
2024-01-15 11:00:00,0.0,BTCUSDT
2024-01-15 12:00:00,0.0,BTCUSDT
2024-01-15 13:00:00,0.0,BTCUSDT
2024-01-15 14:00:00,0.0,BTCUSDT
2024-01-15 15:00:00,0.0,BTCUSDT
2024-01-15 16:00:00,0.0002715319246404039,BTCUSDT
2024-01-15 17:00:00,0.0,BTCUSDT
2024-01-15 18:00:00,0.0,BTCUSDT
2024-01-15 19:00:00,0.0,BTCUSDT
2024-01-15 20:00:00,0.0,BTCUSDT
2024-01-15 21:00:00,0.0,BTCUSDT
2024-01-15 22:00:00,0.0,BTCUSDT
2024-01-15 23:00:00,0.0,BTCUSDT
2024-01-16 00:00:00,0.00020386930284823447,BTCUSDT
2024-01-16 01:00:00,0.0,BTCUSDT
2024-01-16 02:00:00,0.0,BTCUSDT
2024-01-16 03:00:00,0.0,BTCUSDT
2024-01-16 04:00:00,0.0,BTCUSDT
2024-01-16 05:00:00,0.0,BTCUSDT
2024-01-16 06:00:00,0.0,BTCUSDT
2024-01-16 07:00:00,0.0,BTCUSDT
2024-01-16 08:00:00,0.00011953521970976634,BTCUSDT
2024-01-16 09:00:00,0.0,BTCUSDT
2024-01-16 10:00:00,0.0,BTCUSDT
2024-01-16 11:00:00,0.0,BTCUSDT
2024-01-16 12:00:00,0.0,BTCUSDT
2024-01-16 13:00:00,0.0,BTCUSDT
2024-01-16 14:00:00,0.0,BTCUSDT
2024-01-16 15:00:00,0.0,BTCUSDT
2024-01-16 16:00:00,0.00027446412734413565,BTCUSDT
2024-01-16 17:00:00,0.0,BTCUSDT
2024-01-16 18:00:00,0.0,BTCUSDT
2024-01-16 19:00:00,0.0,BTCUSDT
2024-01-16 20:00:00,0.0,BTCUSDT
2024-01-16 21:00:00,0.0,BTCUSDT
2024-01-16 22:00:00,0.0,BTCUSDT
2024-01-16 23:00:00,0.0,BTCUSDT
2024-01-17 00:00:00,-5.18265323107396e-05,BTCUSDT
2024-01-17 01:00:00,0.0,BTCUSDT
2024-01-17 02:00:00,0.0,BTCUSDT
2024-01-17 03:00:00,0.0,BTCUSDT
2024-01-17 04:00:00,0.0,BTCUSDT
2024-01-17 05:00:00,0.0,BTCUSDT
2024-01-17 06:00:00,0.0,BTCUSDT
2024-01-17 07:00:00,0.0,BTCUSDT
2024-01-17 08:00:00,-0.00016404664140412848,BTCUSDT
2024-01-17 09:00:00,0.0,BTCUSDT
2024-01-17 10:00:00,0.0,BTCUSDT
2024-01-17 11:00:00,0.0,BTCUSDT
2024-01-17 12:00:00,0.0,BTCUSDT
2024-01-17 13:00:00,0.0,BTCUSDT
2024-01-17 14:00:00,0.0,BTCUSDT
2024-01-17 15:00:00,0.0,BTCUSDT
2024-01-17 16:00:00,-0.00021888553175887347,BTCUSDT
2024-01-17 17:00:00,0.0,BTCUSDT
2024-01-17 18:00:00,0.0,BTCUSDT
2024-01-17 19:00:00,0.0,BTCUSDT
2024-01-17 20:00:00,0.0,BTCUSDT
2024-01-17 21:00:00,0.0,BTCUSDT
2024-01-17 22:00:00,0.0,BTCUSDT
2024-01-17 23:00:00,0.0,BTCUSDT
2024-01-18 00:00:00,0.00012405912634237977,BTCUSDT
2024-01-18 01:00:00,0.0,BTCUSDT
2024-01-18 02:00:00,0.0,BTCUSDT
2024-01-18 03:00:00,0.0,BTCUSDT
2024-01-18 04:00:00,0.0,BTCUSDT
2024-01-18 05:00:00,0.0,BTCUSDT
2024-01-18 06:00:00,0.0,BTCUSDT
2024-01-18 07:00:00,0.0,BTCUSDT
2024-01-18 08:00:00,0.0004102303951045046,BTCUSDT
2024-01-18 09:00:00,0.0,BTCUSDT
2024-01-18 10:00:00,0.0,BTCUSDT
2024-01-18 11:00:00,0.0,BTCUSDT
2024-01-18 12:00:00,0.0,BTCUSDT
2024-01-18 13:00:00,0.0,BTCUSDT
2024-01-18 14:00:00,0.0,BTCUSDT
2024-01-18 15:00:00,0.0,BTCUSDT
2024-01-18 16:00:00,0.0002290751899170295,BTCUSDT
2024-01-18 17:00:00,0.0,BTCUSDT
2024-01-18 18:00:00,0.0,BTCUSDT
2024-01-18 19:00:00,0.0,BTCUSDT
2024-01-18 20:00:00,0.0,BTCUSDT
2024-01-18 21:00:00,0.0,BTCUSDT
2024-01-18 22:00:00,0.0,BTCUSDT
2024-01-18 23:00:00,0.0,BTCUSDT
2024-01-19 00:00:00,4.611863311108845e-05,BTCUSDT
2024-01-19 01:00:00,0.0,BTCUSDT
2024-01-19 02:00:00,0.0,BTCUSDT
2024-01-19 03:00:00,0.0,BTCUSDT
2024-01-19 04:00:00,0.0,BTCUSDT
2024-01-19 05:00:00,0.0,BTCUSDT
2024-01-19 06:00:00,0.0,BTCUSDT
2024-01-19 07:00:00,0.0,BTCUSDT
2024-01-19 08:00:00,0.00017681308978786145,BTCUSDT
2024-01-19 09:00:00,0.0,BTCUSDT
2024-01-19 10:00:00,0.0,BTCUSDT
2024-01-19 11:00:00,0.0,BTCUSDT
2024-01-19 12:00:00,0.0,BTCUSDT
2024-01-19 13:00:00,0.0,BTCUSDT
2024-01-19 14:00:00,0.0,BTCUSDT
2024-01-19 15:00:00,0.0,BTCUSDT
2024-01-19 16:00:00,-2.773383467338702e-06,BTCUSDT
2024-01-19 17:00:00,0.0,BTCUSDT
2024-01-19 18:00:00,0.0,BTCUSDT
2024-01-19 19:00:00,0.0,BTCUSDT
2024-01-19 20:00:00,0.0,BTCUSDT
2024-01-19 21:00:00,0.0,BTCUSDT
2024-01-19 22:00:00,0.0,BTCUSDT
2024-01-19 23:00:00,0.0,BTCUSDT
2024-01-20 00:00:00,7.859392800908844e-05,BTCUSDT
2024-01-20 01:00:00,0.0,BTCUSDT
2024-01-20 02:00:00,0.0,BTCUSDT
2024-01-20 03:00:00,0.0,BTCUSDT
2024-01-20 04:00:00,0.0,BTCUSDT
2024-01-20 05:00:00,0.0,BTCUSDT
2024-01-20 06:00:00,0.0,BTCUSDT
2024-01-20 07:00:00,0.0,BTCUSDT
2024-01-20 08:00:00,7.753439006183404e-05,BTCUSDT
2024-01-20 09:00:00,0.0,BTCUSDT
2024-01-20 10:00:00,0.0,BTCUSDT
2024-01-20 11:00:00,0.0,BTCUSDT
2024-01-20 12:00:00,0.0,BTCUSDT
2024-01-20 13:00:00,0.0,BTCUSDT
2024-01-20 14:00:00,0.0,BTCUSDT
2024-01-20 15:00:00,0.0,BTCUSDT
2024-01-20 16:00:00,-0.00020303821243971047,BTCUSDT
2024-01-20 17:00:00,0.0,BTCUSDT
2024-01-20 18:00:00,0.0,BTCUSDT
2024-01-20 19:00:00,0.0,BTCUSDT
2024-01-20 20:00:00,0.0,BTCUSDT
2024-01-20 21:00:00,0.0,BTCUSDT
2024-01-20 22:00:00,0.0,BTCUSDT
2024-01-20 23:00:00,0.0,BTCUSDT
2024-01-21 00:00:00,7.441648170384669e-05,BTCUSDT
2024-01-21 01:00:00,0.0,BTCUSDT
2024-01-21 02:00:00,0.0,BTCUSDT
2024-01-21 03:00:00,0.0,BTCUSDT
2024-01-21 04:00:00,0.0,BTCUSDT
2024-01-21 05:00:00,0.0,BTCUSDT
2024-01-21 06:00:00,0.0,BTCUSDT
2024-01-21 07:00:00,0.0,BTCUSDT
2024-01-21 08:00:00,0.000437428327014513,BTCUSDT
2024-01-21 09:00:00,0.0,BTCUSDT
2024-01-21 10:00:00,0.0,BTCUSDT
2024-01-21 11:00:00,0.0,BTCUSDT
2024-01-21 12:00:00,0.0,BTCUSDT
2024-01-21 13:00:00,0.0,BTCUSDT
2024-01-21 14:00:00,0.0,BTCUSDT
2024-01-21 15:00:00,0.0,BTCUSDT
2024-01-21 16:00:00,-0.00010744923086529127,BTCUSDT
2024-01-21 17:00:00,0.0,BTCUSDT
2024-01-21 18:00:00,0.0,BTCUSDT
2024-01-21 19:00:00,0.0,BTCUSDT
2024-01-21 20:00:00,0.0,BTCUSDT
2024-01-21 21:00:00,0.0,BTCUSDT
2024-01-21 22:00:00,0.0,BTCUSDT
2024-01-21 23:00:00,0.0,BTCUSDT
2024-01-22 00:00:00,-3.01285138243654e-05,BTCUSDT
2024-01-22 01:00:00,0.0,BTCUSDT
2024-01-22 02:00:00,0.0,BTCUSDT
2024-01-22 03:00:00,0.0,BTCUSDT
2024-01-22 04:00:00,0.0,BTCUSDT
2024-01-22 05:00:00,0.0,BTCUSDT
2024-01-22 06:00:00,0.0,BTCUSDT
2024-01-22 07:00:00,0.0,BTCUSDT
2024-01-22 08:00:00,5.2210390626718055e-05,BTCUSDT
2024-01-22 09:00:00,0.0,BTCUSDT
2024-01-22 10:00:00,0.0,BTCUSDT
2024-01-22 11:00:00,0.0,BTCUSDT
2024-01-22 12:00:00,0.0,BTCUSDT
2024-01-22 13:00:00,0.0,BTCUSDT
2024-01-22 14:00:00,0.0,BTCUSDT
2024-01-22 15:00:00,0.0,BTCUSDT
2024-01-22 16:00:00,-0.0002338810562242744,BTCUSDT
2024-01-22 17:00:00,0.0,BTCUSDT
2024-01-22 18:00:00,0.0,BTCUSDT
2024-01-22 19:00:00,0.0,BTCUSDT
2024-01-22 20:00:00,0.0,BTCUSDT
2024-01-22 21:00:00,0.0,BTCUSDT
2024-01-22 22:00:00,0.0,BTCUSDT
2024-01-22 23:00:00,0.0,BTCUSDT
2024-01-23 00:00:00,0.00015194450034429637,BTCUSDT
2024-01-23 01:00:00,0.0,BTCUSDT
2024-01-23 02:00:00,0.0,BTCUSDT
2024-01-23 03:00:00,0.0,BTCUSDT
2024-01-23 04:00:00,0.0,BTCUSDT
2024-01-23 05:00:00,0.0,BTCUSDT
2024-01-23 06:00:00,0.0,BTCUSDT
2024-01-23 07:00:00,0.0,BTCUSDT
2024-01-23 08:00:00,-7.20826730567905e-05,BTCUSDT
2024-01-23 09:00:00,0.0,BTCUSDT
2024-01-23 10:00:00,0.0,BTCUSDT
2024-01-23 11:00:00,0.0,BTCUSDT
2024-01-23 12:00:00,0.0,BTCUSDT
2024-01-23 13:00:00,0.0,BTCUSDT
2024-01-23 14:00:00,0.0,BTCUSDT
2024-01-23 15:00:00,0.0,BTCUSDT
2024-01-23 16:00:00,-0.00039432890002545786,BTCUSDT
2024-01-23 17:00:00,0.0,BTCUSDT
2024-01-23 18:00:00,0.0,BTCUSDT
2024-01-23 19:00:00,0.0,BTCUSDT
2024-01-23 20:00:00,0.0,BTCUSDT
2024-01-23 21:00:00,0.0,BTCUSDT
2024-01-23 22:00:00,0.0,BTCUSDT
2024-01-23 23:00:00,0.0,BTCUSDT
2024-01-24 00:00:00,0.0003335564123319615,BTCUSDT
2024-01-24 01:00:00,0.0,BTCUSDT
2024-01-24 02:00:00,0.0,BTCUSDT
2024-01-24 03:00:00,0.0,BTCUSDT
2024-01-24 04:00:00,0.0,BTCUSDT
2024-01-24 05:00:00,0.0,BTCUSDT
2024-01-24 06:00:00,0.0,BTCUSDT
2024-01-24 07:00:00,0.0,BTCUSDT
2024-01-24 08:00:00,0.0001579549713792826,BTCUSDT
2024-01-24 09:00:00,0.0,BTCUSDT
2024-01-24 10:00:00,0.0,BTCUSDT
2024-01-24 11:00:00,0.0,BTCUSDT
2024-01-24 12:00:00,0.0,BTCUSDT
2024-01-24 13:00:00,0.0,BTCUSDT
2024-01-24 14:00:00,0.0,BTCUSDT
2024-01-24 15:00:00,0.0,BTCUSDT
2024-01-24 16:00:00,-0.00027415838420517114,BTCUSDT
2024-01-24 17:00:00,0.0,BTCUSDT
2024-01-24 18:00:00,0.0,BTCUSDT
2024-01-24 19:00:00,0.0,BTCUSDT
2024-01-24 20:00:00,0.0,BTCUSDT
2024-01-24 21:00:00,0.0,BTCUSDT
2024-01-24 22:00:00,0.0,BTCUSDT
2024-01-24 23:00:00,0.0,BTCUSDT
2024-01-25 00:00:00,0.0001471229116217132,BTCUSDT
2024-01-25 01:00:00,0.0,BTCUSDT
2024-01-25 02:00:00,0.0,BTCUSDT
2024-01-25 03:00:00,0.0,BTCUSDT
2024-01-25 04:00:00,0.0,BTCUSDT
2024-01-25 05:00:00,0.0,BTCUSDT
2024-01-25 06:00:00,0.0,BTCUSDT
2024-01-25 07:00:00,0.0,BTCUSDT
2024-01-25 08:00:00,0.00013637325101169905,BTCUSDT
2024-01-25 09:00:00,0.0,BTCUSDT
2024-01-25 10:00:00,0.0,BTCUSDT
2024-01-25 11:00:00,0.0,BTCUSDT
2024-01-25 12:00:00,0.0,BTCUSDT
2024-01-25 13:00:00,0.0,BTCUSDT
2024-01-25 14:00:00,0.0,BTCUSDT
2024-01-25 15:00:00,0.0,BTCUSDT
2024-01-25 16:00:00,0.0001957959651492784,BTCUSDT
2024-01-25 17:00:00,0.0,BTCUSDT
2024-01-25 18:00:00,0.0,BTCUSDT
2024-01-25 19:00:00,0.0,BTCUSDT
2024-01-25 20:00:00,0.0,BTCUSDT
2024-01-25 21:00:00,0.0,BTCUSDT
2024-01-25 22:00:00,0.0,BTCUSDT
2024-01-25 23:00:00,0.0,BTCUSDT
2024-01-26 00:00:00,0.0002513977233290704,BTCUSDT
2024-01-26 01:00:00,0.0,BTCUSDT
2024-01-26 02:00:00,0.0,BTCUSDT
2024-01-26 03:00:00,0.0,BTCUSDT
2024-01-26 04:00:00,0.0,BTCUSDT
2024-01-26 05:00:00,0.0,BTCUSDT
2024-01-26 06:00:00,0.0,BTCUSDT
2024-01-26 07:00:00,0.0,BTCUSDT
2024-01-26 08:00:00,-0.00025574404978085573,BTCUSDT
2024-01-26 09:00:00,0.0,BTCUSDT
2024-01-26 10:00:00,0.0,BTCUSDT
2024-01-26 11:00:00,0.0,BTCUSDT
2024-01-26 12:00:00,0.0,BTCUSDT
2024-01-26 13:00:00,0.0,BTCUSDT
2024-01-26 14:00:00,0.0,BTCUSDT
2024-01-26 15:00:00,0.0,BTCUSDT
2024-01-26 16:00:00,0.00012187895892097858,BTCUSDT
2024-01-26 17:00:00,0.0,BTCUSDT
2024-01-26 18:00:00,0.0,BTCUSDT
2024-01-26 19:00:00,0.0,BTCUSDT
2024-01-26 20:00:00,0.0,BTCUSDT
2024-01-26 21:00:00,0.0,BTCUSDT
2024-01-26 22:00:00,0.0,BTCUSDT
2024-01-26 23:00:00,0.0,BTCUSDT
2024-01-27 00:00:00,0.0004186373253278794,BTCUSDT
2024-01-27 01:00:00,0.0,BTCUSDT
2024-01-27 02:00:00,0.0,BTCUSDT
2024-01-27 03:00:00,0.0,BTCUSDT
2024-01-27 04:00:00,0.0,BTCUSDT
2024-01-27 05:00:00,0.0,BTCUSDT
2024-01-27 06:00:00,0.0,BTCUSDT
2024-01-27 07:00:00,0.0,BTCUSDT
2024-01-27 08:00:00,6.839842028420211e-05,BTCUSDT
2024-01-27 09:00:00,0.0,BTCUSDT
2024-01-27 10:00:00,0.0,BTCUSDT
2024-01-27 11:00:00,0.0,BTCUSDT
2024-01-27 12:00:00,0.0,BTCUSDT
2024-01-27 13:00:00,0.0,BTCUSDT
2024-01-27 14:00:00,0.0,BTCUSDT
2024-01-27 15:00:00,0.0,BTCUSDT
2024-01-27 16:00:00,3.284306014197435e-05,BTCUSDT
2024-01-27 17:00:00,0.0,BTCUSDT
2024-01-27 18:00:00,0.0,BTCUSDT
2024-01-27 19:00:00,0.0,BTCUSDT
2024-01-27 20:00:00,0.0,BTCUSDT
2024-01-27 21:00:00,0.0,BTCUSDT
2024-01-27 22:00:00,0.0,BTCUSDT
2024-01-27 23:00:00,0.0,BTCUSDT
2024-01-28 00:00:00,5.381309395826441e-05,BTCUSDT
2024-01-28 01:00:00,0.0,BTCUSDT
2024-01-28 02:00:00,0.0,BTCUSDT
2024-01-28 03:00:00,0.0,BTCUSDT
2024-01-28 04:00:00,0.0,BTCUSDT
2024-01-28 05:00:00,0.0,BTCUSDT
2024-01-28 06:00:00,0.0,BTCUSDT
2024-01-28 07:00:00,0.0,BTCUSDT
2024-01-28 08:00:00,0.00010278585838258925,BTCUSDT
2024-01-28 09:00:00,0.0,BTCUSDT
2024-01-28 10:00:00,0.0,BTCUSDT
2024-01-28 11:00:00,0.0,BTCUSDT
2024-01-28 12:00:00,0.0,BTCUSDT
2024-01-28 13:00:00,0.0,BTCUSDT
2024-01-28 14:00:00,0.0,BTCUSDT
2024-01-28 15:00:00,0.0,BTCUSDT
2024-01-28 16:00:00,-4.256915653543288e-05,BTCUSDT
2024-01-28 17:00:00,0.0,BTCUSDT
2024-01-28 18:00:00,0.0,BTCUSDT
2024-01-28 19:00:00,0.0,BTCUSDT
2024-01-28 20:00:00,0.0,BTCUSDT
2024-01-28 21:00:00,0.0,BTCUSDT
2024-01-28 22:00:00,0.0,BTCUSDT
2024-01-28 23:00:00,0.0,BTCUSDT
2024-01-29 00:00:00,3.1462481183930244e-05,BTCUSDT
2024-01-29 01:00:00,0.0,BTCUSDT
2024-01-29 02:00:00,0.0,BTCUSDT
2024-01-29 03:00:00,0.0,BTCUSDT
2024-01-29 04:00:00,0.0,BTCUSDT
2024-01-29 05:00:00,0.0,BTCUSDT
2024-01-29 06:00:00,0.0,BTCUSDT
2024-01-29 07:00:00,0.0,BTCUSDT
2024-01-29 08:00:00,0.00024433441280864704,BTCUSDT
2024-01-29 09:00:00,0.0,BTCUSDT
2024-01-29 10:00:00,0.0,BTCUSDT
2024-01-29 11:00:00,0.0,BTCUSDT
2024-01-29 12:00:00,0.0,BTCUSDT
2024-01-29 13:00:00,0.0,BTCUSDT
2024-01-29 14:00:00,0.0,BTCUSDT
2024-01-29 15:00:00,0.0,BTCUSDT
2024-01-29 16:00:00,0.0002421919936406983,BTCUSDT
2024-01-29 17:00:00,0.0,BTCUSDT
2024-01-29 18:00:00,0.0,BTCUSDT
2024-01-29 19:00:00,0.0,BTCUSDT
2024-01-29 20:00:00,0.0,BTCUSDT
2024-01-29 21:00:00,0.0,BTCUSDT
2024-01-29 22:00:00,0.0,BTCUSDT
2024-01-29 23:00:00,0.0,BTCUSDT
2024-01-30 00:00:00,0.0001652266044484236,BTCUSDT
2024-01-30 01:00:00,0.0,BTCUSDT
2024-01-30 02:00:00,0.0,BTCUSDT
2024-01-30 03:00:00,0.0,BTCUSDT
2024-01-30 04:00:00,0.0,BTCUSDT
2024-01-30 05:00:00,0.0,BTCUSDT
2024-01-30 06:00:00,0.0,BTCUSDT
2024-01-30 07:00:00,0.0,BTCUSDT
2024-01-30 08:00:00,-0.00021132583470478077,BTCUSDT
2024-01-30 09:00:00,0.0,BTCUSDT
2024-01-30 10:00:00,0.0,BTCUSDT
2024-01-30 11:00:00,0.0,BTCUSDT
2024-01-30 12:00:00,0.0,BTCUSDT
2024-01-30 13:00:00,0.0,BTCUSDT
2024-01-30 14:00:00,0.0,BTCUSDT
2024-01-30 15:00:00,0.0,BTCUSDT
2024-01-30 16:00:00,-8.98381736178995e-06,BTCUSDT
2024-01-30 17:00:00,0.0,BTCUSDT
2024-01-30 18:00:00,0.0,BTCUSDT
2024-01-30 19:00:00,0.0,BTCUSDT
2024-01-30 20:00:00,0.0,BTCUSDT
2024-01-30 21:00:00,0.0,BTCUSDT
2024-01-30 22:00:00,0.0,BTCUSDT
2024-01-30 23:00:00,0.0,BTCUSDT
2024-01-31 00:00:00,0.00016156035377841183,BTCUSDT
2024-01-31 01:00:00,0.0,BTCUSDT
2024-01-31 02:00:00,0.0,BTCUSDT
2024-01-31 03:00:00,0.0,BTCUSDT
2024-01-31 04:00:00,0.0,BTCUSDT
2024-01-31 05:00:00,0.0,BTCUSDT
2024-01-31 06:00:00,0.0,BTCUSDT
2024-01-31 07:00:00,0.0,BTCUSDT
2024-01-31 08:00:00,-7.951936061872307e-06,BTCUSDT
2024-01-31 09:00:00,0.0,BTCUSDT
2024-01-31 10:00:00,0.0,BTCUSDT
2024-01-31 11:00:00,0.0,BTCUSDT
2024-01-31 12:00:00,0.0,BTCUSDT
2024-01-31 13:00:00,0.0,BTCUSDT
2024-01-31 14:00:00,0.0,BTCUSDT
2024-01-31 15:00:00,0.0,BTCUSDT
2024-01-31 16:00:00,0.00015120594686277513,BTCUSDT
2024-01-31 17:00:00,0.0,BTCUSDT
2024-01-31 18:00:00,0.0,BTCUSDT
2024-01-31 19:00:00,0.0,BTCUSDT
2024-01-31 20:00:00,0.0,BTCUSDT
2024-01-31 21:00:00,0.0,BTCUSDT
2024-01-31 22:00:00,0.0,BTCUSDT
2024-01-31 23:00:00,0.0,BTCUSDT
2024-02-01 00:00:00,0.00020353180409382463,BTCUSDT
2024-02-01 01:00:00,0.0,BTCUSDT
2024-02-01 02:00:00,0.0,BTCUSDT
2024-02-01 03:00:00,0.0,BTCUSDT
2024-02-01 04:00:00,0.0,BTCUSDT
2024-02-01 05:00:00,0.0,BTCUSDT
2024-02-01 06:00:00,0.0,BTCUSDT
2024-02-01 07:00:00,0.0,BTCUSDT
2024-02-01 08:00:00,-9.517465059546655e-05,BTCUSDT
2024-02-01 09:00:00,0.0,BTCUSDT
2024-02-01 10:00:00,0.0,BTCUSDT
2024-02-01 11:00:00,0.0,BTCUSDT
2024-02-01 12:00:00,0.0,BTCUSDT
2024-02-01 13:00:00,0.0,BTCUSDT
2024-02-01 14:00:00,0.0,BTCUSDT
2024-02-01 15:00:00,0.0,BTCUSDT
2024-02-01 16:00:00,-1.5127565247554782e-05,BTCUSDT
2024-02-01 17:00:00,0.0,BTCUSDT
2024-02-01 18:00:00,0.0,BTCUSDT
2024-02-01 19:00:00,0.0,BTCUSDT
2024-02-01 20:00:00,0.0,BTCUSDT
2024-02-01 21:00:00,0.0,BTCUSDT
2024-02-01 22:00:00,0.0,BTCUSDT
2024-02-01 23:00:00,0.0,BTCUSDT
2024-02-02 00:00:00,-2.5393411557553478e-05,BTCUSDT
2024-02-02 01:00:00,0.0,BTCUSDT
2024-02-02 02:00:00,0.0,BTCUSDT
2024-02-02 03:00:00,0.0,BTCUSDT
2024-02-02 04:00:00,0.0,BTCUSDT
2024-02-02 05:00:00,0.0,BTCUSDT
2024-02-02 06:00:00,0.0,BTCUSDT
2024-02-02 07:00:00,0.0,BTCUSDT
2024-02-02 08:00:00,-4.5427435164973714e-05,BTCUSDT
2024-02-02 09:00:00,0.0,BTCUSDT
2024-02-02 10:00:00,0.0,BTCUSDT
2024-02-02 11:00:00,0.0,BTCUSDT
2024-02-02 12:00:00,0.0,BTCUSDT
2024-02-02 13:00:00,0.0,BTCUSDT
2024-02-02 14:00:00,0.0,BTCUSDT
2024-02-02 15:00:00,0.0,BTCUSDT
2024-02-02 16:00:00,0.00021195808958620796,BTCUSDT
2024-02-02 17:00:00,0.0,BTCUSDT
2024-02-02 18:00:00,0.0,BTCUSDT
2024-02-02 19:00:00,0.0,BTCUSDT
2024-02-02 20:00:00,0.0,BTCUSDT
2024-02-02 21:00:00,0.0,BTCUSDT
2024-02-02 22:00:00,0.0,BTCUSDT
2024-02-02 23:00:00,0.0,BTCUSDT
2024-02-03 00:00:00,0.0001543157674390747,BTCUSDT
2024-02-03 01:00:00,0.0,BTCUSDT
2024-02-03 02:00:00,0.0,BTCUSDT
2024-02-03 03:00:00,0.0,BTCUSDT
2024-02-03 04:00:00,0.0,BTCUSDT
2024-02-03 05:00:00,0.0,BTCUSDT
2024-02-03 06:00:00,0.0,BTCUSDT
2024-02-03 07:00:00,0.0,BTCUSDT
2024-02-03 08:00:00,0.00028765676119519955,BTCUSDT
2024-02-03 09:00:00,0.0,BTCUSDT
2024-02-03 10:00:00,0.0,BTCUSDT
2024-02-03 11:00:00,0.0,BTCUSDT
2024-02-03 12:00:00,0.0,BTCUSDT
2024-02-03 13:00:00,0.0,BTCUSDT
2024-02-03 14:00:00,0.0,BTCUSDT
2024-02-03 15:00:00,0.0,BTCUSDT
2024-02-03 16:00:00,0.0003511512251147042,BTCUSDT
2024-02-03 17:00:00,0.0,BTCUSDT
2024-02-03 18:00:00,0.0,BTCUSDT
2024-02-03 19:00:00,0.0,BTCUSDT
2024-02-03 20:00:00,0.0,BTCUSDT
2024-02-03 21:00:00,0.0,BTCUSDT
2024-02-03 22:00:00,0.0,BTCUSDT
2024-02-03 23:00:00,0.0,BTCUSDT
2024-02-04 00:00:00,0.00015341005317385178,BTCUSDT
2024-02-04 01:00:00,0.0,BTCUSDT
2024-02-04 02:00:00,0.0,BTCUSDT
2024-02-04 03:00:00,0.0,BTCUSDT
2024-02-04 04:00:00,0.0,BTCUSDT
2024-02-04 05:00:00,0.0,BTCUSDT
2024-02-04 06:00:00,0.0,BTCUSDT
2024-02-04 07:00:00,0.0,BTCUSDT
2024-02-04 08:00:00,1.0899495719845644e-05,BTCUSDT
2024-02-04 09:00:00,0.0,BTCUSDT
2024-02-04 10:00:00,0.0,BTCUSDT
2024-02-04 11:00:00,0.0,BTCUSDT
2024-02-04 12:00:00,0.0,BTCUSDT
2024-02-04 13:00:00,0.0,BTCUSDT
2024-02-04 14:00:00,0.0,BTCUSDT
2024-02-04 15:00:00,0.0,BTCUSDT
2024-02-04 16:00:00,-0.00010082815335041359,BTCUSDT
2024-02-04 17:00:00,0.0,BTCUSDT
2024-02-04 18:00:00,0.0,BTCUSDT
2024-02-04 19:00:00,0.0,BTCUSDT
2024-02-04 20:00:00,0.0,BTCUSDT
2024-02-04 21:00:00,0.0,BTCUSDT
2024-02-04 22:00:00,0.0,BTCUSDT
2024-02-04 23:00:00,0.0,BTCUSDT
2024-02-05 00:00:00,9.010725806951341e-05,BTCUSDT
2024-02-05 01:00:00,0.0,BTCUSDT
2024-02-05 02:00:00,0.0,BTCUSDT
2024-02-05 03:00:00,0.0,BTCUSDT
2024-02-05 04:00:00,0.0,BTCUSDT
2024-02-05 05:00:00,0.0,BTCUSDT
2024-02-05 06:00:00,0.0,BTCUSDT
2024-02-05 07:00:00,0.0,BTCUSDT
2024-02-05 08:00:00,-2.7547996850263182e-05,BTCUSDT
2024-02-05 09:00:00,0.0,BTCUSDT
2024-02-05 10:00:00,0.0,BTCUSDT
2024-02-05 11:00:00,0.0,BTCUSDT
2024-02-05 12:00:00,0.0,BTCUSDT
2024-02-05 13:00:00,0.0,BTCUSDT
2024-02-05 14:00:00,0.0,BTCUSDT
2024-02-05 15:00:00,0.0,BTCUSDT
2024-02-05 16:00:00,-6.647111462084575e-05,BTCUSDT
2024-02-05 17:00:00,0.0,BTCUSDT
2024-02-05 18:00:00,0.0,BTCUSDT
2024-02-05 19:00:00,0.0,BTCUSDT
2024-02-05 20:00:00,0.0,BTCUSDT
2024-02-05 21:00:00,0.0,BTCUSDT
2024-02-05 22:00:00,0.0,BTCUSDT
2024-02-05 23:00:00,0.0,BTCUSDT
2024-02-06 00:00:00,-2.255773809687726e-05,BTCUSDT
2024-02-06 01:00:00,0.0,BTCUSDT
2024-02-06 02:00:00,0.0,BTCUSDT
2024-02-06 03:00:00,0.0,BTCUSDT
2024-02-06 04:00:00,0.0,BTCUSDT
2024-02-06 05:00:00,0.0,BTCUSDT
2024-02-06 06:00:00,0.0,BTCUSDT
2024-02-06 07:00:00,0.0,BTCUSDT
2024-02-06 08:00:00,-0.00017586384560290547,BTCUSDT
2024-02-06 09:00:00,0.0,BTCUSDT
2024-02-06 10:00:00,0.0,BTCUSDT
2024-02-06 11:00:00,0.0,BTCUSDT
2024-02-06 12:00:00,0.0,BTCUSDT
2024-02-06 13:00:00,0.0,BTCUSDT
2024-02-06 14:00:00,0.0,BTCUSDT
2024-02-06 15:00:00,0.0,BTCUSDT
2024-02-06 16:00:00,0.0006053864851747244,BTCUSDT
2024-02-06 17:00:00,0.0,BTCUSDT
2024-02-06 18:00:00,0.0,BTCUSDT
2024-02-06 19:00:00,0.0,BTCUSDT
2024-02-06 20:00:00,0.0,BTCUSDT
2024-02-06 21:00:00,0.0,BTCUSDT
2024-02-06 22:00:00,0.0,BTCUSDT
2024-02-06 23:00:00,0.0,BTCUSDT
2024-02-07 00:00:00,0.00021813096613846185,BTCUSDT
2024-02-07 01:00:00,0.0,BTCUSDT
2024-02-07 02:00:00,0.0,BTCUSDT
2024-02-07 03:00:00,0.0,BTCUSDT
2024-02-07 04:00:00,0.0,BTCUSDT
2024-02-07 05:00:00,0.0,BTCUSDT
2024-02-07 06:00:00,0.0,BTCUSDT
2024-02-07 07:00:00,0.0,BTCUSDT
2024-02-07 08:00:00,6.657638393662913e-05,BTCUSDT
2024-02-07 09:00:00,0.0,BTCUSDT
2024-02-07 10:00:00,0.0,BTCUSDT
2024-02-07 11:00:00,0.0,BTCUSDT
2024-02-07 12:00:00,0.0,BTCUSDT
2024-02-07 13:00:00,0.0,BTCUSDT
2024-02-07 14:00:00,0.0,BTCUSDT
2024-02-07 15:00:00,0.0,BTCUSDT
2024-02-07 16:00:00,0.00013821981360398068,BTCUSDT
2024-02-07 17:00:00,0.0,BTCUSDT
2024-02-07 18:00:00,0.0,BTCUSDT
2024-02-07 19:00:00,0.0,BTCUSDT
2024-02-07 20:00:00,0.0,BTCUSDT
2024-02-07 21:00:00,0.0,BTCUSDT
2024-02-07 22:00:00,0.0,BTCUSDT
2024-02-07 23:00:00,0.0,BTCUSDT
2024-02-08 00:00:00,0.00014987673674215105,BTCUSDT
2024-02-08 01:00:00,0.0,BTCUSDT
2024-02-08 02:00:00,0.0,BTCUSDT
2024-02-08 03:00:00,0.0,BTCUSDT
2024-02-08 04:00:00,0.0,BTCUSDT
2024-02-08 05:00:00,0.0,BTCUSDT
2024-02-08 06:00:00,0.0,BTCUSDT
2024-02-08 07:00:00,0.0,BTCUSDT
2024-02-08 08:00:00,0.00031472634997195445,BTCUSDT
2024-02-08 09:00:00,0.0,BTCUSDT
2024-02-08 10:00:00,0.0,BTCUSDT
2024-02-08 11:00:00,0.0,BTCUSDT
2024-02-08 12:00:00,0.0,BTCUSDT
2024-02-08 13:00:00,0.0,BTCUSDT
2024-02-08 14:00:00,0.0,BTCUSDT
2024-02-08 15:00:00,0.0,BTCUSDT
2024-02-08 16:00:00,0.0004131048058468681,BTCUSDT
2024-02-08 17:00:00,0.0,BTCUSDT
2024-02-08 18:00:00,0.0,BTCUSDT
2024-02-08 19:00:00,0.0,BTCUSDT
2024-02-08 20:00:00,0.0,BTCUSDT
2024-02-08 21:00:00,0.0,BTCUSDT
2024-02-08 22:00:00,0.0,BTCUSDT
2024-02-08 23:00:00,0.0,BTCUSDT
2024-02-09 00:00:00,-0.00010424656342614265,BTCUSDT
2024-02-09 01:00:00,0.0,BTCUSDT
2024-02-09 02:00:00,0.0,BTCUSDT
2024-02-09 03:00:00,0.0,BTCUSDT
2024-02-09 04:00:00,0.0,BTCUSDT
2024-02-09 05:00:00,0.0,BTCUSDT
2024-02-09 06:00:00,0.0,BTCUSDT
2024-02-09 07:00:00,0.0,BTCUSDT
2024-02-09 08:00:00,0.0004693273992095332,BTCUSDT
2024-02-09 09:00:00,0.0,BTCUSDT
2024-02-09 10:00:00,0.0,BTCUSDT
2024-02-09 11:00:00,0.0,BTCUSDT
2024-02-09 12:00:00,0.0,BTCUSDT
2024-02-09 13:00:00,0.0,BTCUSDT
2024-02-09 14:00:00,0.0,BTCUSDT
2024-02-09 15:00:00,0.0,BTCUSDT
2024-02-09 16:00:00,-0.00015030788483808884,BTCUSDT
2024-02-09 17:00:00,0.0,BTCUSDT
2024-02-09 18:00:00,0.0,BTCUSDT
2024-02-09 19:00:00,0.0,BTCUSDT
2024-02-09 20:00:00,0.0,BTCUSDT
2024-02-09 21:00:00,0.0,BTCUSDT
2024-02-09 22:00:00,0.0,BTCUSDT
2024-02-09 23:00:00,0.0,BTCUSDT
2024-02-10 00:00:00,0.0002285445519735088,BTCUSDT
2024-02-10 01:00:00,0.0,BTCUSDT
2024-02-10 02:00:00,0.0,BTCUSDT
2024-02-10 03:00:00,0.0,BTCUSDT
2024-02-10 04:00:00,0.0,BTCUSDT
2024-02-10 05:00:00,0.0,BTCUSDT
2024-02-10 06:00:00,0.0,BTCUSDT
2024-02-10 07:00:00,0.0,BTCUSDT
2024-02-10 08:00:00,9.196840987113132e-05,BTCUSDT
2024-02-10 09:00:00,0.0,BTCUSDT
2024-02-10 10:00:00,0.0,BTCUSDT
2024-02-10 11:00:00,0.0,BTCUSDT
2024-02-10 12:00:00,0.0,BTCUSDT
2024-02-10 13:00:00,0.0,BTCUSDT
2024-02-10 14:00:00,0.0,BTCUSDT
2024-02-10 15:00:00,0.0,BTCUSDT
2024-02-10 16:00:00,9.538736150184663e-06,BTCUSDT
2024-02-10 17:00:00,0.0,BTCUSDT
2024-02-10 18:00:00,0.0,BTCUSDT
2024-02-10 19:00:00,0.0,BTCUSDT
2024-02-10 20:00:00,0.0,BTCUSDT
2024-02-10 21:00:00,0.0,BTCUSDT
2024-02-10 22:00:00,0.0,BTCUSDT
2024-02-10 23:00:00,0.0,BTCUSDT
2024-02-11 00:00:00,9.927949218188632e-05,BTCUSDT
2024-02-11 01:00:00,0.0,BTCUSDT
2024-02-11 02:00:00,0.0,BTCUSDT
2024-02-11 03:00:00,0.0,BTCUSDT
2024-02-11 04:00:00,0.0,BTCUSDT
2024-02-11 05:00:00,0.0,BTCUSDT
2024-02-11 06:00:00,0.0,BTCUSDT
2024-02-11 07:00:00,0.0,BTCUSDT
2024-02-11 08:00:00,5.0564523495880616e-05,BTCUSDT
2024-02-11 09:00:00,0.0,BTCUSDT
2024-02-11 10:00:00,0.0,BTCUSDT
2024-02-11 11:00:00,0.0,BTCUSDT
2024-02-11 12:00:00,0.0,BTCUSDT
2024-02-11 13:00:00,0.0,BTCUSDT
2024-02-11 14:00:00,0.0,BTCUSDT
2024-02-11 15:00:00,0.0,BTCUSDT
2024-02-11 16:00:00,0.00037987108731720045,BTCUSDT
2024-02-11 17:00:00,0.0,BTCUSDT
2024-02-11 18:00:00,0.0,BTCUSDT
2024-02-11 19:00:00,0.0,BTCUSDT
2024-02-11 20:00:00,0.0,BTCUSDT
2024-02-11 21:00:00,0.0,BTCUSDT
2024-02-11 22:00:00,0.0,BTCUSDT
2024-02-11 23:00:00,0.0,BTCUSDT
2024-02-12 00:00:00,0.00030991054306386703,BTCUSDT
2024-02-12 01:00:00,0.0,BTCUSDT
2024-02-12 02:00:00,0.0,BTCUSDT
2024-02-12 03:00:00,0.0,BTCUSDT
2024-02-12 04:00:00,0.0,BTCUSDT
2024-02-12 05:00:00,0.0,BTCUSDT
2024-02-12 06:00:00,0.0,BTCUSDT
2024-02-12 07:00:00,0.0,BTCUSDT
2024-02-12 08:00:00,-3.0283600722889667e-05,BTCUSDT
2024-02-12 09:00:00,0.0,BTCUSDT
2024-02-12 10:00:00,0.0,BTCUSDT
2024-02-12 11:00:00,0.0,BTCUSDT
2024-02-12 12:00:00,0.0,BTCUSDT
2024-02-12 13:00:00,0.0,BTCUSDT
2024-02-12 14:00:00,0.0,BTCUSDT
2024-02-12 15:00:00,0.0,BTCUSDT
2024-02-12 16:00:00,0.00044550863402014227,BTCUSDT
2024-02-12 17:00:00,0.0,BTCUSDT
2024-02-12 18:00:00,0.0,BTCUSDT
2024-02-12 19:00:00,0.0,BTCUSDT
2024-02-12 20:00:00,0.0,BTCUSDT
2024-02-12 21:00:00,0.0,BTCUSDT
2024-02-12 22:00:00,0.0,BTCUSDT
2024-02-12 23:00:00,0.0,BTCUSDT
2024-02-13 00:00:00,0.00017984462452105588,BTCUSDT
2024-02-13 01:00:00,0.0,BTCUSDT
2024-02-13 02:00:00,0.0,BTCUSDT
2024-02-13 03:00:00,0.0,BTCUSDT
2024-02-13 04:00:00,0.0,BTCUSDT
2024-02-13 05:00:00,0.0,BTCUSDT
2024-02-13 06:00:00,0.0,BTCUSDT
2024-02-13 07:00:00,0.0,BTCUSDT
2024-02-13 08:00:00,0.0004367855382915737,BTCUSDT
2024-02-13 09:00:00,0.0,BTCUSDT
2024-02-13 10:00:00,0.0,BTCUSDT
2024-02-13 11:00:00,0.0,BTCUSDT
2024-02-13 12:00:00,0.0,BTCUSDT
2024-02-13 13:00:00,0.0,BTCUSDT
2024-02-13 14:00:00,0.0,BTCUSDT
2024-02-13 15:00:00,0.0,BTCUSDT
2024-02-13 16:00:00,0.0003953080699451792,BTCUSDT
2024-02-13 17:00:00,0.0,BTCUSDT
2024-02-13 18:00:00,0.0,BTCUSDT
2024-02-13 19:00:00,0.0,BTCUSDT
2024-02-13 20:00:00,0.0,BTCUSDT
2024-02-13 21:00:00,0.0,BTCUSDT
2024-02-13 22:00:00,0.0,BTCUSDT
2024-02-13 23:00:00,0.0,BTCUSDT
2024-02-14 00:00:00,9.488918580171095e-05,BTCUSDT
2024-02-14 01:00:00,0.0,BTCUSDT
2024-02-14 02:00:00,0.0,BTCUSDT
2024-02-14 03:00:00,0.0,BTCUSDT
2024-02-14 04:00:00,0.0,BTCUSDT
2024-02-14 05:00:00,0.0,BTCUSDT
2024-02-14 06:00:00,0.0,BTCUSDT
2024-02-14 07:00:00,0.0,BTCUSDT
2024-02-14 08:00:00,2.7511811719373576e-05,BTCUSDT
2024-02-14 09:00:00,0.0,BTCUSDT
2024-02-14 10:00:00,0.0,BTCUSDT
2024-02-14 11:00:00,0.0,BTCUSDT
2024-02-14 12:00:00,0.0,BTCUSDT
2024-02-14 13:00:00,0.0,BTCUSDT
2024-02-14 14:00:00,0.0,BTCUSDT
2024-02-14 15:00:00,0.0,BTCUSDT
2024-02-14 16:00:00,0.00011536437821205108,BTCUSDT
2024-02-14 17:00:00,0.0,BTCUSDT
2024-02-14 18:00:00,0.0,BTCUSDT
2024-02-14 19:00:00,0.0,BTCUSDT
2024-02-14 20:00:00,0.0,BTCUSDT
2024-02-14 21:00:00,0.0,BTCUSDT
2024-02-14 22:00:00,0.0,BTCUSDT
2024-02-14 23:00:00,0.0,BTCUSDT
2024-02-15 00:00:00,3.0269573118428167e-05,BTCUSDT
2024-02-15 01:00:00,0.0,BTCUSDT
2024-02-15 02:00:00,0.0,BTCUSDT
2024-02-15 03:00:00,0.0,BTCUSDT
2024-02-15 04:00:00,0.0,BTCUSDT
2024-02-15 05:00:00,0.0,BTCUSDT
2024-02-15 06:00:00,0.0,BTCUSDT
2024-02-15 07:00:00,0.0,BTCUSDT
2024-02-15 08:00:00,4.8191570835859376e-05,BTCUSDT
2024-02-15 09:00:00,0.0,BTCUSDT
2024-02-15 10:00:00,0.0,BTCUSDT
2024-02-15 11:00:00,0.0,BTCUSDT
2024-02-15 12:00:00,0.0,BTCUSDT
2024-02-15 13:00:00,0.0,BTCUSDT
2024-02-15 14:00:00,0.0,BTCUSDT
2024-02-15 15:00:00,0.0,BTCUSDT
2024-02-15 16:00:00,0.00011572703806321812,BTCUSDT
2024-02-15 17:00:00,0.0,BTCUSDT
2024-02-15 18:00:00,0.0,BTCUSDT
2024-02-15 19:00:00,0.0,BTCUSDT
2024-02-15 20:00:00,0.0,BTCUSDT
2024-02-15 21:00:00,0.0,BTCUSDT
2024-02-15 22:00:00,0.0,BTCUSDT
2024-02-15 23:00:00,0.0,BTCUSDT
2024-02-16 00:00:00,0.00032163656334750334,BTCUSDT
2024-02-16 01:00:00,0.0,BTCUSDT
2024-02-16 02:00:00,0.0,BTCUSDT
2024-02-16 03:00:00,0.0,BTCUSDT
2024-02-16 04:00:00,0.0,BTCUSDT
2024-02-16 05:00:00,0.0,BTCUSDT
2024-02-16 06:00:00,0.0,BTCUSDT
2024-02-16 07:00:00,0.0,BTCUSDT
2024-02-16 08:00:00,0.00027401354613775083,BTCUSDT
2024-02-16 09:00:00,0.0,BTCUSDT
2024-02-16 10:00:00,0.0,BTCUSDT
2024-02-16 11:00:00,0.0,BTCUSDT
2024-02-16 12:00:00,0.0,BTCUSDT
2024-02-16 13:00:00,0.0,BTCUSDT
2024-02-16 14:00:00,0.0,BTCUSDT
2024-02-16 15:00:00,0.0,BTCUSDT
2024-02-16 16:00:00,0.0003211051865915968,BTCUSDT
2024-02-16 17:00:00,0.0,BTCUSDT
2024-02-16 18:00:00,0.0,BTCUSDT
2024-02-16 19:00:00,0.0,BTCUSDT
2024-02-16 20:00:00,0.0,BTCUSDT
2024-02-16 21:00:00,0.0,BTCUSDT
2024-02-16 22:00:00,0.0,BTCUSDT
2024-02-16 23:00:00,0.0,BTCUSDT
2024-02-17 00:00:00,8.717233068140149e-05,BTCUSDT
2024-02-17 01:00:00,0.0,BTCUSDT
2024-02-17 02:00:00,0.0,BTCUSDT
2024-02-17 03:00:00,0.0,BTCUSDT
2024-02-17 04:00:00,0.0,BTCUSDT
2024-02-17 05:00:00,0.0,BTCUSDT
2024-02-17 06:00:00,0.0,BTCUSDT
2024-02-17 07:00:00,0.0,BTCUSDT
2024-02-17 08:00:00,0.00033789409778492815,BTCUSDT
2024-02-17 09:00:00,0.0,BTCUSDT
2024-02-17 10:00:00,0.0,BTCUSDT
2024-02-17 11:00:00,0.0,BTCUSDT
2024-02-17 12:00:00,0.0,BTCUSDT
2024-02-17 13:00:00,0.0,BTCUSDT
2024-02-17 14:00:00,0.0,BTCUSDT
2024-02-17 15:00:00,0.0,BTCUSDT
2024-02-17 16:00:00,6.538563514322608e-05,BTCUSDT
2024-02-17 17:00:00,0.0,BTCUSDT
2024-02-17 18:00:00,0.0,BTCUSDT
2024-02-17 19:00:00,0.0,BTCUSDT
2024-02-17 20:00:00,0.0,BTCUSDT
2024-02-17 21:00:00,0.0,BTCUSDT
2024-02-17 22:00:00,0.0,BTCUSDT
2024-02-17 23:00:00,0.0,BTCUSDT
2024-02-18 00:00:00,-2.7792349537900435e-05,BTCUSDT
2024-02-18 01:00:00,0.0,BTCUSDT
2024-02-18 02:00:00,0.0,BTCUSDT
2024-02-18 03:00:00,0.0,BTCUSDT
2024-02-18 04:00:00,0.0,BTCUSDT
2024-02-18 05:00:00,0.0,BTCUSDT
2024-02-18 06:00:00,0.0,BTCUSDT
2024-02-18 07:00:00,0.0,BTCUSDT
2024-02-18 08:00:00,-0.00039988114297471463,BTCUSDT
2024-02-18 09:00:00,0.0,BTCUSDT
2024-02-18 10:00:00,0.0,BTCUSDT
2024-02-18 11:00:00,0.0,BTCUSDT
2024-02-18 12:00:00,0.0,BTCUSDT
2024-02-18 13:00:00,0.0,BTCUSDT
2024-02-18 14:00:00,0.0,BTCUSDT
2024-02-18 15:00:00,0.0,BTCUSDT
2024-02-18 16:00:00,0.0002189508683330572,BTCUSDT
2024-02-18 17:00:00,0.0,BTCUSDT
2024-02-18 18:00:00,0.0,BTCUSDT
2024-02-18 19:00:00,0.0,BTCUSDT
2024-02-18 20:00:00,0.0,BTCUSDT
2024-02-18 21:00:00,0.0,BTCUSDT
2024-02-18 22:00:00,0.0,BTCUSDT
2024-02-18 23:00:00,0.0,BTCUSDT
2024-02-19 00:00:00,-0.0002385913628390771,BTCUSDT
2024-02-19 01:00:00,0.0,BTCUSDT
2024-02-19 02:00:00,0.0,BTCUSDT
2024-02-19 03:00:00,0.0,BTCUSDT
2024-02-19 04:00:00,0.0,BTCUSDT
2024-02-19 05:00:00,0.0,BTCUSDT
2024-02-19 06:00:00,0.0,BTCUSDT
2024-02-19 07:00:00,0.0,BTCUSDT
2024-02-19 08:00:00,-9.792562731406752e-05,BTCUSDT
2024-02-19 09:00:00,0.0,BTCUSDT
2024-02-19 10:00:00,0.0,BTCUSDT
2024-02-19 11:00:00,0.0,BTCUSDT
2024-02-19 12:00:00,0.0,BTCUSDT
2024-02-19 13:00:00,0.0,BTCUSDT
2024-02-19 14:00:00,0.0,BTCUSDT
2024-02-19 15:00:00,0.0,BTCUSDT
2024-02-19 16:00:00,-2.027352879024274e-05,BTCUSDT
2024-02-19 17:00:00,0.0,BTCUSDT
2024-02-19 18:00:00,0.0,BTCUSDT
2024-02-19 19:00:00,0.0,BTCUSDT
2024-02-19 20:00:00,0.0,BTCUSDT
2024-02-19 21:00:00,0.0,BTCUSDT
2024-02-19 22:00:00,0.0,BTCUSDT
2024-02-19 23:00:00,0.0,BTCUSDT
2024-02-20 00:00:00,0.00012504490052958145,BTCUSDT
2024-02-20 01:00:00,0.0,BTCUSDT
2024-02-20 02:00:00,0.0,BTCUSDT
2024-02-20 03:00:00,0.0,BTCUSDT
2024-02-20 04:00:00,0.0,BTCUSDT
2024-02-20 05:00:00,0.0,BTCUSDT
2024-02-20 06:00:00,0.0,BTCUSDT
2024-02-20 07:00:00,0.0,BTCUSDT
2024-02-20 08:00:00,-0.00018052105435993875,BTCUSDT
2024-02-20 09:00:00,0.0,BTCUSDT
2024-02-20 10:00:00,0.0,BTCUSDT
2024-02-20 11:00:00,0.0,BTCUSDT
2024-02-20 12:00:00,0.0,BTCUSDT
2024-02-20 13:00:00,0.0,BTCUSDT
2024-02-20 14:00:00,0.0,BTCUSDT
2024-02-20 15:00:00,0.0,BTCUSDT
2024-02-20 16:00:00,-3.469812484877369e-05,BTCUSDT
2024-02-20 17:00:00,0.0,BTCUSDT
2024-02-20 18:00:00,0.0,BTCUSDT
2024-02-20 19:00:00,0.0,BTCUSDT
2024-02-20 20:00:00,0.0,BTCUSDT
2024-02-20 21:00:00,0.0,BTCUSDT
2024-02-20 22:00:00,0.0,BTCUSDT
2024-02-20 23:00:00,0.0,BTCUSDT
2024-02-21 00:00:00,6.294246822445835e-05,BTCUSDT
2024-02-21 01:00:00,0.0,BTCUSDT
2024-02-21 02:00:00,0.0,BTCUSDT
2024-02-21 03:00:00,0.0,BTCUSDT
2024-02-21 04:00:00,0.0,BTCUSDT
2024-02-21 05:00:00,0.0,BTCUSDT
2024-02-21 06:00:00,0.0,BTCUSDT
2024-02-21 07:00:00,0.0,BTCUSDT
2024-02-21 08:00:00,8.234359032974904e-05,BTCUSDT
2024-02-21 09:00:00,0.0,BTCUSDT
2024-02-21 10:00:00,0.0,BTCUSDT
2024-02-21 11:00:00,0.0,BTCUSDT
2024-02-21 12:00:00,0.0,BTCUSDT
2024-02-21 13:00:00,0.0,BTCUSDT
2024-02-21 14:00:00,0.0,BTCUSDT
2024-02-21 15:00:00,0.0,BTCUSDT
2024-02-21 16:00:00,2.4174451802502585e-05,BTCUSDT
2024-02-21 17:00:00,0.0,BTCUSDT
2024-02-21 18:00:00,0.0,BTCUSDT
2024-02-21 19:00:00,0.0,BTCUSDT
2024-02-21 20:00:00,0.0,BTCUSDT
2024-02-21 21:00:00,0.0,BTCUSDT
2024-02-21 22:00:00,0.0,BTCUSDT
2024-02-21 23:00:00,0.0,BTCUSDT
2024-02-22 00:00:00,0.00014675718235814954,BTCUSDT
2024-02-22 01:00:00,0.0,BTCUSDT
2024-02-22 02:00:00,0.0,BTCUSDT
2024-02-22 03:00:00,0.0,BTCUSDT
2024-02-22 04:00:00,0.0,BTCUSDT
2024-02-22 05:00:00,0.0,BTCUSDT
2024-02-22 06:00:00,0.0,BTCUSDT
2024-02-22 07:00:00,0.0,BTCUSDT
2024-02-22 08:00:00,0.0004345144773675407,BTCUSDT
2024-02-22 09:00:00,0.0,BTCUSDT
2024-02-22 10:00:00,0.0,BTCUSDT
2024-02-22 11:00:00,0.0,BTCUSDT
2024-02-22 12:00:00,0.0,BTCUSDT
2024-02-22 13:00:00,0.0,BTCUSDT
2024-02-22 14:00:00,0.0,BTCUSDT
2024-02-22 15:00:00,0.0,BTCUSDT
2024-02-22 16:00:00,0.0001338721648072156,BTCUSDT
2024-02-22 17:00:00,0.0,BTCUSDT
2024-02-22 18:00:00,0.0,BTCUSDT
2024-02-22 19:00:00,0.0,BTCUSDT
2024-02-22 20:00:00,0.0,BTCUSDT
2024-02-22 21:00:00,0.0,BTCUSDT
2024-02-22 22:00:00,0.0,BTCUSDT
2024-02-22 23:00:00,0.0,BTCUSDT
2024-02-23 00:00:00,-0.00011846255293451579,BTCUSDT
2024-02-23 01:00:00,0.0,BTCUSDT
2024-02-23 02:00:00,0.0,BTCUSDT
2024-02-23 03:00:00,0.0,BTCUSDT
2024-02-23 04:00:00,0.0,BTCUSDT
2024-02-23 05:00:00,0.0,BTCUSDT
2024-02-23 06:00:00,0.0,BTCUSDT
2024-02-23 07:00:00,0.0,BTCUSDT
2024-02-23 08:00:00,0.00012670818095645648,BTCUSDT
2024-02-23 09:00:00,0.0,BTCUSDT
2024-02-23 10:00:00,0.0,BTCUSDT
2024-02-23 11:00:00,0.0,BTCUSDT
2024-02-23 12:00:00,0.0,BTCUSDT
2024-02-23 13:00:00,0.0,BTCUSDT
2024-02-23 14:00:00,0.0,BTCUSDT
2024-02-23 15:00:00,0.0,BTCUSDT
2024-02-23 16:00:00,-0.00012067332123477473,BTCUSDT
2024-02-23 17:00:00,0.0,BTCUSDT
2024-02-23 18:00:00,0.0,BTCUSDT
2024-02-23 19:00:00,0.0,BTCUSDT
2024-02-23 20:00:00,0.0,BTCUSDT
2024-02-23 21:00:00,0.0,BTCUSDT
2024-02-23 22:00:00,0.0,BTCUSDT
2024-02-23 23:00:00,0.0,BTCUSDT
2024-02-24 00:00:00,0.00028381529659755373,BTCUSDT
2024-02-24 01:00:00,0.0,BTCUSDT
2024-02-24 02:00:00,0.0,BTCUSDT
2024-02-24 03:00:00,0.0,BTCUSDT
2024-02-24 04:00:00,0.0,BTCUSDT
2024-02-24 05:00:00,0.0,BTCUSDT
2024-02-24 06:00:00,0.0,BTCUSDT
2024-02-24 07:00:00,0.0,BTCUSDT
2024-02-24 08:00:00,0.00020730196871408073,BTCUSDT
2024-02-24 09:00:00,0.0,BTCUSDT
2024-02-24 10:00:00,0.0,BTCUSDT
2024-02-24 11:00:00,0.0,BTCUSDT
2024-02-24 12:00:00,0.0,BTCUSDT
2024-02-24 13:00:00,0.0,BTCUSDT
2024-02-24 14:00:00,0.0,BTCUSDT
2024-02-24 15:00:00,0.0,BTCUSDT
2024-02-24 16:00:00,0.00037804150980346265,BTCUSDT
2024-02-24 17:00:00,0.0,BTCUSDT
2024-02-24 18:00:00,0.0,BTCUSDT
2024-02-24 19:00:00,0.0,BTCUSDT
2024-02-24 20:00:00,0.0,BTCUSDT
2024-02-24 21:00:00,0.0,BTCUSDT
2024-02-24 22:00:00,0.0,BTCUSDT
2024-02-24 23:00:00,0.0,BTCUSDT
2024-02-25 00:00:00,0.00011132998497942143,BTCUSDT
2024-02-25 01:00:00,0.0,BTCUSDT
2024-02-25 02:00:00,0.0,BTCUSDT
2024-02-25 03:00:00,0.0,BTCUSDT
2024-02-25 04:00:00,0.0,BTCUSDT
2024-02-25 05:00:00,0.0,BTCUSDT
2024-02-25 06:00:00,0.0,BTCUSDT
2024-02-25 07:00:00,0.0,BTCUSDT
2024-02-25 08:00:00,-0.0001419389485682215,BTCUSDT
2024-02-25 09:00:00,0.0,BTCUSDT
2024-02-25 10:00:00,0.0,BTCUSDT
2024-02-25 11:00:00,0.0,BTCUSDT
2024-02-25 12:00:00,0.0,BTCUSDT
2024-02-25 13:00:00,0.0,BTCUSDT
2024-02-25 14:00:00,0.0,BTCUSDT
2024-02-25 15:00:00,0.0,BTCUSDT
2024-02-25 16:00:00,-2.2680532708187952e-05,BTCUSDT
2024-02-25 17:00:00,0.0,BTCUSDT
2024-02-25 18:00:00,0.0,BTCUSDT
2024-02-25 19:00:00,0.0,BTCUSDT
2024-02-25 20:00:00,0.0,BTCUSDT
2024-02-25 21:00:00,0.0,BTCUSDT
2024-02-25 22:00:00,0.0,BTCUSDT
2024-02-25 23:00:00,0.0,BTCUSDT
2024-02-26 00:00:00,0.00028991082708826473,BTCUSDT
2024-02-26 01:00:00,0.0,BTCUSDT
2024-02-26 02:00:00,0.0,BTCUSDT
2024-02-26 03:00:00,0.0,BTCUSDT
2024-02-26 04:00:00,0.0,BTCUSDT
2024-02-26 05:00:00,0.0,BTCUSDT
2024-02-26 06:00:00,0.0,BTCUSDT
2024-02-26 07:00:00,0.0,BTCUSDT
2024-02-26 08:00:00,0.0002082925456409576,BTCUSDT
2024-02-26 09:00:00,0.0,BTCUSDT
2024-02-26 10:00:00,0.0,BTCUSDT
2024-02-26 11:00:00,0.0,BTCUSDT
2024-02-26 12:00:00,0.0,BTCUSDT
2024-02-26 13:00:00,0.0,BTCUSDT
2024-02-26 14:00:00,0.0,BTCUSDT
2024-02-26 15:00:00,0.0,BTCUSDT
2024-02-26 16:00:00,9.69380301654009e-05,BTCUSDT
2024-02-26 17:00:00,0.0,BTCUSDT
2024-02-26 18:00:00,0.0,BTCUSDT
2024-02-26 19:00:00,0.0,BTCUSDT
2024-02-26 20:00:00,0.0,BTCUSDT
2024-02-26 21:00:00,0.0,BTCUSDT
2024-02-26 22:00:00,0.0,BTCUSDT
2024-02-26 23:00:00,0.0,BTCUSDT
2024-02-27 00:00:00,1.1343549761697933e-05,BTCUSDT
2024-02-27 01:00:00,0.0,BTCUSDT
2024-02-27 02:00:00,0.0,BTCUSDT
2024-02-27 03:00:00,0.0,BTCUSDT
2024-02-27 04:00:00,0.0,BTCUSDT
2024-02-27 05:00:00,0.0,BTCUSDT
2024-02-27 06:00:00,0.0,BTCUSDT
2024-02-27 07:00:00,0.0,BTCUSDT
2024-02-27 08:00:00,-3.38145477319833e-05,BTCUSDT
2024-02-27 09:00:00,0.0,BTCUSDT
2024-02-27 10:00:00,0.0,BTCUSDT
2024-02-27 11:00:00,0.0,BTCUSDT
2024-02-27 12:00:00,0.0,BTCUSDT
2024-02-27 13:00:00,0.0,BTCUSDT
2024-02-27 14:00:00,0.0,BTCUSDT
2024-02-27 15:00:00,0.0,BTCUSDT
2024-02-27 16:00:00,0.0002484190744018614,BTCUSDT
2024-02-27 17:00:00,0.0,BTCUSDT
2024-02-27 18:00:00,0.0,BTCUSDT
2024-02-27 19:00:00,0.0,BTCUSDT
2024-02-27 20:00:00,0.0,BTCUSDT
2024-02-27 21:00:00,0.0,BTCUSDT
2024-02-27 22:00:00,0.0,BTCUSDT
2024-02-27 23:00:00,0.0,BTCUSDT
2024-02-28 00:00:00,0.0005026774495053247,BTCUSDT
2024-02-28 01:00:00,0.0,BTCUSDT
2024-02-28 02:00:00,0.0,BTCUSDT
2024-02-28 03:00:00,0.0,BTCUSDT
2024-02-28 04:00:00,0.0,BTCUSDT
2024-02-28 05:00:00,0.0,BTCUSDT
2024-02-28 06:00:00,0.0,BTCUSDT
2024-02-28 07:00:00,0.0,BTCUSDT
2024-02-28 08:00:00,-0.00010938219653638792,BTCUSDT
2024-02-28 09:00:00,0.0,BTCUSDT
2024-02-28 10:00:00,0.0,BTCUSDT
2024-02-28 11:00:00,0.0,BTCUSDT
2024-02-28 12:00:00,0.0,BTCUSDT
2024-02-28 13:00:00,0.0,BTCUSDT
2024-02-28 14:00:00,0.0,BTCUSDT
2024-02-28 15:00:00,0.0,BTCUSDT
2024-02-28 16:00:00,3.546403223157285e-05,BTCUSDT
2024-02-28 17:00:00,0.0,BTCUSDT
2024-02-28 18:00:00,0.0,BTCUSDT
2024-02-28 19:00:00,0.0,BTCUSDT
2024-02-28 20:00:00,0.0,BTCUSDT
2024-02-28 21:00:00,0.0,BTCUSDT
2024-02-28 22:00:00,0.0,BTCUSDT
2024-02-28 23:00:00,0.0,BTCUSDT
2024-02-29 00:00:00,0.00011140262497941691,BTCUSDT
2024-02-29 01:00:00,0.0,BTCUSDT
2024-02-29 02:00:00,0.0,BTCUSDT
2024-02-29 03:00:00,0.0,BTCUSDT
2024-02-29 04:00:00,0.0,BTCUSDT
2024-02-29 05:00:00,0.0,BTCUSDT
2024-02-29 06:00:00,0.0,BTCUSDT
2024-02-29 07:00:00,0.0,BTCUSDT
2024-02-29 08:00:00,-0.00010896183880420672,BTCUSDT
2024-02-29 09:00:00,0.0,BTCUSDT
2024-02-29 10:00:00,0.0,BTCUSDT
2024-02-29 11:00:00,0.0,BTCUSDT
2024-02-29 12:00:00,0.0,BTCUSDT
2024-02-29 13:00:00,0.0,BTCUSDT
2024-02-29 14:00:00,0.0,BTCUSDT
2024-02-29 15:00:00,0.0,BTCUSDT
2024-02-29 16:00:00,0.0002720946976719491,BTCUSDT
2024-02-29 17:00:00,0.0,BTCUSDT
2024-02-29 18:00:00,0.0,BTCUSDT
2024-02-29 19:00:00,0.0,BTCUSDT
2024-02-29 20:00:00,0.0,BTCUSDT
2024-02-29 21:00:00,0.0,BTCUSDT
2024-02-29 22:00:00,0.0,BTCUSDT
2024-02-29 23:00:00,0.0,BTCUSDT
2024-03-01 00:00:00,0.00023257625373348254,BTCUSDT
2024-03-01 01:00:00,0.0,BTCUSDT
2024-03-01 02:00:00,0.0,BTCUSDT
2024-03-01 03:00:00,0.0,BTCUSDT
2024-03-01 04:00:00,0.0,BTCUSDT
2024-03-01 05:00:00,0.0,BTCUSDT
2024-03-01 06:00:00,0.0,BTCUSDT
2024-03-01 07:00:00,0.0,BTCUSDT
2024-03-01 08:00:00,0.0003476566142867271,BTCUSDT
2024-03-01 09:00:00,0.0,BTCUSDT
2024-03-01 10:00:00,0.0,BTCUSDT
2024-03-01 11:00:00,0.0,BTCUSDT
2024-03-01 12:00:00,0.0,BTCUSDT
2024-03-01 13:00:00,0.0,BTCUSDT
2024-03-01 14:00:00,0.0,BTCUSDT
2024-03-01 15:00:00,0.0,BTCUSDT
2024-03-01 16:00:00,0.00025066832422090653,BTCUSDT
2024-03-01 17:00:00,0.0,BTCUSDT
2024-03-01 18:00:00,0.0,BTCUSDT
2024-03-01 19:00:00,0.0,BTCUSDT
2024-03-01 20:00:00,0.0,BTCUSDT
2024-03-01 21:00:00,0.0,BTCUSDT
2024-03-01 22:00:00,0.0,BTCUSDT
2024-03-01 23:00:00,0.0,BTCUSDT
2024-03-02 00:00:00,-1.6104689960944545e-05,BTCUSDT
2024-03-02 01:00:00,0.0,BTCUSDT
2024-03-02 02:00:00,0.0,BTCUSDT
2024-03-02 03:00:00,0.0,BTCUSDT
2024-03-02 04:00:00,0.0,BTCUSDT
2024-03-02 05:00:00,0.0,BTCUSDT
2024-03-02 06:00:00,0.0,BTCUSDT
2024-03-02 07:00:00,0.0,BTCUSDT
2024-03-02 08:00:00,7.319656666541646e-05,BTCUSDT
2024-03-02 09:00:00,0.0,BTCUSDT
2024-03-02 10:00:00,0.0,BTCUSDT
2024-03-02 11:00:00,0.0,BTCUSDT
2024-03-02 12:00:00,0.0,BTCUSDT
2024-03-02 13:00:00,0.0,BTCUSDT
2024-03-02 14:00:00,0.0,BTCUSDT
2024-03-02 15:00:00,0.0,BTCUSDT
2024-03-02 16:00:00,0.00024447627156555426,BTCUSDT
2024-03-02 17:00:00,0.0,BTCUSDT
2024-03-02 18:00:00,0.0,BTCUSDT
2024-03-02 19:00:00,0.0,BTCUSDT
2024-03-02 20:00:00,0.0,BTCUSDT
2024-03-02 21:00:00,0.0,BTCUSDT
2024-03-02 22:00:00,0.0,BTCUSDT
2024-03-02 23:00:00,0.0,BTCUSDT
2024-03-03 00:00:00,-0.00020513126291401895,BTCUSDT
2024-03-03 01:00:00,0.0,BTCUSDT
2024-03-03 02:00:00,0.0,BTCUSDT
2024-03-03 03:00:00,0.0,BTCUSDT
2024-03-03 04:00:00,0.0,BTCUSDT
2024-03-03 05:00:00,0.0,BTCUSDT
2024-03-03 06:00:00,0.0,BTCUSDT
2024-03-03 07:00:00,0.0,BTCUSDT
2024-03-03 08:00:00,0.0005123007153272797,BTCUSDT
2024-03-03 09:00:00,0.0,BTCUSDT
2024-03-03 10:00:00,0.0,BTCUSDT
2024-03-03 11:00:00,0.0,BTCUSDT
2024-03-03 12:00:00,0.0,BTCUSDT
2024-03-03 13:00:00,0.0,BTCUSDT
2024-03-03 14:00:00,0.0,BTCUSDT
2024-03-03 15:00:00,0.0,BTCUSDT
2024-03-03 16:00:00,6.596307549501431e-05,BTCUSDT
2024-03-03 17:00:00,0.0,BTCUSDT
2024-03-03 18:00:00,0.0,BTCUSDT
2024-03-03 19:00:00,0.0,BTCUSDT
2024-03-03 20:00:00,0.0,BTCUSDT
2024-03-03 21:00:00,0.0,BTCUSDT
2024-03-03 22:00:00,0.0,BTCUSDT
2024-03-03 23:00:00,0.0,BTCUSDT
2024-03-04 00:00:00,-4.336446412056098e-05,BTCUSDT
2024-03-04 01:00:00,0.0,BTCUSDT
2024-03-04 02:00:00,0.0,BTCUSDT
2024-03-04 03:00:00,0.0,BTCUSDT
2024-03-04 04:00:00,0.0,BTCUSDT
2024-03-04 05:00:00,0.0,BTCUSDT
2024-03-04 06:00:00,0.0,BTCUSDT
2024-03-04 07:00:00,0.0,BTCUSDT
2024-03-04 08:00:00,0.0003442067391050706,BTCUSDT
2024-03-04 09:00:00,0.0,BTCUSDT
2024-03-04 10:00:00,0.0,BTCUSDT
2024-03-04 11:00:00,0.0,BTCUSDT
2024-03-04 12:00:00,0.0,BTCUSDT
2024-03-04 13:00:00,0.0,BTCUSDT
2024-03-04 14:00:00,0.0,BTCUSDT
2024-03-04 15:00:00,0.0,BTCUSDT
2024-03-04 16:00:00,2.2301156427451737e-06,BTCUSDT
2024-03-04 17:00:00,0.0,BTCUSDT
2024-03-04 18:00:00,0.0,BTCUSDT
2024-03-04 19:00:00,0.0,BTCUSDT
2024-03-04 20:00:00,0.0,BTCUSDT
2024-03-04 21:00:00,0.0,BTCUSDT
2024-03-04 22:00:00,0.0,BTCUSDT
2024-03-04 23:00:00,0.0,BTCUSDT
2024-03-05 00:00:00,0.00020272002131394332,BTCUSDT
2024-03-05 01:00:00,0.0,BTCUSDT
2024-03-05 02:00:00,0.0,BTCUSDT
2024-03-05 03:00:00,0.0,BTCUSDT
2024-03-05 04:00:00,0.0,BTCUSDT
2024-03-05 05:00:00,0.0,BTCUSDT
2024-03-05 06:00:00,0.0,BTCUSDT
2024-03-05 07:00:00,0.0,BTCUSDT
2024-03-05 08:00:00,-2.0442412072356115e-05,BTCUSDT
2024-03-05 09:00:00,0.0,BTCUSDT
2024-03-05 10:00:00,0.0,BTCUSDT
2024-03-05 11:00:00,0.0,BTCUSDT
2024-03-05 12:00:00,0.0,BTCUSDT
2024-03-05 13:00:00,0.0,BTCUSDT
2024-03-05 14:00:00,0.0,BTCUSDT
2024-03-05 15:00:00,0.0,BTCUSDT
2024-03-05 16:00:00,-7.559651735131221e-05,BTCUSDT
2024-03-05 17:00:00,0.0,BTCUSDT
2024-03-05 18:00:00,0.0,BTCUSDT
2024-03-05 19:00:00,0.0,BTCUSDT
2024-03-05 20:00:00,0.0,BTCUSDT
2024-03-05 21:00:00,0.0,BTCUSDT
2024-03-05 22:00:00,0.0,BTCUSDT
2024-03-05 23:00:00,0.0,BTCUSDT
2024-03-06 00:00:00,9.572654113031277e-05,BTCUSDT
2024-03-06 01:00:00,0.0,BTCUSDT
2024-03-06 02:00:00,0.0,BTCUSDT
2024-03-06 03:00:00,0.0,BTCUSDT
2024-03-06 04:00:00,0.0,BTCUSDT
2024-03-06 05:00:00,0.0,BTCUSDT
2024-03-06 06:00:00,0.0,BTCUSDT
2024-03-06 07:00:00,0.0,BTCUSDT
2024-03-06 08:00:00,-0.00021250917137730855,BTCUSDT
2024-03-06 09:00:00,0.0,BTCUSDT
2024-03-06 10:00:00,0.0,BTCUSDT
2024-03-06 11:00:00,0.0,BTCUSDT
2024-03-06 12:00:00,0.0,BTCUSDT
2024-03-06 13:00:00,0.0,BTCUSDT
2024-03-06 14:00:00,0.0,BTCUSDT
2024-03-06 15:00:00,0.0,BTCUSDT
2024-03-06 16:00:00,-0.00022302636318110192,BTCUSDT
2024-03-06 17:00:00,0.0,BTCUSDT
2024-03-06 18:00:00,0.0,BTCUSDT
2024-03-06 19:00:00,0.0,BTCUSDT
2024-03-06 20:00:00,0.0,BTCUSDT
2024-03-06 21:00:00,0.0,BTCUSDT
2024-03-06 22:00:00,0.0,BTCUSDT
2024-03-06 23:00:00,0.0,BTCUSDT
2024-03-07 00:00:00,0.00018576330006611462,BTCUSDT
2024-03-07 01:00:00,0.0,BTCUSDT
2024-03-07 02:00:00,0.0,BTCUSDT
2024-03-07 03:00:00,0.0,BTCUSDT
2024-03-07 04:00:00,0.0,BTCUSDT
2024-03-07 05:00:00,0.0,BTCUSDT
2024-03-07 06:00:00,0.0,BTCUSDT
2024-03-07 07:00:00,0.0,BTCUSDT
2024-03-07 08:00:00,0.00018731196083153357,BTCUSDT
2024-03-07 09:00:00,0.0,BTCUSDT
2024-03-07 10:00:00,0.0,BTCUSDT
2024-03-07 11:00:00,0.0,BTCUSDT
2024-03-07 12:00:00,0.0,BTCUSDT
2024-03-07 13:00:00,0.0,BTCUSDT
2024-03-07 14:00:00,0.0,BTCUSDT
2024-03-07 15:00:00,0.0,BTCUSDT
2024-03-07 16:00:00,6.342071177903197e-05,BTCUSDT
2024-03-07 17:00:00,0.0,BTCUSDT
2024-03-07 18:00:00,0.0,BTCUSDT
2024-03-07 19:00:00,0.0,BTCUSDT
2024-03-07 20:00:00,0.0,BTCUSDT
2024-03-07 21:00:00,0.0,BTCUSDT
2024-03-07 22:00:00,0.0,BTCUSDT
2024-03-07 23:00:00,0.0,BTCUSDT
2024-03-08 00:00:00,0.00016461585462320582,BTCUSDT
2024-03-08 01:00:00,0.0,BTCUSDT
2024-03-08 02:00:00,0.0,BTCUSDT
2024-03-08 03:00:00,0.0,BTCUSDT
2024-03-08 04:00:00,0.0,BTCUSDT
2024-03-08 05:00:00,0.0,BTCUSDT
2024-03-08 06:00:00,0.0,BTCUSDT
2024-03-08 07:00:00,0.0,BTCUSDT
2024-03-08 08:00:00,0.00015975058167313726,BTCUSDT
2024-03-08 09:00:00,0.0,BTCUSDT
2024-03-08 10:00:00,0.0,BTCUSDT
2024-03-08 11:00:00,0.0,BTCUSDT
2024-03-08 12:00:00,0.0,BTCUSDT
2024-03-08 13:00:00,0.0,BTCUSDT
2024-03-08 14:00:00,0.0,BTCUSDT
2024-03-08 15:00:00,0.0,BTCUSDT
2024-03-08 16:00:00,0.0004746595552435091,BTCUSDT
2024-03-08 17:00:00,0.0,BTCUSDT
2024-03-08 18:00:00,0.0,BTCUSDT
2024-03-08 19:00:00,0.0,BTCUSDT
2024-03-08 20:00:00,0.0,BTCUSDT
2024-03-08 21:00:00,0.0,BTCUSDT
2024-03-08 22:00:00,0.0,BTCUSDT
2024-03-08 23:00:00,0.0,BTCUSDT
2024-03-09 00:00:00,-2.870996646349239e-05,BTCUSDT
2024-03-09 01:00:00,0.0,BTCUSDT
2024-03-09 02:00:00,0.0,BTCUSDT
2024-03-09 03:00:00,0.0,BTCUSDT
2024-03-09 04:00:00,0.0,BTCUSDT
2024-03-09 05:00:00,0.0,BTCUSDT
2024-03-09 06:00:00,0.0,BTCUSDT
2024-03-09 07:00:00,0.0,BTCUSDT
2024-03-09 08:00:00,0.00010484389133455162,BTCUSDT
2024-03-09 09:00:00,0.0,BTCUSDT
2024-03-09 10:00:00,0.0,BTCUSDT
2024-03-09 11:00:00,0.0,BTCUSDT
2024-03-09 12:00:00,0.0,BTCUSDT
2024-03-09 13:00:00,0.0,BTCUSDT
2024-03-09 14:00:00,0.0,BTCUSDT
2024-03-09 15:00:00,0.0,BTCUSDT
2024-03-09 16:00:00,0.00033747721031295025,BTCUSDT
2024-03-09 17:00:00,0.0,BTCUSDT
2024-03-09 18:00:00,0.0,BTCUSDT
2024-03-09 19:00:00,0.0,BTCUSDT
2024-03-09 20:00:00,0.0,BTCUSDT
2024-03-09 21:00:00,0.0,BTCUSDT
2024-03-09 22:00:00,0.0,BTCUSDT
2024-03-09 23:00:00,0.0,BTCUSDT
2024-03-10 00:00:00,0.00013369219525392287,BTCUSDT
2024-03-10 01:00:00,0.0,BTCUSDT
2024-03-10 02:00:00,0.0,BTCUSDT
2024-03-10 03:00:00,0.0,BTCUSDT
2024-03-10 04:00:00,0.0,BTCUSDT
2024-03-10 05:00:00,0.0,BTCUSDT
2024-03-10 06:00:00,0.0,BTCUSDT
2024-03-10 07:00:00,0.0,BTCUSDT
2024-03-10 08:00:00,0.00035939890931222185,BTCUSDT
2024-03-10 09:00:00,0.0,BTCUSDT
2024-03-10 10:00:00,0.0,BTCUSDT
2024-03-10 11:00:00,0.0,BTCUSDT
2024-03-10 12:00:00,0.0,BTCUSDT
2024-03-10 13:00:00,0.0,BTCUSDT
2024-03-10 14:00:00,0.0,BTCUSDT
2024-03-10 15:00:00,0.0,BTCUSDT
2024-03-10 16:00:00,2.1648370191235623e-05,BTCUSDT
2024-03-10 17:00:00,0.0,BTCUSDT
2024-03-10 18:00:00,0.0,BTCUSDT
2024-03-10 19:00:00,0.0,BTCUSDT
2024-03-10 20:00:00,0.0,BTCUSDT
2024-03-10 21:00:00,0.0,BTCUSDT
2024-03-10 22:00:00,0.0,BTCUSDT
2024-03-10 23:00:00,0.0,BTCUSDT
2024-03-11 00:00:00,0.0001807460180673219,BTCUSDT
2024-03-11 01:00:00,0.0,BTCUSDT
2024-03-11 02:00:00,0.0,BTCUSDT
2024-03-11 03:00:00,0.0,BTCUSDT
2024-03-11 04:00:00,0.0,BTCUSDT
2024-03-11 05:00:00,0.0,BTCUSDT
2024-03-11 06:00:00,0.0,BTCUSDT
2024-03-11 07:00:00,0.0,BTCUSDT
2024-03-11 08:00:00,0.00015665757430922844,BTCUSDT
2024-03-11 09:00:00,0.0,BTCUSDT
2024-03-11 10:00:00,0.0,BTCUSDT
2024-03-11 11:00:00,0.0,BTCUSDT
2024-03-11 12:00:00,0.0,BTCUSDT
2024-03-11 13:00:00,0.0,BTCUSDT
2024-03-11 14:00:00,0.0,BTCUSDT
2024-03-11 15:00:00,0.0,BTCUSDT
2024-03-11 16:00:00,-0.00010006626492111495,BTCUSDT
2024-03-11 17:00:00,0.0,BTCUSDT
2024-03-11 18:00:00,0.0,BTCUSDT
2024-03-11 19:00:00,0.0,BTCUSDT
2024-03-11 20:00:00,0.0,BTCUSDT
2024-03-11 21:00:00,0.0,BTCUSDT
2024-03-11 22:00:00,0.0,BTCUSDT
2024-03-11 23:00:00,0.0,BTCUSDT
2024-03-12 00:00:00,0.00018196373138570254,BTCUSDT
2024-03-12 01:00:00,0.0,BTCUSDT
2024-03-12 02:00:00,0.0,BTCUSDT
2024-03-12 03:00:00,0.0,BTCUSDT
2024-03-12 04:00:00,0.0,BTCUSDT
2024-03-12 05:00:00,0.0,BTCUSDT
2024-03-12 06:00:00,0.0,BTCUSDT
2024-03-12 07:00:00,0.0,BTCUSDT
2024-03-12 08:00:00,-0.00033453390920280726,BTCUSDT
2024-03-12 09:00:00,0.0,BTCUSDT
2024-03-12 10:00:00,0.0,BTCUSDT
2024-03-12 11:00:00,0.0,BTCUSDT
2024-03-12 12:00:00,0.0,BTCUSDT
2024-03-12 13:00:00,0.0,BTCUSDT
2024-03-12 14:00:00,0.0,BTCUSDT
2024-03-12 15:00:00,0.0,BTCUSDT
2024-03-12 16:00:00,0.00020262115963521656,BTCUSDT
2024-03-12 17:00:00,0.0,BTCUSDT
2024-03-12 18:00:00,0.0,BTCUSDT
2024-03-12 19:00:00,0.0,BTCUSDT
2024-03-12 20:00:00,0.0,BTCUSDT
2024-03-12 21:00:00,0.0,BTCUSDT
2024-03-12 22:00:00,0.0,BTCUSDT
2024-03-12 23:00:00,0.0,BTCUSDT
2024-03-13 00:00:00,0.00017345746268026814,BTCUSDT
2024-03-13 01:00:00,0.0,BTCUSDT
2024-03-13 02:00:00,0.0,BTCUSDT
2024-03-13 03:00:00,0.0,BTCUSDT
2024-03-13 04:00:00,0.0,BTCUSDT
2024-03-13 05:00:00,0.0,BTCUSDT
2024-03-13 06:00:00,0.0,BTCUSDT
2024-03-13 07:00:00,0.0,BTCUSDT
2024-03-13 08:00:00,-0.00011073648382927083,BTCUSDT
2024-03-13 09:00:00,0.0,BTCUSDT
2024-03-13 10:00:00,0.0,BTCUSDT
2024-03-13 11:00:00,0.0,BTCUSDT
2024-03-13 12:00:00,0.0,BTCUSDT
2024-03-13 13:00:00,0.0,BTCUSDT
2024-03-13 14:00:00,0.0,BTCUSDT
2024-03-13 15:00:00,0.0,BTCUSDT
2024-03-13 16:00:00,-8.547062683811483e-05,BTCUSDT
2024-03-13 17:00:00,0.0,BTCUSDT
2024-03-13 18:00:00,0.0,BTCUSDT
2024-03-13 19:00:00,0.0,BTCUSDT
2024-03-13 20:00:00,0.0,BTCUSDT
2024-03-13 21:00:00,0.0,BTCUSDT
2024-03-13 22:00:00,0.0,BTCUSDT
2024-03-13 23:00:00,0.0,BTCUSDT
2024-03-14 00:00:00,-3.0815136625484766e-05,BTCUSDT
2024-03-14 01:00:00,0.0,BTCUSDT
2024-03-14 02:00:00,0.0,BTCUSDT
2024-03-14 03:00:00,0.0,BTCUSDT
2024-03-14 04:00:00,0.0,BTCUSDT
2024-03-14 05:00:00,0.0,BTCUSDT
2024-03-14 06:00:00,0.0,BTCUSDT
2024-03-14 07:00:00,0.0,BTCUSDT
2024-03-14 08:00:00,0.0004279929058742786,BTCUSDT
2024-03-14 09:00:00,0.0,BTCUSDT
2024-03-14 10:00:00,0.0,BTCUSDT
2024-03-14 11:00:00,0.0,BTCUSDT
2024-03-14 12:00:00,0.0,BTCUSDT
2024-03-14 13:00:00,0.0,BTCUSDT
2024-03-14 14:00:00,0.0,BTCUSDT
2024-03-14 15:00:00,0.0,BTCUSDT
2024-03-14 16:00:00,0.00012464096135689714,BTCUSDT
2024-03-14 17:00:00,0.0,BTCUSDT
2024-03-14 18:00:00,0.0,BTCUSDT
2024-03-14 19:00:00,0.0,BTCUSDT
2024-03-14 20:00:00,0.0,BTCUSDT
2024-03-14 21:00:00,0.0,BTCUSDT
2024-03-14 22:00:00,0.0,BTCUSDT
2024-03-14 23:00:00,0.0,BTCUSDT
2024-03-15 00:00:00,-2.2353818181057093e-05,BTCUSDT
2024-03-15 01:00:00,0.0,BTCUSDT
2024-03-15 02:00:00,0.0,BTCUSDT
2024-03-15 03:00:00,0.0,BTCUSDT
2024-03-15 04:00:00,0.0,BTCUSDT
2024-03-15 05:00:00,0.0,BTCUSDT
2024-03-15 06:00:00,0.0,BTCUSDT
2024-03-15 07:00:00,0.0,BTCUSDT
2024-03-15 08:00:00,0.00011648795058690067,BTCUSDT
2024-03-15 09:00:00,0.0,BTCUSDT
2024-03-15 10:00:00,0.0,BTCUSDT
2024-03-15 11:00:00,0.0,BTCUSDT
2024-03-15 12:00:00,0.0,BTCUSDT
2024-03-15 13:00:00,0.0,BTCUSDT
2024-03-15 14:00:00,0.0,BTCUSDT
2024-03-15 15:00:00,0.0,BTCUSDT
2024-03-15 16:00:00,6.797344088667193e-05,BTCUSDT
2024-03-15 17:00:00,0.0,BTCUSDT
2024-03-15 18:00:00,0.0,BTCUSDT
2024-03-15 19:00:00,0.0,BTCUSDT
2024-03-15 20:00:00,0.0,BTCUSDT
2024-03-15 21:00:00,0.0,BTCUSDT
2024-03-15 22:00:00,0.0,BTCUSDT
2024-03-15 23:00:00,0.0,BTCUSDT
2024-03-16 00:00:00,0.0004802381371506015,BTCUSDT
2024-03-16 01:00:00,0.0,BTCUSDT
2024-03-16 02:00:00,0.0,BTCUSDT
2024-03-16 03:00:00,0.0,BTCUSDT
2024-03-16 04:00:00,0.0,BTCUSDT
2024-03-16 05:00:00,0.0,BTCUSDT
2024-03-16 06:00:00,0.0,BTCUSDT
2024-03-16 07:00:00,0.0,BTCUSDT
2024-03-16 08:00:00,-0.00021623814040642672,BTCUSDT
2024-03-16 09:00:00,0.0,BTCUSDT
2024-03-16 10:00:00,0.0,BTCUSDT
2024-03-16 11:00:00,0.0,BTCUSDT
2024-03-16 12:00:00,0.0,BTCUSDT
2024-03-16 13:00:00,0.0,BTCUSDT
2024-03-16 14:00:00,0.0,BTCUSDT
2024-03-16 15:00:00,0.0,BTCUSDT
2024-03-16 16:00:00,-0.00033036308026586104,BTCUSDT
2024-03-16 17:00:00,0.0,BTCUSDT
2024-03-16 18:00:00,0.0,BTCUSDT
2024-03-16 19:00:00,0.0,BTCUSDT
2024-03-16 20:00:00,0.0,BTCUSDT
2024-03-16 21:00:00,0.0,BTCUSDT
2024-03-16 22:00:00,0.0,BTCUSDT
2024-03-16 23:00:00,0.0,BTCUSDT
2024-03-17 00:00:00,0.00013373093439334556,BTCUSDT
2024-03-17 01:00:00,0.0,BTCUSDT
2024-03-17 02:00:00,0.0,BTCUSDT
2024-03-17 03:00:00,0.0,BTCUSDT
2024-03-17 04:00:00,0.0,BTCUSDT
2024-03-17 05:00:00,0.0,BTCUSDT
2024-03-17 06:00:00,0.0,BTCUSDT
2024-03-17 07:00:00,0.0,BTCUSDT
2024-03-17 08:00:00,0.000290627326782649,BTCUSDT
2024-03-17 09:00:00,0.0,BTCUSDT
2024-03-17 10:00:00,0.0,BTCUSDT
2024-03-17 11:00:00,0.0,BTCUSDT
2024-03-17 12:00:00,0.0,BTCUSDT
2024-03-17 13:00:00,0.0,BTCUSDT
2024-03-17 14:00:00,0.0,BTCUSDT
2024-03-17 15:00:00,0.0,BTCUSDT
2024-03-17 16:00:00,7.429249771221385e-05,BTCUSDT
2024-03-17 17:00:00,0.0,BTCUSDT
2024-03-17 18:00:00,0.0,BTCUSDT
2024-03-17 19:00:00,0.0,BTCUSDT
2024-03-17 20:00:00,0.0,BTCUSDT
2024-03-17 21:00:00,0.0,BTCUSDT
2024-03-17 22:00:00,0.0,BTCUSDT
2024-03-17 23:00:00,0.0,BTCUSDT
2024-03-18 00:00:00,0.00029389144010534736,BTCUSDT
2024-03-18 01:00:00,0.0,BTCUSDT
2024-03-18 02:00:00,0.0,BTCUSDT
2024-03-18 03:00:00,0.0,BTCUSDT
2024-03-18 04:00:00,0.0,BTCUSDT
2024-03-18 05:00:00,0.0,BTCUSDT
2024-03-18 06:00:00,0.0,BTCUSDT
2024-03-18 07:00:00,0.0,BTCUSDT
2024-03-18 08:00:00,0.00037849306001286575,BTCUSDT
2024-03-18 09:00:00,0.0,BTCUSDT
2024-03-18 10:00:00,0.0,BTCUSDT
2024-03-18 11:00:00,0.0,BTCUSDT
2024-03-18 12:00:00,0.0,BTCUSDT
2024-03-18 13:00:00,0.0,BTCUSDT
2024-03-18 14:00:00,0.0,BTCUSDT
2024-03-18 15:00:00,0.0,BTCUSDT
2024-03-18 16:00:00,0.0003608680485756305,BTCUSDT
2024-03-18 17:00:00,0.0,BTCUSDT
2024-03-18 18:00:00,0.0,BTCUSDT
2024-03-18 19:00:00,0.0,BTCUSDT
2024-03-18 20:00:00,0.0,BTCUSDT
2024-03-18 21:00:00,0.0,BTCUSDT
2024-03-18 22:00:00,0.0,BTCUSDT
2024-03-18 23:00:00,0.0,BTCUSDT
2024-03-19 00:00:00,3.8393143162851755e-05,BTCUSDT
2024-03-19 01:00:00,0.0,BTCUSDT
2024-03-19 02:00:00,0.0,BTCUSDT
2024-03-19 03:00:00,0.0,BTCUSDT
2024-03-19 04:00:00,0.0,BTCUSDT
2024-03-19 05:00:00,0.0,BTCUSDT
2024-03-19 06:00:00,0.0,BTCUSDT
2024-03-19 07:00:00,0.0,BTCUSDT
2024-03-19 08:00:00,0.0002929703266194915,BTCUSDT
2024-03-19 09:00:00,0.0,BTCUSDT
2024-03-19 10:00:00,0.0,BTCUSDT
2024-03-19 11:00:00,0.0,BTCUSDT
2024-03-19 12:00:00,0.0,BTCUSDT
2024-03-19 13:00:00,0.0,BTCUSDT
2024-03-19 14:00:00,0.0,BTCUSDT
2024-03-19 15:00:00,0.0,BTCUSDT
2024-03-19 16:00:00,5.232130585816771e-06,BTCUSDT
2024-03-19 17:00:00,0.0,BTCUSDT
2024-03-19 18:00:00,0.0,BTCUSDT
2024-03-19 19:00:00,0.0,BTCUSDT
2024-03-19 20:00:00,0.0,BTCUSDT
2024-03-19 21:00:00,0.0,BTCUSDT
2024-03-19 22:00:00,0.0,BTCUSDT
2024-03-19 23:00:00,0.0,BTCUSDT
2024-03-20 00:00:00,4.824078746657953e-05,BTCUSDT
2024-03-20 01:00:00,0.0,BTCUSDT
2024-03-20 02:00:00,0.0,BTCUSDT
2024-03-20 03:00:00,0.0,BTCUSDT
2024-03-20 04:00:00,0.0,BTCUSDT
2024-03-20 05:00:00,0.0,BTCUSDT
2024-03-20 06:00:00,0.0,BTCUSDT
2024-03-20 07:00:00,0.0,BTCUSDT
2024-03-20 08:00:00,7.853957119915422e-05,BTCUSDT
2024-03-20 09:00:00,0.0,BTCUSDT
2024-03-20 10:00:00,0.0,BTCUSDT
2024-03-20 11:00:00,0.0,BTCUSDT
2024-03-20 12:00:00,0.0,BTCUSDT
2024-03-20 13:00:00,0.0,BTCUSDT
2024-03-20 14:00:00,0.0,BTCUSDT
2024-03-20 15:00:00,0.0,BTCUSDT
2024-03-20 16:00:00,0.00022761022028815143,BTCUSDT
2024-03-20 17:00:00,0.0,BTCUSDT
2024-03-20 18:00:00,0.0,BTCUSDT
2024-03-20 19:00:00,0.0,BTCUSDT
2024-03-20 20:00:00,0.0,BTCUSDT
2024-03-20 21:00:00,0.0,BTCUSDT
2024-03-20 22:00:00,0.0,BTCUSDT
2024-03-20 23:00:00,0.0,BTCUSDT
2024-03-21 00:00:00,-0.0002958599620751576,BTCUSDT
2024-03-21 01:00:00,0.0,BTCUSDT
2024-03-21 02:00:00,0.0,BTCUSDT
2024-03-21 03:00:00,0.0,BTCUSDT
2024-03-21 04:00:00,0.0,BTCUSDT
2024-03-21 05:00:00,0.0,BTCUSDT
2024-03-21 06:00:00,0.0,BTCUSDT
2024-03-21 07:00:00,0.0,BTCUSDT
2024-03-21 08:00:00,0.00032019192699971424,BTCUSDT
2024-03-21 09:00:00,0.0,BTCUSDT
2024-03-21 10:00:00,0.0,BTCUSDT
2024-03-21 11:00:00,0.0,BTCUSDT
2024-03-21 12:00:00,0.0,BTCUSDT
2024-03-21 13:00:00,0.0,BTCUSDT
2024-03-21 14:00:00,0.0,BTCUSDT
2024-03-21 15:00:00,0.0,BTCUSDT
2024-03-21 16:00:00,0.0001507479322989147,BTCUSDT
2024-03-21 17:00:00,0.0,BTCUSDT
2024-03-21 18:00:00,0.0,BTCUSDT
2024-03-21 19:00:00,0.0,BTCUSDT
2024-03-21 20:00:00,0.0,BTCUSDT
2024-03-21 21:00:00,0.0,BTCUSDT
2024-03-21 22:00:00,0.0,BTCUSDT
2024-03-21 23:00:00,0.0,BTCUSDT
2024-03-22 00:00:00,0.0002243143779712102,BTCUSDT
2024-03-22 01:00:00,0.0,BTCUSDT
2024-03-22 02:00:00,0.0,BTCUSDT
2024-03-22 03:00:00,0.0,BTCUSDT
2024-03-22 04:00:00,0.0,BTCUSDT
2024-03-22 05:00:00,0.0,BTCUSDT
2024-03-22 06:00:00,0.0,BTCUSDT
2024-03-22 07:00:00,0.0,BTCUSDT
2024-03-22 08:00:00,-8.114646017252378e-05,BTCUSDT
2024-03-22 09:00:00,0.0,BTCUSDT
2024-03-22 10:00:00,0.0,BTCUSDT
2024-03-22 11:00:00,0.0,BTCUSDT
2024-03-22 12:00:00,0.0,BTCUSDT
2024-03-22 13:00:00,0.0,BTCUSDT
2024-03-22 14:00:00,0.0,BTCUSDT
2024-03-22 15:00:00,0.0,BTCUSDT
2024-03-22 16:00:00,8.902119987674272e-05,BTCUSDT
2024-03-22 17:00:00,0.0,BTCUSDT
2024-03-22 18:00:00,0.0,BTCUSDT
2024-03-22 19:00:00,0.0,BTCUSDT
2024-03-22 20:00:00,0.0,BTCUSDT
2024-03-22 21:00:00,0.0,BTCUSDT
2024-03-22 22:00:00,0.0,BTCUSDT
2024-03-22 23:00:00,0.0,BTCUSDT
2024-03-23 00:00:00,6.10183439294638e-05,BTCUSDT
2024-03-23 01:00:00,0.0,BTCUSDT
2024-03-23 02:00:00,0.0,BTCUSDT
2024-03-23 03:00:00,0.0,BTCUSDT
2024-03-23 04:00:00,0.0,BTCUSDT
2024-03-23 05:00:00,0.0,BTCUSDT
2024-03-23 06:00:00,0.0,BTCUSDT
2024-03-23 07:00:00,0.0,BTCUSDT
2024-03-23 08:00:00,0.0003248225439972027,BTCUSDT
2024-03-23 09:00:00,0.0,BTCUSDT
2024-03-23 10:00:00,0.0,BTCUSDT
2024-03-23 11:00:00,0.0,BTCUSDT
2024-03-23 12:00:00,0.0,BTCUSDT
2024-03-23 13:00:00,0.0,BTCUSDT
2024-03-23 14:00:00,0.0,BTCUSDT
2024-03-23 15:00:00,0.0,BTCUSDT
2024-03-23 16:00:00,0.00029062500907521733,BTCUSDT
2024-03-23 17:00:00,0.0,BTCUSDT
2024-03-23 18:00:00,0.0,BTCUSDT
2024-03-23 19:00:00,0.0,BTCUSDT
2024-03-23 20:00:00,0.0,BTCUSDT
2024-03-23 21:00:00,0.0,BTCUSDT
2024-03-23 22:00:00,0.0,BTCUSDT
2024-03-23 23:00:00,0.0,BTCUSDT
2024-03-24 00:00:00,0.0003377826742949286,BTCUSDT
2024-03-24 01:00:00,0.0,BTCUSDT
2024-03-24 02:00:00,0.0,BTCUSDT
2024-03-24 03:00:00,0.0,BTCUSDT
2024-03-24 04:00:00,0.0,BTCUSDT
2024-03-24 05:00:00,0.0,BTCUSDT
2024-03-24 06:00:00,0.0,BTCUSDT
2024-03-24 07:00:00,0.0,BTCUSDT
2024-03-24 08:00:00,-3.503565499487632e-05,BTCUSDT
2024-03-24 09:00:00,0.0,BTCUSDT
2024-03-24 10:00:00,0.0,BTCUSDT
2024-03-24 11:00:00,0.0,BTCUSDT
2024-03-24 12:00:00,0.0,BTCUSDT
2024-03-24 13:00:00,0.0,BTCUSDT
2024-03-24 14:00:00,0.0,BTCUSDT
2024-03-24 15:00:00,0.0,BTCUSDT
2024-03-24 16:00:00,0.000231849133686481,BTCUSDT
2024-03-24 17:00:00,0.0,BTCUSDT
2024-03-24 18:00:00,0.0,BTCUSDT
2024-03-24 19:00:00,0.0,BTCUSDT
2024-03-24 20:00:00,0.0,BTCUSDT
2024-03-24 21:00:00,0.0,BTCUSDT
2024-03-24 22:00:00,0.0,BTCUSDT
2024-03-24 23:00:00,0.0,BTCUSDT
2024-03-25 00:00:00,4.709703173787785e-05,BTCUSDT
2024-03-25 01:00:00,0.0,BTCUSDT
2024-03-25 02:00:00,0.0,BTCUSDT
2024-03-25 03:00:00,0.0,BTCUSDT
2024-03-25 04:00:00,0.0,BTCUSDT
2024-03-25 05:00:00,0.0,BTCUSDT
2024-03-25 06:00:00,0.0,BTCUSDT
2024-03-25 07:00:00,0.0,BTCUSDT
2024-03-25 08:00:00,-0.000503902431164165,BTCUSDT
2024-03-25 09:00:00,0.0,BTCUSDT
2024-03-25 10:00:00,0.0,BTCUSDT
2024-03-25 11:00:00,0.0,BTCUSDT
2024-03-25 12:00:00,0.0,BTCUSDT
2024-03-25 13:00:00,0.0,BTCUSDT
2024-03-25 14:00:00,0.0,BTCUSDT
2024-03-25 15:00:00,0.0,BTCUSDT
2024-03-25 16:00:00,0.00019527155387124385,BTCUSDT
2024-03-25 17:00:00,0.0,BTCUSDT
2024-03-25 18:00:00,0.0,BTCUSDT
2024-03-25 19:00:00,0.0,BTCUSDT
2024-03-25 20:00:00,0.0,BTCUSDT
2024-03-25 21:00:00,0.0,BTCUSDT
2024-03-25 22:00:00,0.0,BTCUSDT
2024-03-25 23:00:00,0.0,BTCUSDT
2024-03-26 00:00:00,-3.894262621781165e-05,BTCUSDT
2024-03-26 01:00:00,0.0,BTCUSDT
2024-03-26 02:00:00,0.0,BTCUSDT
2024-03-26 03:00:00,0.0,BTCUSDT
2024-03-26 04:00:00,0.0,BTCUSDT
2024-03-26 05:00:00,0.0,BTCUSDT
2024-03-26 06:00:00,0.0,BTCUSDT
2024-03-26 07:00:00,0.0,BTCUSDT
2024-03-26 08:00:00,3.442105669741643e-05,BTCUSDT
2024-03-26 09:00:00,0.0,BTCUSDT
2024-03-26 10:00:00,0.0,BTCUSDT
2024-03-26 11:00:00,0.0,BTCUSDT
2024-03-26 12:00:00,0.0,BTCUSDT
2024-03-26 13:00:00,0.0,BTCUSDT
2024-03-26 14:00:00,0.0,BTCUSDT
2024-03-26 15:00:00,0.0,BTCUSDT
2024-03-26 16:00:00,4.755825291068196e-06,BTCUSDT
2024-03-26 17:00:00,0.0,BTCUSDT
2024-03-26 18:00:00,0.0,BTCUSDT
2024-03-26 19:00:00,0.0,BTCUSDT
2024-03-26 20:00:00,0.0,BTCUSDT
2024-03-26 21:00:00,0.0,BTCUSDT
2024-03-26 22:00:00,0.0,BTCUSDT
2024-03-26 23:00:00,0.0,BTCUSDT
2024-03-27 00:00:00,0.0001530724698799257,BTCUSDT
2024-03-27 01:00:00,0.0,BTCUSDT
2024-03-27 02:00:00,0.0,BTCUSDT
2024-03-27 03:00:00,0.0,BTCUSDT
2024-03-27 04:00:00,0.0,BTCUSDT
2024-03-27 05:00:00,0.0,BTCUSDT
2024-03-27 06:00:00,0.0,BTCUSDT
2024-03-27 07:00:00,0.0,BTCUSDT
2024-03-27 08:00:00,0.00011773151819228749,BTCUSDT
2024-03-27 09:00:00,0.0,BTCUSDT
2024-03-27 10:00:00,0.0,BTCUSDT
2024-03-27 11:00:00,0.0,BTCUSDT
2024-03-27 12:00:00,0.0,BTCUSDT
2024-03-27 13:00:00,0.0,BTCUSDT
2024-03-27 14:00:00,0.0,BTCUSDT
2024-03-27 15:00:00,0.0,BTCUSDT
2024-03-27 16:00:00,0.00010010559177131947,BTCUSDT
2024-03-27 17:00:00,0.0,BTCUSDT
2024-03-27 18:00:00,0.0,BTCUSDT
2024-03-27 19:00:00,0.0,BTCUSDT
2024-03-27 20:00:00,0.0,BTCUSDT
2024-03-27 21:00:00,0.0,BTCUSDT
2024-03-27 22:00:00,0.0,BTCUSDT
2024-03-27 23:00:00,0.0,BTCUSDT
2024-03-28 00:00:00,9.350318195397328e-06,BTCUSDT
2024-03-28 01:00:00,0.0,BTCUSDT
2024-03-28 02:00:00,0.0,BTCUSDT
2024-03-28 03:00:00,0.0,BTCUSDT
2024-03-28 04:00:00,0.0,BTCUSDT
2024-03-28 05:00:00,0.0,BTCUSDT
2024-03-28 06:00:00,0.0,BTCUSDT
2024-03-28 07:00:00,0.0,BTCUSDT
2024-03-28 08:00:00,0.0002340961234482425,BTCUSDT
2024-03-28 09:00:00,0.0,BTCUSDT
2024-03-28 10:00:00,0.0,BTCUSDT
2024-03-28 11:00:00,0.0,BTCUSDT
2024-03-28 12:00:00,0.0,BTCUSDT
2024-03-28 13:00:00,0.0,BTCUSDT
2024-03-28 14:00:00,0.0,BTCUSDT
2024-03-28 15:00:00,0.0,BTCUSDT
2024-03-28 16:00:00,-0.00013788237857346558,BTCUSDT
2024-03-28 17:00:00,0.0,BTCUSDT
2024-03-28 18:00:00,0.0,BTCUSDT
2024-03-28 19:00:00,0.0,BTCUSDT
2024-03-28 20:00:00,0.0,BTCUSDT
2024-03-28 21:00:00,0.0,BTCUSDT
2024-03-28 22:00:00,0.0,BTCUSDT
2024-03-28 23:00:00,0.0,BTCUSDT
2024-03-29 00:00:00,0.00010818383507914423,BTCUSDT
2024-03-29 01:00:00,0.0,BTCUSDT
2024-03-29 02:00:00,0.0,BTCUSDT
2024-03-29 03:00:00,0.0,BTCUSDT
2024-03-29 04:00:00,0.0,BTCUSDT
2024-03-29 05:00:00,0.0,BTCUSDT
2024-03-29 06:00:00,0.0,BTCUSDT
2024-03-29 07:00:00,0.0,BTCUSDT
2024-03-29 08:00:00,0.0005825230843225833,BTCUSDT
2024-03-29 09:00:00,0.0,BTCUSDT
2024-03-29 10:00:00,0.0,BTCUSDT
2024-03-29 11:00:00,0.0,BTCUSDT
2024-03-29 12:00:00,0.0,BTCUSDT
2024-03-29 13:00:00,0.0,BTCUSDT
2024-03-29 14:00:00,0.0,BTCUSDT
2024-03-29 15:00:00,0.0,BTCUSDT
2024-03-29 16:00:00,0.00024307626308824883,BTCUSDT
2024-03-29 17:00:00,0.0,BTCUSDT
2024-03-29 18:00:00,0.0,BTCUSDT
2024-03-29 19:00:00,0.0,BTCUSDT
2024-03-29 20:00:00,0.0,BTCUSDT
2024-03-29 21:00:00,0.0,BTCUSDT
2024-03-29 22:00:00,0.0,BTCUSDT
2024-03-29 23:00:00,0.0,BTCUSDT
2024-03-30 00:00:00,0.00012037125905239735,BTCUSDT
2024-03-30 01:00:00,0.0,BTCUSDT
2024-03-30 02:00:00,0.0,BTCUSDT
2024-03-30 03:00:00,0.0,BTCUSDT
2024-03-30 04:00:00,0.0,BTCUSDT
2024-03-30 05:00:00,0.0,BTCUSDT
2024-03-30 06:00:00,0.0,BTCUSDT
2024-03-30 07:00:00,0.0,BTCUSDT
2024-03-30 08:00:00,5.535954907303898e-05,BTCUSDT
2024-03-30 09:00:00,0.0,BTCUSDT
2024-03-30 10:00:00,0.0,BTCUSDT
2024-03-30 11:00:00,0.0,BTCUSDT
2024-03-30 12:00:00,0.0,BTCUSDT
2024-03-30 13:00:00,0.0,BTCUSDT
2024-03-30 14:00:00,0.0,BTCUSDT
2024-03-30 15:00:00,0.0,BTCUSDT
2024-03-30 16:00:00,0.00010417729765919237,BTCUSDT
2024-03-30 17:00:00,0.0,BTCUSDT
2024-03-30 18:00:00,0.0,BTCUSDT
2024-03-30 19:00:00,0.0,BTCUSDT
2024-03-30 20:00:00,0.0,BTCUSDT
2024-03-30 21:00:00,0.0,BTCUSDT
2024-03-30 22:00:00,0.0,BTCUSDT
2024-03-30 23:00:00,0.0,BTCUSDT
2024-03-31 00:00:00,-0.0001222915913874064,BTCUSDT
2024-03-31 01:00:00,0.0,BTCUSDT
2024-03-31 02:00:00,0.0,BTCUSDT
2024-03-31 03:00:00,0.0,BTCUSDT
2024-03-31 04:00:00,0.0,BTCUSDT
2024-03-31 05:00:00,0.0,BTCUSDT
2024-03-31 06:00:00,0.0,BTCUSDT
2024-03-31 07:00:00,0.0,BTCUSDT
2024-03-31 08:00:00,5.319602817860373e-05,BTCUSDT
2024-03-31 09:00:00,0.0,BTCUSDT
2024-03-31 10:00:00,0.0,BTCUSDT
2024-03-31 11:00:00,0.0,BTCUSDT
2024-03-31 12:00:00,0.0,BTCUSDT
2024-03-31 13:00:00,0.0,BTCUSDT
2024-03-31 14:00:00,0.0,BTCUSDT
2024-03-31 15:00:00,0.0,BTCUSDT
2024-03-31 16:00:00,-0.00022153220542361175,BTCUSDT
2024-03-31 17:00:00,0.0,BTCUSDT
2024-03-31 18:00:00,0.0,BTCUSDT
2024-03-31 19:00:00,0.0,BTCUSDT
2024-03-31 20:00:00,0.0,BTCUSDT
2024-03-31 21:00:00,0.0,BTCUSDT
2024-03-31 22:00:00,0.0,BTCUSDT
2024-03-31 23:00:00,0.0,BTCUSDT
2024-04-01 00:00:00,-0.0003423723822659014,BTCUSDT
2024-04-01 01:00:00,0.0,BTCUSDT
2024-04-01 02:00:00,0.0,BTCUSDT
2024-04-01 03:00:00,0.0,BTCUSDT
2024-04-01 04:00:00,0.0,BTCUSDT
2024-04-01 05:00:00,0.0,BTCUSDT
2024-04-01 06:00:00,0.0,BTCUSDT
2024-04-01 07:00:00,0.0,BTCUSDT
2024-04-01 08:00:00,0.0005048619246573705,BTCUSDT
2024-04-01 09:00:00,0.0,BTCUSDT
2024-04-01 10:00:00,0.0,BTCUSDT
2024-04-01 11:00:00,0.0,BTCUSDT
2024-04-01 12:00:00,0.0,BTCUSDT
2024-04-01 13:00:00,0.0,BTCUSDT
2024-04-01 14:00:00,0.0,BTCUSDT
2024-04-01 15:00:00,0.0,BTCUSDT
2024-04-01 16:00:00,0.0004608696219573486,BTCUSDT
2024-04-01 17:00:00,0.0,BTCUSDT
2024-04-01 18:00:00,0.0,BTCUSDT
2024-04-01 19:00:00,0.0,BTCUSDT
2024-04-01 20:00:00,0.0,BTCUSDT
2024-04-01 21:00:00,0.0,BTCUSDT
2024-04-01 22:00:00,0.0,BTCUSDT
2024-04-01 23:00:00,0.0,BTCUSDT
2024-04-02 00:00:00,3.738839389536914e-05,BTCUSDT
2024-04-02 01:00:00,0.0,BTCUSDT
2024-04-02 02:00:00,0.0,BTCUSDT
2024-04-02 03:00:00,0.0,BTCUSDT
2024-04-02 04:00:00,0.0,BTCUSDT
2024-04-02 05:00:00,0.0,BTCUSDT
2024-04-02 06:00:00,0.0,BTCUSDT
2024-04-02 07:00:00,0.0,BTCUSDT
2024-04-02 08:00:00,1.2656052791880902e-05,BTCUSDT
2024-04-02 09:00:00,0.0,BTCUSDT
2024-04-02 10:00:00,0.0,BTCUSDT
2024-04-02 11:00:00,0.0,BTCUSDT
2024-04-02 12:00:00,0.0,BTCUSDT
2024-04-02 13:00:00,0.0,BTCUSDT
2024-04-02 14:00:00,0.0,BTCUSDT
2024-04-02 15:00:00,0.0,BTCUSDT
2024-04-02 16:00:00,-2.9874607664285216e-05,BTCUSDT
2024-04-02 17:00:00,0.0,BTCUSDT
2024-04-02 18:00:00,0.0,BTCUSDT
2024-04-02 19:00:00,0.0,BTCUSDT
2024-04-02 20:00:00,0.0,BTCUSDT
2024-04-02 21:00:00,0.0,BTCUSDT
2024-04-02 22:00:00,0.0,BTCUSDT
2024-04-02 23:00:00,0.0,BTCUSDT
2024-04-03 00:00:00,-0.0002940207635423671,BTCUSDT
2024-04-03 01:00:00,0.0,BTCUSDT
2024-04-03 02:00:00,0.0,BTCUSDT
2024-04-03 03:00:00,0.0,BTCUSDT
2024-04-03 04:00:00,0.0,BTCUSDT
2024-04-03 05:00:00,0.0,BTCUSDT
2024-04-03 06:00:00,0.0,BTCUSDT
2024-04-03 07:00:00,0.0,BTCUSDT
2024-04-03 08:00:00,0.00012117889062304685,BTCUSDT
2024-04-03 09:00:00,0.0,BTCUSDT
2024-04-03 10:00:00,0.0,BTCUSDT
2024-04-03 11:00:00,0.0,BTCUSDT
2024-04-03 12:00:00,0.0,BTCUSDT
2024-04-03 13:00:00,0.0,BTCUSDT
2024-04-03 14:00:00,0.0,BTCUSDT
2024-04-03 15:00:00,0.0,BTCUSDT
2024-04-03 16:00:00,6.21759218445933e-05,BTCUSDT
2024-04-03 17:00:00,0.0,BTCUSDT
2024-04-03 18:00:00,0.0,BTCUSDT
2024-04-03 19:00:00,0.0,BTCUSDT
2024-04-03 20:00:00,0.0,BTCUSDT
2024-04-03 21:00:00,0.0,BTCUSDT
2024-04-03 22:00:00,0.0,BTCUSDT
2024-04-03 23:00:00,0.0,BTCUSDT
2024-04-04 00:00:00,0.0002773774780194601,BTCUSDT
2024-04-04 01:00:00,0.0,BTCUSDT
2024-04-04 02:00:00,0.0,BTCUSDT
2024-04-04 03:00:00,0.0,BTCUSDT
2024-04-04 04:00:00,0.0,BTCUSDT
2024-04-04 05:00:00,0.0,BTCUSDT
2024-04-04 06:00:00,0.0,BTCUSDT
2024-04-04 07:00:00,0.0,BTCUSDT
2024-04-04 08:00:00,0.00023604322109008988,BTCUSDT
2024-04-04 09:00:00,0.0,BTCUSDT
2024-04-04 10:00:00,0.0,BTCUSDT
2024-04-04 11:00:00,0.0,BTCUSDT
2024-04-04 12:00:00,0.0,BTCUSDT
2024-04-04 13:00:00,0.0,BTCUSDT
2024-04-04 14:00:00,0.0,BTCUSDT
2024-04-04 15:00:00,0.0,BTCUSDT
2024-04-04 16:00:00,-3.514161583232236e-05,BTCUSDT
2024-04-04 17:00:00,0.0,BTCUSDT
2024-04-04 18:00:00,0.0,BTCUSDT
2024-04-04 19:00:00,0.0,BTCUSDT
2024-04-04 20:00:00,0.0,BTCUSDT
2024-04-04 21:00:00,0.0,BTCUSDT
2024-04-04 22:00:00,0.0,BTCUSDT
2024-04-04 23:00:00,0.0,BTCUSDT
2024-04-05 00:00:00,-0.0002451613457581194,BTCUSDT
2024-04-05 01:00:00,0.0,BTCUSDT
2024-04-05 02:00:00,0.0,BTCUSDT
2024-04-05 03:00:00,0.0,BTCUSDT
2024-04-05 04:00:00,0.0,BTCUSDT
2024-04-05 05:00:00,0.0,BTCUSDT
2024-04-05 06:00:00,0.0,BTCUSDT
2024-04-05 07:00:00,0.0,BTCUSDT
2024-04-05 08:00:00,-1.9502038938328314e-05,BTCUSDT
2024-04-05 09:00:00,0.0,BTCUSDT
2024-04-05 10:00:00,0.0,BTCUSDT
2024-04-05 11:00:00,0.0,BTCUSDT
2024-04-05 12:00:00,0.0,BTCUSDT
2024-04-05 13:00:00,0.0,BTCUSDT
2024-04-05 14:00:00,0.0,BTCUSDT
2024-04-05 15:00:00,0.0,BTCUSDT
2024-04-05 16:00:00,0.00018367964417773675,BTCUSDT
2024-04-05 17:00:00,0.0,BTCUSDT
2024-04-05 18:00:00,0.0,BTCUSDT
2024-04-05 19:00:00,0.0,BTCUSDT
2024-04-05 20:00:00,0.0,BTCUSDT
2024-04-05 21:00:00,0.0,BTCUSDT
2024-04-05 22:00:00,0.0,BTCUSDT
2024-04-05 23:00:00,0.0,BTCUSDT
2024-04-06 00:00:00,0.0004991334979567929,BTCUSDT
2024-04-06 01:00:00,0.0,BTCUSDT
2024-04-06 02:00:00,0.0,BTCUSDT
2024-04-06 03:00:00,0.0,BTCUSDT
2024-04-06 04:00:00,0.0,BTCUSDT
2024-04-06 05:00:00,0.0,BTCUSDT
2024-04-06 06:00:00,0.0,BTCUSDT
2024-04-06 07:00:00,0.0,BTCUSDT
2024-04-06 08:00:00,0.00014601415183828042,BTCUSDT
2024-04-06 09:00:00,0.0,BTCUSDT
2024-04-06 10:00:00,0.0,BTCUSDT
2024-04-06 11:00:00,0.0,BTCUSDT
2024-04-06 12:00:00,0.0,BTCUSDT
2024-04-06 13:00:00,0.0,BTCUSDT
2024-04-06 14:00:00,0.0,BTCUSDT
2024-04-06 15:00:00,0.0,BTCUSDT
2024-04-06 16:00:00,0.00018790024612404528,BTCUSDT
2024-04-06 17:00:00,0.0,BTCUSDT
2024-04-06 18:00:00,0.0,BTCUSDT
2024-04-06 19:00:00,0.0,BTCUSDT
2024-04-06 20:00:00,0.0,BTCUSDT
2024-04-06 21:00:00,0.0,BTCUSDT
2024-04-06 22:00:00,0.0,BTCUSDT
2024-04-06 23:00:00,0.0,BTCUSDT
2024-04-07 00:00:00,0.00023910755151315552,BTCUSDT
2024-04-07 01:00:00,0.0,BTCUSDT
2024-04-07 02:00:00,0.0,BTCUSDT
2024-04-07 03:00:00,0.0,BTCUSDT
2024-04-07 04:00:00,0.0,BTCUSDT
2024-04-07 05:00:00,0.0,BTCUSDT
2024-04-07 06:00:00,0.0,BTCUSDT
2024-04-07 07:00:00,0.0,BTCUSDT
2024-04-07 08:00:00,0.00020013314427624196,BTCUSDT
2024-04-07 09:00:00,0.0,BTCUSDT
2024-04-07 10:00:00,0.0,BTCUSDT
2024-04-07 11:00:00,0.0,BTCUSDT
2024-04-07 12:00:00,0.0,BTCUSDT
2024-04-07 13:00:00,0.0,BTCUSDT
2024-04-07 14:00:00,0.0,BTCUSDT
2024-04-07 15:00:00,0.0,BTCUSDT
2024-04-07 16:00:00,-0.0003306685839742489,BTCUSDT
2024-04-07 17:00:00,0.0,BTCUSDT
2024-04-07 18:00:00,0.0,BTCUSDT
2024-04-07 19:00:00,0.0,BTCUSDT
2024-04-07 20:00:00,0.0,BTCUSDT
2024-04-07 21:00:00,0.0,BTCUSDT
2024-04-07 22:00:00,0.0,BTCUSDT
2024-04-07 23:00:00,0.0,BTCUSDT
2024-04-08 00:00:00,0.00023671386464009552,BTCUSDT
2024-04-08 01:00:00,0.0,BTCUSDT
2024-04-08 02:00:00,0.0,BTCUSDT
2024-04-08 03:00:00,0.0,BTCUSDT
2024-04-08 04:00:00,0.0,BTCUSDT
2024-04-08 05:00:00,0.0,BTCUSDT
2024-04-08 06:00:00,0.0,BTCUSDT
2024-04-08 07:00:00,0.0,BTCUSDT
2024-04-08 08:00:00,-0.00010587430163641432,BTCUSDT
2024-04-08 09:00:00,0.0,BTCUSDT
2024-04-08 10:00:00,0.0,BTCUSDT
2024-04-08 11:00:00,0.0,BTCUSDT
2024-04-08 12:00:00,0.0,BTCUSDT
2024-04-08 13:00:00,0.0,BTCUSDT
2024-04-08 14:00:00,0.0,BTCUSDT
2024-04-08 15:00:00,0.0,BTCUSDT
2024-04-08 16:00:00,-0.00012330488798973185,BTCUSDT
2024-04-08 17:00:00,0.0,BTCUSDT
2024-04-08 18:00:00,0.0,BTCUSDT
2024-04-08 19:00:00,0.0,BTCUSDT
2024-04-08 20:00:00,0.0,BTCUSDT
2024-04-08 21:00:00,0.0,BTCUSDT
2024-04-08 22:00:00,0.0,BTCUSDT
2024-04-08 23:00:00,0.0,BTCUSDT
2024-04-09 00:00:00,2.804627084218285e-05,BTCUSDT
2024-04-09 01:00:00,0.0,BTCUSDT
2024-04-09 02:00:00,0.0,BTCUSDT
2024-04-09 03:00:00,0.0,BTCUSDT
2024-04-09 04:00:00,0.0,BTCUSDT
2024-04-09 05:00:00,0.0,BTCUSDT
2024-04-09 06:00:00,0.0,BTCUSDT
2024-04-09 07:00:00,0.0,BTCUSDT
2024-04-09 08:00:00,0.0001065593990823173,BTCUSDT
2024-04-09 09:00:00,0.0,BTCUSDT
2024-04-09 10:00:00,0.0,BTCUSDT
2024-04-09 11:00:00,0.0,BTCUSDT
2024-04-09 12:00:00,0.0,BTCUSDT
2024-04-09 13:00:00,0.0,BTCUSDT
2024-04-09 14:00:00,0.0,BTCUSDT
2024-04-09 15:00:00,0.0,BTCUSDT
2024-04-09 16:00:00,-0.0001993058510180158,BTCUSDT
2024-04-09 17:00:00,0.0,BTCUSDT
2024-04-09 18:00:00,0.0,BTCUSDT
2024-04-09 19:00:00,0.0,BTCUSDT
2024-04-09 20:00:00,0.0,BTCUSDT
2024-04-09 21:00:00,0.0,BTCUSDT
2024-04-09 22:00:00,0.0,BTCUSDT
2024-04-09 23:00:00,0.0,BTCUSDT
2024-04-10 00:00:00,-4.434751066745067e-05,BTCUSDT
2024-04-10 01:00:00,0.0,BTCUSDT
2024-04-10 02:00:00,0.0,BTCUSDT
2024-04-10 03:00:00,0.0,BTCUSDT
2024-04-10 04:00:00,0.0,BTCUSDT
2024-04-10 05:00:00,0.0,BTCUSDT
2024-04-10 06:00:00,0.0,BTCUSDT
2024-04-10 07:00:00,0.0,BTCUSDT
2024-04-10 08:00:00,0.00026227931089831846,BTCUSDT
2024-04-10 09:00:00,0.0,BTCUSDT
2024-04-10 10:00:00,0.0,BTCUSDT
2024-04-10 11:00:00,0.0,BTCUSDT
2024-04-10 12:00:00,0.0,BTCUSDT
2024-04-10 13:00:00,0.0,BTCUSDT
2024-04-10 14:00:00,0.0,BTCUSDT
2024-04-10 15:00:00,0.0,BTCUSDT
2024-04-10 16:00:00,0.00021029525504790466,BTCUSDT
2024-04-10 17:00:00,0.0,BTCUSDT
2024-04-10 18:00:00,0.0,BTCUSDT
2024-04-10 19:00:00,0.0,BTCUSDT
2024-04-10 20:00:00,0.0,BTCUSDT
2024-04-10 21:00:00,0.0,BTCUSDT
2024-04-10 22:00:00,0.0,BTCUSDT
2024-04-10 23:00:00,0.0,BTCUSDT
2024-04-11 00:00:00,-0.00020622150051114444,BTCUSDT
2024-04-11 01:00:00,0.0,BTCUSDT
2024-04-11 02:00:00,0.0,BTCUSDT
2024-04-11 03:00:00,0.0,BTCUSDT
2024-04-11 04:00:00,0.0,BTCUSDT
2024-04-11 05:00:00,0.0,BTCUSDT
2024-04-11 06:00:00,0.0,BTCUSDT
2024-04-11 07:00:00,0.0,BTCUSDT
2024-04-11 08:00:00,9.528956982515238e-05,BTCUSDT
2024-04-11 09:00:00,0.0,BTCUSDT
2024-04-11 10:00:00,0.0,BTCUSDT
2024-04-11 11:00:00,0.0,BTCUSDT
2024-04-11 12:00:00,0.0,BTCUSDT
2024-04-11 13:00:00,0.0,BTCUSDT
2024-04-11 14:00:00,0.0,BTCUSDT
2024-04-11 15:00:00,0.0,BTCUSDT
2024-04-11 16:00:00,0.00044991678084108414,BTCUSDT
2024-04-11 17:00:00,0.0,BTCUSDT
2024-04-11 18:00:00,0.0,BTCUSDT
2024-04-11 19:00:00,0.0,BTCUSDT
2024-04-11 20:00:00,0.0,BTCUSDT
2024-04-11 21:00:00,0.0,BTCUSDT
2024-04-11 22:00:00,0.0,BTCUSDT
2024-04-11 23:00:00,0.0,BTCUSDT
2024-04-12 00:00:00,-5.67531331172793e-05,BTCUSDT
2024-04-12 01:00:00,0.0,BTCUSDT
2024-04-12 02:00:00,0.0,BTCUSDT
2024-04-12 03:00:00,0.0,BTCUSDT
2024-04-12 04:00:00,0.0,BTCUSDT
2024-04-12 05:00:00,0.0,BTCUSDT
2024-04-12 06:00:00,0.0,BTCUSDT
2024-04-12 07:00:00,0.0,BTCUSDT
2024-04-12 08:00:00,-1.6010648274008603e-05,BTCUSDT
2024-04-12 09:00:00,0.0,BTCUSDT
2024-04-12 10:00:00,0.0,BTCUSDT
2024-04-12 11:00:00,0.0,BTCUSDT
2024-04-12 12:00:00,0.0,BTCUSDT
2024-04-12 13:00:00,0.0,BTCUSDT
2024-04-12 14:00:00,0.0,BTCUSDT
2024-04-12 15:00:00,0.0,BTCUSDT
2024-04-12 16:00:00,0.00027383121287785465,BTCUSDT
2024-04-12 17:00:00,0.0,BTCUSDT
2024-04-12 18:00:00,0.0,BTCUSDT
2024-04-12 19:00:00,0.0,BTCUSDT
2024-04-12 20:00:00,0.0,BTCUSDT
2024-04-12 21:00:00,0.0,BTCUSDT
2024-04-12 22:00:00,0.0,BTCUSDT
2024-04-12 23:00:00,0.0,BTCUSDT
2024-04-13 00:00:00,-5.719720652699646e-05,BTCUSDT
2024-04-13 01:00:00,0.0,BTCUSDT
2024-04-13 02:00:00,0.0,BTCUSDT
2024-04-13 03:00:00,0.0,BTCUSDT
2024-04-13 04:00:00,0.0,BTCUSDT
2024-04-13 05:00:00,0.0,BTCUSDT
2024-04-13 06:00:00,0.0,BTCUSDT
2024-04-13 07:00:00,0.0,BTCUSDT
2024-04-13 08:00:00,-2.117216415177867e-05,BTCUSDT
2024-04-13 09:00:00,0.0,BTCUSDT
2024-04-13 10:00:00,0.0,BTCUSDT
2024-04-13 11:00:00,0.0,BTCUSDT
2024-04-13 12:00:00,0.0,BTCUSDT
2024-04-13 13:00:00,0.0,BTCUSDT
2024-04-13 14:00:00,0.0,BTCUSDT
2024-04-13 15:00:00,0.0,BTCUSDT
2024-04-13 16:00:00,0.00010507768410848205,BTCUSDT
2024-04-13 17:00:00,0.0,BTCUSDT
2024-04-13 18:00:00,0.0,BTCUSDT
2024-04-13 19:00:00,0.0,BTCUSDT
2024-04-13 20:00:00,0.0,BTCUSDT
2024-04-13 21:00:00,0.0,BTCUSDT
2024-04-13 22:00:00,0.0,BTCUSDT
2024-04-13 23:00:00,0.0,BTCUSDT
2024-04-14 00:00:00,4.42074139336383e-05,BTCUSDT
2024-04-14 01:00:00,0.0,BTCUSDT
2024-04-14 02:00:00,0.0,BTCUSDT
2024-04-14 03:00:00,0.0,BTCUSDT
2024-04-14 04:00:00,0.0,BTCUSDT
2024-04-14 05:00:00,0.0,BTCUSDT
2024-04-14 06:00:00,0.0,BTCUSDT
2024-04-14 07:00:00,0.0,BTCUSDT
2024-04-14 08:00:00,-0.00011703010531155963,BTCUSDT
2024-04-14 09:00:00,0.0,BTCUSDT
2024-04-14 10:00:00,0.0,BTCUSDT
2024-04-14 11:00:00,0.0,BTCUSDT
2024-04-14 12:00:00,0.0,BTCUSDT
2024-04-14 13:00:00,0.0,BTCUSDT
2024-04-14 14:00:00,0.0,BTCUSDT
2024-04-14 15:00:00,0.0,BTCUSDT
2024-04-14 16:00:00,0.00020977676706347288,BTCUSDT
2024-04-14 17:00:00,0.0,BTCUSDT
2024-04-14 18:00:00,0.0,BTCUSDT
2024-04-14 19:00:00,0.0,BTCUSDT
2024-04-14 20:00:00,0.0,BTCUSDT
2024-04-14 21:00:00,0.0,BTCUSDT
2024-04-14 22:00:00,0.0,BTCUSDT
2024-04-14 23:00:00,0.0,BTCUSDT
2024-04-15 00:00:00,0.00013504228378170241,BTCUSDT
2024-04-15 01:00:00,0.0,BTCUSDT
2024-04-15 02:00:00,0.0,BTCUSDT
2024-04-15 03:00:00,0.0,BTCUSDT
2024-04-15 04:00:00,0.0,BTCUSDT
2024-04-15 05:00:00,0.0,BTCUSDT
2024-04-15 06:00:00,0.0,BTCUSDT
2024-04-15 07:00:00,0.0,BTCUSDT
2024-04-15 08:00:00,0.0005113087129659083,BTCUSDT
2024-04-15 09:00:00,0.0,BTCUSDT
2024-04-15 10:00:00,0.0,BTCUSDT
2024-04-15 11:00:00,0.0,BTCUSDT
2024-04-15 12:00:00,0.0,BTCUSDT
2024-04-15 13:00:00,0.0,BTCUSDT
2024-04-15 14:00:00,0.0,BTCUSDT
2024-04-15 15:00:00,0.0,BTCUSDT
2024-04-15 16:00:00,0.0002951633438689418,BTCUSDT
2024-04-15 17:00:00,0.0,BTCUSDT
2024-04-15 18:00:00,0.0,BTCUSDT
2024-04-15 19:00:00,0.0,BTCUSDT
2024-04-15 20:00:00,0.0,BTCUSDT
2024-04-15 21:00:00,0.0,BTCUSDT
2024-04-15 22:00:00,0.0,BTCUSDT
2024-04-15 23:00:00,0.0,BTCUSDT
2024-04-16 00:00:00,0.0005853432972691045,BTCUSDT
2024-04-16 01:00:00,0.0,BTCUSDT
2024-04-16 02:00:00,0.0,BTCUSDT
2024-04-16 03:00:00,0.0,BTCUSDT
2024-04-16 04:00:00,0.0,BTCUSDT
2024-04-16 05:00:00,0.0,BTCUSDT
2024-04-16 06:00:00,0.0,BTCUSDT
2024-04-16 07:00:00,0.0,BTCUSDT
2024-04-16 08:00:00,0.00047419303507435643,BTCUSDT
2024-04-16 09:00:00,0.0,BTCUSDT
2024-04-16 10:00:00,0.0,BTCUSDT
2024-04-16 11:00:00,0.0,BTCUSDT
2024-04-16 12:00:00,0.0,BTCUSDT
2024-04-16 13:00:00,0.0,BTCUSDT
2024-04-16 14:00:00,0.0,BTCUSDT
2024-04-16 15:00:00,0.0,BTCUSDT
2024-04-16 16:00:00,-0.00010277919045850754,BTCUSDT
2024-04-16 17:00:00,0.0,BTCUSDT
2024-04-16 18:00:00,0.0,BTCUSDT
2024-04-16 19:00:00,0.0,BTCUSDT
2024-04-16 20:00:00,0.0,BTCUSDT
2024-04-16 21:00:00,0.0,BTCUSDT
2024-04-16 22:00:00,0.0,BTCUSDT
2024-04-16 23:00:00,0.0,BTCUSDT
2024-04-17 00:00:00,0.0002716902233313331,BTCUSDT
2024-04-17 01:00:00,0.0,BTCUSDT
2024-04-17 02:00:00,0.0,BTCUSDT
2024-04-17 03:00:00,0.0,BTCUSDT
2024-04-17 04:00:00,0.0,BTCUSDT
2024-04-17 05:00:00,0.0,BTCUSDT
2024-04-17 06:00:00,0.0,BTCUSDT
2024-04-17 07:00:00,0.0,BTCUSDT
2024-04-17 08:00:00,0.00039283544775048747,BTCUSDT
2024-04-17 09:00:00,0.0,BTCUSDT
2024-04-17 10:00:00,0.0,BTCUSDT
2024-04-17 11:00:00,0.0,BTCUSDT
2024-04-17 12:00:00,0.0,BTCUSDT
2024-04-17 13:00:00,0.0,BTCUSDT
2024-04-17 14:00:00,0.0,BTCUSDT
2024-04-17 15:00:00,0.0,BTCUSDT
2024-04-17 16:00:00,0.00031929384676217677,BTCUSDT
2024-04-17 17:00:00,0.0,BTCUSDT
2024-04-17 18:00:00,0.0,BTCUSDT
2024-04-17 19:00:00,0.0,BTCUSDT
2024-04-17 20:00:00,0.0,BTCUSDT
2024-04-17 21:00:00,0.0,BTCUSDT
2024-04-17 22:00:00,0.0,BTCUSDT
2024-04-17 23:00:00,0.0,BTCUSDT
2024-04-18 00:00:00,9.143532373768502e-05,BTCUSDT
2024-04-18 01:00:00,0.0,BTCUSDT
2024-04-18 02:00:00,0.0,BTCUSDT
2024-04-18 03:00:00,0.0,BTCUSDT
2024-04-18 04:00:00,0.0,BTCUSDT
2024-04-18 05:00:00,0.0,BTCUSDT
2024-04-18 06:00:00,0.0,BTCUSDT
2024-04-18 07:00:00,0.0,BTCUSDT
2024-04-18 08:00:00,-0.00027531054120837485,BTCUSDT
2024-04-18 09:00:00,0.0,BTCUSDT
2024-04-18 10:00:00,0.0,BTCUSDT
2024-04-18 11:00:00,0.0,BTCUSDT
2024-04-18 12:00:00,0.0,BTCUSDT
2024-04-18 13:00:00,0.0,BTCUSDT
2024-04-18 14:00:00,0.0,BTCUSDT
2024-04-18 15:00:00,0.0,BTCUSDT
2024-04-18 16:00:00,0.00027941323937742647,BTCUSDT
2024-04-18 17:00:00,0.0,BTCUSDT
2024-04-18 18:00:00,0.0,BTCUSDT
2024-04-18 19:00:00,0.0,BTCUSDT
2024-04-18 20:00:00,0.0,BTCUSDT
2024-04-18 21:00:00,0.0,BTCUSDT
2024-04-18 22:00:00,0.0,BTCUSDT
2024-04-18 23:00:00,0.0,BTCUSDT
2024-04-19 00:00:00,-4.683475975569914e-05,BTCUSDT
2024-04-19 01:00:00,0.0,BTCUSDT
2024-04-19 02:00:00,0.0,BTCUSDT
2024-04-19 03:00:00,0.0,BTCUSDT
2024-04-19 04:00:00,0.0,BTCUSDT
2024-04-19 05:00:00,0.0,BTCUSDT
2024-04-19 06:00:00,0.0,BTCUSDT
2024-04-19 07:00:00,0.0,BTCUSDT
2024-04-19 08:00:00,0.00018195255919189947,BTCUSDT
2024-04-19 09:00:00,0.0,BTCUSDT
2024-04-19 10:00:00,0.0,BTCUSDT
2024-04-19 11:00:00,0.0,BTCUSDT
2024-04-19 12:00:00,0.0,BTCUSDT
2024-04-19 13:00:00,0.0,BTCUSDT
2024-04-19 14:00:00,0.0,BTCUSDT
2024-04-19 15:00:00,0.0,BTCUSDT
2024-04-19 16:00:00,0.0001394584531262413,BTCUSDT
2024-04-19 17:00:00,0.0,BTCUSDT
2024-04-19 18:00:00,0.0,BTCUSDT
2024-04-19 19:00:00,0.0,BTCUSDT
2024-04-19 20:00:00,0.0,BTCUSDT
2024-04-19 21:00:00,0.0,BTCUSDT
2024-04-19 22:00:00,0.0,BTCUSDT
2024-04-19 23:00:00,0.0,BTCUSDT
2024-04-20 00:00:00,0.000461861269946622,BTCUSDT
2024-04-20 01:00:00,0.0,BTCUSDT
2024-04-20 02:00:00,0.0,BTCUSDT
2024-04-20 03:00:00,0.0,BTCUSDT
2024-04-20 04:00:00,0.0,BTCUSDT
2024-04-20 05:00:00,0.0,BTCUSDT
2024-04-20 06:00:00,0.0,BTCUSDT
2024-04-20 07:00:00,0.0,BTCUSDT
2024-04-20 08:00:00,0.00010312366678992061,BTCUSDT
2024-04-20 09:00:00,0.0,BTCUSDT
2024-04-20 10:00:00,0.0,BTCUSDT
2024-04-20 11:00:00,0.0,BTCUSDT
2024-04-20 12:00:00,0.0,BTCUSDT
2024-04-20 13:00:00,0.0,BTCUSDT
2024-04-20 14:00:00,0.0,BTCUSDT
2024-04-20 15:00:00,0.0,BTCUSDT
2024-04-20 16:00:00,-0.00011838678007906261,BTCUSDT
2024-04-20 17:00:00,0.0,BTCUSDT
2024-04-20 18:00:00,0.0,BTCUSDT
2024-04-20 19:00:00,0.0,BTCUSDT
2024-04-20 20:00:00,0.0,BTCUSDT
2024-04-20 21:00:00,0.0,BTCUSDT
2024-04-20 22:00:00,0.0,BTCUSDT
2024-04-20 23:00:00,0.0,BTCUSDT
2024-04-21 00:00:00,0.00019264125841982462,BTCUSDT
2024-04-21 01:00:00,0.0,BTCUSDT
2024-04-21 02:00:00,0.0,BTCUSDT
2024-04-21 03:00:00,0.0,BTCUSDT
2024-04-21 04:00:00,0.0,BTCUSDT
2024-04-21 05:00:00,0.0,BTCUSDT
2024-04-21 06:00:00,0.0,BTCUSDT
2024-04-21 07:00:00,0.0,BTCUSDT
2024-04-21 08:00:00,0.0001520884526667112,BTCUSDT
2024-04-21 09:00:00,0.0,BTCUSDT
2024-04-21 10:00:00,0.0,BTCUSDT
2024-04-21 11:00:00,0.0,BTCUSDT
2024-04-21 12:00:00,0.0,BTCUSDT
2024-04-21 13:00:00,0.0,BTCUSDT
2024-04-21 14:00:00,0.0,BTCUSDT
2024-04-21 15:00:00,0.0,BTCUSDT
2024-04-21 16:00:00,0.0002358285550876391,BTCUSDT
2024-04-21 17:00:00,0.0,BTCUSDT
2024-04-21 18:00:00,0.0,BTCUSDT
2024-04-21 19:00:00,0.0,BTCUSDT
2024-04-21 20:00:00,0.0,BTCUSDT
2024-04-21 21:00:00,0.0,BTCUSDT
2024-04-21 22:00:00,0.0,BTCUSDT
2024-04-21 23:00:00,0.0,BTCUSDT
2024-04-22 00:00:00,0.0002513577359973964,BTCUSDT
2024-04-22 01:00:00,0.0,BTCUSDT
2024-04-22 02:00:00,0.0,BTCUSDT
2024-04-22 03:00:00,0.0,BTCUSDT
2024-04-22 04:00:00,0.0,BTCUSDT
2024-04-22 05:00:00,0.0,BTCUSDT
2024-04-22 06:00:00,0.0,BTCUSDT
2024-04-22 07:00:00,0.0,BTCUSDT
2024-04-22 08:00:00,0.00031635334553456576,BTCUSDT
2024-04-22 09:00:00,0.0,BTCUSDT
2024-04-22 10:00:00,0.0,BTCUSDT
2024-04-22 11:00:00,0.0,BTCUSDT
2024-04-22 12:00:00,0.0,BTCUSDT
2024-04-22 13:00:00,0.0,BTCUSDT
2024-04-22 14:00:00,0.0,BTCUSDT
2024-04-22 15:00:00,0.0,BTCUSDT
2024-04-22 16:00:00,0.0001498617191283458,BTCUSDT
2024-04-22 17:00:00,0.0,BTCUSDT
2024-04-22 18:00:00,0.0,BTCUSDT
2024-04-22 19:00:00,0.0,BTCUSDT
2024-04-22 20:00:00,0.0,BTCUSDT
2024-04-22 21:00:00,0.0,BTCUSDT
2024-04-22 22:00:00,0.0,BTCUSDT
2024-04-22 23:00:00,0.0,BTCUSDT
2024-04-23 00:00:00,0.00019997282474807428,BTCUSDT
2024-04-23 01:00:00,0.0,BTCUSDT
2024-04-23 02:00:00,0.0,BTCUSDT
2024-04-23 03:00:00,0.0,BTCUSDT
2024-04-23 04:00:00,0.0,BTCUSDT
2024-04-23 05:00:00,0.0,BTCUSDT
2024-04-23 06:00:00,0.0,BTCUSDT
2024-04-23 07:00:00,0.0,BTCUSDT
2024-04-23 08:00:00,0.0004908314867500573,BTCUSDT
2024-04-23 09:00:00,0.0,BTCUSDT
2024-04-23 10:00:00,0.0,BTCUSDT
2024-04-23 11:00:00,0.0,BTCUSDT
2024-04-23 12:00:00,0.0,BTCUSDT
2024-04-23 13:00:00,0.0,BTCUSDT
2024-04-23 14:00:00,0.0,BTCUSDT
2024-04-23 15:00:00,0.0,BTCUSDT
2024-04-23 16:00:00,-4.84968465076768e-05,BTCUSDT
2024-04-23 17:00:00,0.0,BTCUSDT
2024-04-23 18:00:00,0.0,BTCUSDT
2024-04-23 19:00:00,0.0,BTCUSDT
2024-04-23 20:00:00,0.0,BTCUSDT
2024-04-23 21:00:00,0.0,BTCUSDT
2024-04-23 22:00:00,0.0,BTCUSDT
2024-04-23 23:00:00,0.0,BTCUSDT
2024-04-24 00:00:00,3.297244376570965e-05,BTCUSDT
2024-04-24 01:00:00,0.0,BTCUSDT
2024-04-24 02:00:00,0.0,BTCUSDT
2024-04-24 03:00:00,0.0,BTCUSDT
2024-04-24 04:00:00,0.0,BTCUSDT
2024-04-24 05:00:00,0.0,BTCUSDT
2024-04-24 06:00:00,0.0,BTCUSDT
2024-04-24 07:00:00,0.0,BTCUSDT
2024-04-24 08:00:00,-0.00040591201553886064,BTCUSDT
2024-04-24 09:00:00,0.0,BTCUSDT
2024-04-24 10:00:00,0.0,BTCUSDT
2024-04-24 11:00:00,0.0,BTCUSDT
2024-04-24 12:00:00,0.0,BTCUSDT
2024-04-24 13:00:00,0.0,BTCUSDT
2024-04-24 14:00:00,0.0,BTCUSDT
2024-04-24 15:00:00,0.0,BTCUSDT
2024-04-24 16:00:00,6.8388861763674265e-06,BTCUSDT
2024-04-24 17:00:00,0.0,BTCUSDT
2024-04-24 18:00:00,0.0,BTCUSDT
2024-04-24 19:00:00,0.0,BTCUSDT
2024-04-24 20:00:00,0.0,BTCUSDT
2024-04-24 21:00:00,0.0,BTCUSDT
2024-04-24 22:00:00,0.0,BTCUSDT
2024-04-24 23:00:00,0.0,BTCUSDT
2024-04-25 00:00:00,0.0002259059168443622,BTCUSDT
2024-04-25 01:00:00,0.0,BTCUSDT
2024-04-25 02:00:00,0.0,BTCUSDT
2024-04-25 03:00:00,0.0,BTCUSDT
2024-04-25 04:00:00,0.0,BTCUSDT
2024-04-25 05:00:00,0.0,BTCUSDT
2024-04-25 06:00:00,0.0,BTCUSDT
2024-04-25 07:00:00,0.0,BTCUSDT
2024-04-25 08:00:00,-3.2859287775143496e-06,BTCUSDT
2024-04-25 09:00:00,0.0,BTCUSDT
2024-04-25 10:00:00,0.0,BTCUSDT
2024-04-25 11:00:00,0.0,BTCUSDT
2024-04-25 12:00:00,0.0,BTCUSDT
2024-04-25 13:00:00,0.0,BTCUSDT
2024-04-25 14:00:00,0.0,BTCUSDT
2024-04-25 15:00:00,0.0,BTCUSDT
2024-04-25 16:00:00,4.876404950092398e-05,BTCUSDT
2024-04-25 17:00:00,0.0,BTCUSDT
2024-04-25 18:00:00,0.0,BTCUSDT
2024-04-25 19:00:00,0.0,BTCUSDT
2024-04-25 20:00:00,0.0,BTCUSDT
2024-04-25 21:00:00,0.0,BTCUSDT
2024-04-25 22:00:00,0.0,BTCUSDT
2024-04-25 23:00:00,0.0,BTCUSDT
2024-04-26 00:00:00,2.5594157610145786e-06,BTCUSDT
2024-04-26 01:00:00,0.0,BTCUSDT
2024-04-26 02:00:00,0.0,BTCUSDT
2024-04-26 03:00:00,0.0,BTCUSDT
2024-04-26 04:00:00,0.0,BTCUSDT
2024-04-26 05:00:00,0.0,BTCUSDT
2024-04-26 06:00:00,0.0,BTCUSDT
2024-04-26 07:00:00,0.0,BTCUSDT
2024-04-26 08:00:00,1.7400435571313192e-05,BTCUSDT
2024-04-26 09:00:00,0.0,BTCUSDT
2024-04-26 10:00:00,0.0,BTCUSDT
2024-04-26 11:00:00,0.0,BTCUSDT
2024-04-26 12:00:00,0.0,BTCUSDT
2024-04-26 13:00:00,0.0,BTCUSDT
2024-04-26 14:00:00,0.0,BTCUSDT
2024-04-26 15:00:00,0.0,BTCUSDT
2024-04-26 16:00:00,0.00013676690326450087,BTCUSDT
2024-04-26 17:00:00,0.0,BTCUSDT
2024-04-26 18:00:00,0.0,BTCUSDT
2024-04-26 19:00:00,0.0,BTCUSDT
2024-04-26 20:00:00,0.0,BTCUSDT
2024-04-26 21:00:00,0.0,BTCUSDT
2024-04-26 22:00:00,0.0,BTCUSDT
2024-04-26 23:00:00,0.0,BTCUSDT
2024-04-27 00:00:00,0.00028307805511203237,BTCUSDT
2024-04-27 01:00:00,0.0,BTCUSDT
2024-04-27 02:00:00,0.0,BTCUSDT
2024-04-27 03:00:00,0.0,BTCUSDT
2024-04-27 04:00:00,0.0,BTCUSDT
2024-04-27 05:00:00,0.0,BTCUSDT
2024-04-27 06:00:00,0.0,BTCUSDT
2024-04-27 07:00:00,0.0,BTCUSDT
2024-04-27 08:00:00,0.00019641334546707725,BTCUSDT
2024-04-27 09:00:00,0.0,BTCUSDT
2024-04-27 10:00:00,0.0,BTCUSDT
2024-04-27 11:00:00,0.0,BTCUSDT
2024-04-27 12:00:00,0.0,BTCUSDT
2024-04-27 13:00:00,0.0,BTCUSDT
2024-04-27 14:00:00,0.0,BTCUSDT
2024-04-27 15:00:00,0.0,BTCUSDT
2024-04-27 16:00:00,8.951910988450611e-05,BTCUSDT
2024-04-27 17:00:00,0.0,BTCUSDT
2024-04-27 18:00:00,0.0,BTCUSDT
2024-04-27 19:00:00,0.0,BTCUSDT
2024-04-27 20:00:00,0.0,BTCUSDT
2024-04-27 21:00:00,0.0,BTCUSDT
2024-04-27 22:00:00,0.0,BTCUSDT
2024-04-27 23:00:00,0.0,BTCUSDT
2024-04-28 00:00:00,0.0004125777537016396,BTCUSDT
2024-04-28 01:00:00,0.0,BTCUSDT
2024-04-28 02:00:00,0.0,BTCUSDT
2024-04-28 03:00:00,0.0,BTCUSDT
2024-04-28 04:00:00,0.0,BTCUSDT
2024-04-28 05:00:00,0.0,BTCUSDT
2024-04-28 06:00:00,0.0,BTCUSDT
2024-04-28 07:00:00,0.0,BTCUSDT
2024-04-28 08:00:00,0.00015912489774941904,BTCUSDT
2024-04-28 09:00:00,0.0,BTCUSDT
2024-04-28 10:00:00,0.0,BTCUSDT
2024-04-28 11:00:00,0.0,BTCUSDT
2024-04-28 12:00:00,0.0,BTCUSDT
2024-04-28 13:00:00,0.0,BTCUSDT
2024-04-28 14:00:00,0.0,BTCUSDT
2024-04-28 15:00:00,0.0,BTCUSDT
2024-04-28 16:00:00,-2.1575052135163573e-05,BTCUSDT
2024-04-28 17:00:00,0.0,BTCUSDT
2024-04-28 18:00:00,0.0,BTCUSDT
2024-04-28 19:00:00,0.0,BTCUSDT
2024-04-28 20:00:00,0.0,BTCUSDT
2024-04-28 21:00:00,0.0,BTCUSDT
2024-04-28 22:00:00,0.0,BTCUSDT
2024-04-28 23:00:00,0.0,BTCUSDT
2024-04-29 00:00:00,-4.358377814952037e-05,BTCUSDT
2024-04-29 01:00:00,0.0,BTCUSDT
2024-04-29 02:00:00,0.0,BTCUSDT
2024-04-29 03:00:00,0.0,BTCUSDT
2024-04-29 04:00:00,0.0,BTCUSDT
2024-04-29 05:00:00,0.0,BTCUSDT
2024-04-29 06:00:00,0.0,BTCUSDT
2024-04-29 07:00:00,0.0,BTCUSDT
2024-04-29 08:00:00,0.00018172146154035355,BTCUSDT
2024-04-29 09:00:00,0.0,BTCUSDT
2024-04-29 10:00:00,0.0,BTCUSDT
2024-04-29 11:00:00,0.0,BTCUSDT
2024-04-29 12:00:00,0.0,BTCUSDT
2024-04-29 13:00:00,0.0,BTCUSDT
2024-04-29 14:00:00,0.0,BTCUSDT
2024-04-29 15:00:00,0.0,BTCUSDT
2024-04-29 16:00:00,-0.0003174054037204138,BTCUSDT
2024-04-29 17:00:00,0.0,BTCUSDT
2024-04-29 18:00:00,0.0,BTCUSDT
2024-04-29 19:00:00,0.0,BTCUSDT
2024-04-29 20:00:00,0.0,BTCUSDT
2024-04-29 21:00:00,0.0,BTCUSDT
2024-04-29 22:00:00,0.0,BTCUSDT
2024-04-29 23:00:00,0.0,BTCUSDT
2024-04-30 00:00:00,-0.00034764624666499443,BTCUSDT
2024-04-30 01:00:00,0.0,BTCUSDT
2024-04-30 02:00:00,0.0,BTCUSDT
2024-04-30 03:00:00,0.0,BTCUSDT
2024-04-30 04:00:00,0.0,BTCUSDT
2024-04-30 05:00:00,0.0,BTCUSDT
2024-04-30 06:00:00,0.0,BTCUSDT
2024-04-30 07:00:00,0.0,BTCUSDT
2024-04-30 08:00:00,2.2995637657427273e-05,BTCUSDT
2024-04-30 09:00:00,0.0,BTCUSDT
2024-04-30 10:00:00,0.0,BTCUSDT
2024-04-30 11:00:00,0.0,BTCUSDT
2024-04-30 12:00:00,0.0,BTCUSDT
2024-04-30 13:00:00,0.0,BTCUSDT
2024-04-30 14:00:00,0.0,BTCUSDT
2024-04-30 15:00:00,0.0,BTCUSDT
2024-04-30 16:00:00,-0.0003168225878997177,BTCUSDT
2024-04-30 17:00:00,0.0,BTCUSDT
2024-04-30 18:00:00,0.0,BTCUSDT
2024-04-30 19:00:00,0.0,BTCUSDT
2024-04-30 20:00:00,0.0,BTCUSDT
2024-04-30 21:00:00,0.0,BTCUSDT
2024-04-30 22:00:00,0.0,BTCUSDT
2024-04-30 23:00:00,0.0,BTCUSDT
2024-05-01 00:00:00,-0.00020343473933433584,BTCUSDT
2024-05-01 01:00:00,0.0,BTCUSDT
2024-05-01 02:00:00,0.0,BTCUSDT
2024-05-01 03:00:00,0.0,BTCUSDT
2024-05-01 04:00:00,0.0,BTCUSDT
2024-05-01 05:00:00,0.0,BTCUSDT
2024-05-01 06:00:00,0.0,BTCUSDT
2024-05-01 07:00:00,0.0,BTCUSDT
2024-05-01 08:00:00,-4.619125514309466e-05,BTCUSDT
2024-05-01 09:00:00,0.0,BTCUSDT
2024-05-01 10:00:00,0.0,BTCUSDT
2024-05-01 11:00:00,0.0,BTCUSDT
2024-05-01 12:00:00,0.0,BTCUSDT
2024-05-01 13:00:00,0.0,BTCUSDT
2024-05-01 14:00:00,0.0,BTCUSDT
2024-05-01 15:00:00,0.0,BTCUSDT
2024-05-01 16:00:00,-4.376647752174608e-05,BTCUSDT
2024-05-01 17:00:00,0.0,BTCUSDT
2024-05-01 18:00:00,0.0,BTCUSDT
2024-05-01 19:00:00,0.0,BTCUSDT
2024-05-01 20:00:00,0.0,BTCUSDT
2024-05-01 21:00:00,0.0,BTCUSDT
2024-05-01 22:00:00,0.0,BTCUSDT
2024-05-01 23:00:00,0.0,BTCUSDT
2024-05-02 00:00:00,0.0004156236115124369,BTCUSDT
2024-05-02 01:00:00,0.0,BTCUSDT
2024-05-02 02:00:00,0.0,BTCUSDT
2024-05-02 03:00:00,0.0,BTCUSDT
2024-05-02 04:00:00,0.0,BTCUSDT
2024-05-02 05:00:00,0.0,BTCUSDT
2024-05-02 06:00:00,0.0,BTCUSDT
2024-05-02 07:00:00,0.0,BTCUSDT
2024-05-02 08:00:00,-2.07961251938459e-05,BTCUSDT
2024-05-02 09:00:00,0.0,BTCUSDT
2024-05-02 10:00:00,0.0,BTCUSDT
2024-05-02 11:00:00,0.0,BTCUSDT
2024-05-02 12:00:00,0.0,BTCUSDT
2024-05-02 13:00:00,0.0,BTCUSDT
2024-05-02 14:00:00,0.0,BTCUSDT
2024-05-02 15:00:00,0.0,BTCUSDT
2024-05-02 16:00:00,0.00016481140564431214,BTCUSDT
2024-05-02 17:00:00,0.0,BTCUSDT
2024-05-02 18:00:00,0.0,BTCUSDT
2024-05-02 19:00:00,0.0,BTCUSDT
2024-05-02 20:00:00,0.0,BTCUSDT
2024-05-02 21:00:00,0.0,BTCUSDT
2024-05-02 22:00:00,0.0,BTCUSDT
2024-05-02 23:00:00,0.0,BTCUSDT
2024-05-03 00:00:00,0.00019333419639321623,BTCUSDT
2024-05-03 01:00:00,0.0,BTCUSDT
2024-05-03 02:00:00,0.0,BTCUSDT
2024-05-03 03:00:00,0.0,BTCUSDT
2024-05-03 04:00:00,0.0,BTCUSDT
2024-05-03 05:00:00,0.0,BTCUSDT
2024-05-03 06:00:00,0.0,BTCUSDT
2024-05-03 07:00:00,0.0,BTCUSDT
2024-05-03 08:00:00,-6.490283230553471e-05,BTCUSDT
2024-05-03 09:00:00,0.0,BTCUSDT
2024-05-03 10:00:00,0.0,BTCUSDT
2024-05-03 11:00:00,0.0,BTCUSDT
2024-05-03 12:00:00,0.0,BTCUSDT
2024-05-03 13:00:00,0.0,BTCUSDT
2024-05-03 14:00:00,0.0,BTCUSDT
2024-05-03 15:00:00,0.0,BTCUSDT
2024-05-03 16:00:00,-0.00026412066010970346,BTCUSDT
2024-05-03 17:00:00,0.0,BTCUSDT
2024-05-03 18:00:00,0.0,BTCUSDT
2024-05-03 19:00:00,0.0,BTCUSDT
2024-05-03 20:00:00,0.0,BTCUSDT
2024-05-03 21:00:00,0.0,BTCUSDT
2024-05-03 22:00:00,0.0,BTCUSDT
2024-05-03 23:00:00,0.0,BTCUSDT
2024-05-04 00:00:00,0.0003527413355309337,BTCUSDT
2024-05-04 01:00:00,0.0,BTCUSDT
2024-05-04 02:00:00,0.0,BTCUSDT
2024-05-04 03:00:00,0.0,BTCUSDT
2024-05-04 04:00:00,0.0,BTCUSDT
2024-05-04 05:00:00,0.0,BTCUSDT
2024-05-04 06:00:00,0.0,BTCUSDT
2024-05-04 07:00:00,0.0,BTCUSDT
2024-05-04 08:00:00,-0.00023097748724565923,BTCUSDT
2024-05-04 09:00:00,0.0,BTCUSDT
2024-05-04 10:00:00,0.0,BTCUSDT
2024-05-04 11:00:00,0.0,BTCUSDT
2024-05-04 12:00:00,0.0,BTCUSDT
2024-05-04 13:00:00,0.0,BTCUSDT
2024-05-04 14:00:00,0.0,BTCUSDT
2024-05-04 15:00:00,0.0,BTCUSDT
2024-05-04 16:00:00,0.00011440737225674896,BTCUSDT
2024-05-04 17:00:00,0.0,BTCUSDT
2024-05-04 18:00:00,0.0,BTCUSDT
2024-05-04 19:00:00,0.0,BTCUSDT
2024-05-04 20:00:00,0.0,BTCUSDT
2024-05-04 21:00:00,0.0,BTCUSDT
2024-05-04 22:00:00,0.0,BTCUSDT
2024-05-04 23:00:00,0.0,BTCUSDT
2024-05-05 00:00:00,-0.0002815615115754782,BTCUSDT
2024-05-05 01:00:00,0.0,BTCUSDT
2024-05-05 02:00:00,0.0,BTCUSDT
2024-05-05 03:00:00,0.0,BTCUSDT
2024-05-05 04:00:00,0.0,BTCUSDT
2024-05-05 05:00:00,0.0,BTCUSDT
2024-05-05 06:00:00,0.0,BTCUSDT
2024-05-05 07:00:00,0.0,BTCUSDT
2024-05-05 08:00:00,0.00031653821077741467,BTCUSDT
2024-05-05 09:00:00,0.0,BTCUSDT
2024-05-05 10:00:00,0.0,BTCUSDT
2024-05-05 11:00:00,0.0,BTCUSDT
2024-05-05 12:00:00,0.0,BTCUSDT
2024-05-05 13:00:00,0.0,BTCUSDT
2024-05-05 14:00:00,0.0,BTCUSDT
2024-05-05 15:00:00,0.0,BTCUSDT
2024-05-05 16:00:00,-0.00020386921509536851,BTCUSDT
2024-05-05 17:00:00,0.0,BTCUSDT
2024-05-05 18:00:00,0.0,BTCUSDT
2024-05-05 19:00:00,0.0,BTCUSDT
2024-05-05 20:00:00,0.0,BTCUSDT
2024-05-05 21:00:00,0.0,BTCUSDT
2024-05-05 22:00:00,0.0,BTCUSDT
2024-05-05 23:00:00,0.0,BTCUSDT
2024-05-06 00:00:00,-0.00027394833993908414,BTCUSDT
2024-05-06 01:00:00,0.0,BTCUSDT
2024-05-06 02:00:00,0.0,BTCUSDT
2024-05-06 03:00:00,0.0,BTCUSDT
2024-05-06 04:00:00,0.0,BTCUSDT
2024-05-06 05:00:00,0.0,BTCUSDT
2024-05-06 06:00:00,0.0,BTCUSDT
2024-05-06 07:00:00,0.0,BTCUSDT
2024-05-06 08:00:00,0.00019070174251089347,BTCUSDT
2024-05-06 09:00:00,0.0,BTCUSDT
2024-05-06 10:00:00,0.0,BTCUSDT
2024-05-06 11:00:00,0.0,BTCUSDT
2024-05-06 12:00:00,0.0,BTCUSDT
2024-05-06 13:00:00,0.0,BTCUSDT
2024-05-06 14:00:00,0.0,BTCUSDT
2024-05-06 15:00:00,0.0,BTCUSDT
2024-05-06 16:00:00,0.00022204323391784451,BTCUSDT
2024-05-06 17:00:00,0.0,BTCUSDT
2024-05-06 18:00:00,0.0,BTCUSDT
2024-05-06 19:00:00,0.0,BTCUSDT
2024-05-06 20:00:00,0.0,BTCUSDT
2024-05-06 21:00:00,0.0,BTCUSDT
2024-05-06 22:00:00,0.0,BTCUSDT
2024-05-06 23:00:00,0.0,BTCUSDT
2024-05-07 00:00:00,0.00018509798664804607,BTCUSDT
2024-05-07 01:00:00,0.0,BTCUSDT
2024-05-07 02:00:00,0.0,BTCUSDT
2024-05-07 03:00:00,0.0,BTCUSDT
2024-05-07 04:00:00,0.0,BTCUSDT
2024-05-07 05:00:00,0.0,BTCUSDT
2024-05-07 06:00:00,0.0,BTCUSDT
2024-05-07 07:00:00,0.0,BTCUSDT
2024-05-07 08:00:00,-1.1109355897373317e-05,BTCUSDT
2024-05-07 09:00:00,0.0,BTCUSDT
2024-05-07 10:00:00,0.0,BTCUSDT
2024-05-07 11:00:00,0.0,BTCUSDT
2024-05-07 12:00:00,0.0,BTCUSDT
2024-05-07 13:00:00,0.0,BTCUSDT
2024-05-07 14:00:00,0.0,BTCUSDT
2024-05-07 15:00:00,0.0,BTCUSDT
2024-05-07 16:00:00,-0.0002028940618361534,BTCUSDT
2024-05-07 17:00:00,0.0,BTCUSDT
2024-05-07 18:00:00,0.0,BTCUSDT
2024-05-07 19:00:00,0.0,BTCUSDT
2024-05-07 20:00:00,0.0,BTCUSDT
2024-05-07 21:00:00,0.0,BTCUSDT
2024-05-07 22:00:00,0.0,BTCUSDT
2024-05-07 23:00:00,0.0,BTCUSDT
2024-05-08 00:00:00,0.0001404657592845604,BTCUSDT
2024-05-08 01:00:00,0.0,BTCUSDT
2024-05-08 02:00:00,0.0,BTCUSDT
2024-05-08 03:00:00,0.0,BTCUSDT
2024-05-08 04:00:00,0.0,BTCUSDT
2024-05-08 05:00:00,0.0,BTCUSDT
2024-05-08 06:00:00,0.0,BTCUSDT
2024-05-08 07:00:00,0.0,BTCUSDT
2024-05-08 08:00:00,0.0003401063316947745,BTCUSDT
2024-05-08 09:00:00,0.0,BTCUSDT
2024-05-08 10:00:00,0.0,BTCUSDT
2024-05-08 11:00:00,0.0,BTCUSDT
2024-05-08 12:00:00,0.0,BTCUSDT
2024-05-08 13:00:00,0.0,BTCUSDT
2024-05-08 14:00:00,0.0,BTCUSDT
2024-05-08 15:00:00,0.0,BTCUSDT
2024-05-08 16:00:00,-0.000290220372807725,BTCUSDT
2024-05-08 17:00:00,0.0,BTCUSDT
2024-05-08 18:00:00,0.0,BTCUSDT
2024-05-08 19:00:00,0.0,BTCUSDT
2024-05-08 20:00:00,0.0,BTCUSDT
2024-05-08 21:00:00,0.0,BTCUSDT
2024-05-08 22:00:00,0.0,BTCUSDT
2024-05-08 23:00:00,0.0,BTCUSDT
2024-05-09 00:00:00,0.00030834493281177026,BTCUSDT
2024-05-09 01:00:00,0.0,BTCUSDT
2024-05-09 02:00:00,0.0,BTCUSDT
2024-05-09 03:00:00,0.0,BTCUSDT
2024-05-09 04:00:00,0.0,BTCUSDT
2024-05-09 05:00:00,0.0,BTCUSDT
2024-05-09 06:00:00,0.0,BTCUSDT
2024-05-09 07:00:00,0.0,BTCUSDT
2024-05-09 08:00:00,-4.5920493961481914e-05,BTCUSDT
2024-05-09 09:00:00,0.0,BTCUSDT
2024-05-09 10:00:00,0.0,BTCUSDT
2024-05-09 11:00:00,0.0,BTCUSDT
2024-05-09 12:00:00,0.0,BTCUSDT
2024-05-09 13:00:00,0.0,BTCUSDT
2024-05-09 14:00:00,0.0,BTCUSDT
2024-05-09 15:00:00,0.0,BTCUSDT
2024-05-09 16:00:00,3.982805057183475e-05,BTCUSDT
2024-05-09 17:00:00,0.0,BTCUSDT
2024-05-09 18:00:00,0.0,BTCUSDT
2024-05-09 19:00:00,0.0,BTCUSDT
2024-05-09 20:00:00,0.0,BTCUSDT
2024-05-09 21:00:00,0.0,BTCUSDT
2024-05-09 22:00:00,0.0,BTCUSDT
2024-05-09 23:00:00,0.0,BTCUSDT
2024-05-10 00:00:00,3.2877032306925883e-06,BTCUSDT
2024-05-10 01:00:00,0.0,BTCUSDT
2024-05-10 02:00:00,0.0,BTCUSDT
2024-05-10 03:00:00,0.0,BTCUSDT
2024-05-10 04:00:00,0.0,BTCUSDT
2024-05-10 05:00:00,0.0,BTCUSDT
2024-05-10 06:00:00,0.0,BTCUSDT
2024-05-10 07:00:00,0.0,BTCUSDT
2024-05-10 08:00:00,0.00011453610486586827,BTCUSDT
2024-05-10 09:00:00,0.0,BTCUSDT
2024-05-10 10:00:00,0.0,BTCUSDT
2024-05-10 11:00:00,0.0,BTCUSDT
2024-05-10 12:00:00,0.0,BTCUSDT
2024-05-10 13:00:00,0.0,BTCUSDT
2024-05-10 14:00:00,0.0,BTCUSDT
2024-05-10 15:00:00,0.0,BTCUSDT
2024-05-10 16:00:00,0.0002903099541148086,BTCUSDT
2024-05-10 17:00:00,0.0,BTCUSDT
2024-05-10 18:00:00,0.0,BTCUSDT
2024-05-10 19:00:00,0.0,BTCUSDT
2024-05-10 20:00:00,0.0,BTCUSDT
2024-05-10 21:00:00,0.0,BTCUSDT
2024-05-10 22:00:00,0.0,BTCUSDT
2024-05-10 23:00:00,0.0,BTCUSDT
2024-05-11 00:00:00,0.00018645259012683112,BTCUSDT
2024-05-11 01:00:00,0.0,BTCUSDT
2024-05-11 02:00:00,0.0,BTCUSDT
2024-05-11 03:00:00,0.0,BTCUSDT
2024-05-11 04:00:00,0.0,BTCUSDT
2024-05-11 05:00:00,0.0,BTCUSDT
2024-05-11 06:00:00,0.0,BTCUSDT
2024-05-11 07:00:00,0.0,BTCUSDT
2024-05-11 08:00:00,-0.0004813976438643283,BTCUSDT
2024-05-11 09:00:00,0.0,BTCUSDT
2024-05-11 10:00:00,0.0,BTCUSDT
2024-05-11 11:00:00,0.0,BTCUSDT
2024-05-11 12:00:00,0.0,BTCUSDT
2024-05-11 13:00:00,0.0,BTCUSDT
2024-05-11 14:00:00,0.0,BTCUSDT
2024-05-11 15:00:00,0.0,BTCUSDT
2024-05-11 16:00:00,-2.1300677643147937e-05,BTCUSDT
2024-05-11 17:00:00,0.0,BTCUSDT
2024-05-11 18:00:00,0.0,BTCUSDT
2024-05-11 19:00:00,0.0,BTCUSDT
2024-05-11 20:00:00,0.0,BTCUSDT
2024-05-11 21:00:00,0.0,BTCUSDT
2024-05-11 22:00:00,0.0,BTCUSDT
2024-05-11 23:00:00,0.0,BTCUSDT
2024-05-12 00:00:00,8.067526599702207e-05,BTCUSDT
2024-05-12 01:00:00,0.0,BTCUSDT
2024-05-12 02:00:00,0.0,BTCUSDT
2024-05-12 03:00:00,0.0,BTCUSDT
2024-05-12 04:00:00,0.0,BTCUSDT
2024-05-12 05:00:00,0.0,BTCUSDT
2024-05-12 06:00:00,0.0,BTCUSDT
2024-05-12 07:00:00,0.0,BTCUSDT
2024-05-12 08:00:00,-0.0001933570381231354,BTCUSDT
2024-05-12 09:00:00,0.0,BTCUSDT
2024-05-12 10:00:00,0.0,BTCUSDT
2024-05-12 11:00:00,0.0,BTCUSDT
2024-05-12 12:00:00,0.0,BTCUSDT
2024-05-12 13:00:00,0.0,BTCUSDT
2024-05-12 14:00:00,0.0,BTCUSDT
2024-05-12 15:00:00,0.0,BTCUSDT
2024-05-12 16:00:00,-5.603982582349255e-05,BTCUSDT
2024-05-12 17:00:00,0.0,BTCUSDT
2024-05-12 18:00:00,0.0,BTCUSDT
2024-05-12 19:00:00,0.0,BTCUSDT
2024-05-12 20:00:00,0.0,BTCUSDT
2024-05-12 21:00:00,0.0,BTCUSDT
2024-05-12 22:00:00,0.0,BTCUSDT
2024-05-12 23:00:00,0.0,BTCUSDT
2024-05-13 00:00:00,0.0005563303673077686,BTCUSDT
2024-05-13 01:00:00,0.0,BTCUSDT
2024-05-13 02:00:00,0.0,BTCUSDT
2024-05-13 03:00:00,0.0,BTCUSDT
2024-05-13 04:00:00,0.0,BTCUSDT
2024-05-13 05:00:00,0.0,BTCUSDT
2024-05-13 06:00:00,0.0,BTCUSDT
2024-05-13 07:00:00,0.0,BTCUSDT
2024-05-13 08:00:00,0.0001370351073659828,BTCUSDT
2024-05-13 09:00:00,0.0,BTCUSDT
2024-05-13 10:00:00,0.0,BTCUSDT
2024-05-13 11:00:00,0.0,BTCUSDT
2024-05-13 12:00:00,0.0,BTCUSDT
2024-05-13 13:00:00,0.0,BTCUSDT
2024-05-13 14:00:00,0.0,BTCUSDT
2024-05-13 15:00:00,0.0,BTCUSDT
2024-05-13 16:00:00,0.0002800797176790127,BTCUSDT
2024-05-13 17:00:00,0.0,BTCUSDT
2024-05-13 18:00:00,0.0,BTCUSDT
2024-05-13 19:00:00,0.0,BTCUSDT
2024-05-13 20:00:00,0.0,BTCUSDT
2024-05-13 21:00:00,0.0,BTCUSDT
2024-05-13 22:00:00,0.0,BTCUSDT
2024-05-13 23:00:00,0.0,BTCUSDT
2024-05-14 00:00:00,-0.0002313246415355548,BTCUSDT
2024-05-14 01:00:00,0.0,BTCUSDT
2024-05-14 02:00:00,0.0,BTCUSDT
2024-05-14 03:00:00,0.0,BTCUSDT
2024-05-14 04:00:00,0.0,BTCUSDT
2024-05-14 05:00:00,0.0,BTCUSDT
2024-05-14 06:00:00,0.0,BTCUSDT
2024-05-14 07:00:00,0.0,BTCUSDT
2024-05-14 08:00:00,0.00015675020473230022,BTCUSDT
2024-05-14 09:00:00,0.0,BTCUSDT
2024-05-14 10:00:00,0.0,BTCUSDT
2024-05-14 11:00:00,0.0,BTCUSDT
2024-05-14 12:00:00,0.0,BTCUSDT
2024-05-14 13:00:00,0.0,BTCUSDT
2024-05-14 14:00:00,0.0,BTCUSDT
2024-05-14 15:00:00,0.0,BTCUSDT
2024-05-14 16:00:00,-0.00011417048373688777,BTCUSDT
2024-05-14 17:00:00,0.0,BTCUSDT
2024-05-14 18:00:00,0.0,BTCUSDT
2024-05-14 19:00:00,0.0,BTCUSDT
2024-05-14 20:00:00,0.0,BTCUSDT
2024-05-14 21:00:00,0.0,BTCUSDT
2024-05-14 22:00:00,0.0,BTCUSDT
2024-05-14 23:00:00,0.0,BTCUSDT
2024-05-15 00:00:00,0.00010249986438145007,BTCUSDT
2024-05-15 01:00:00,0.0,BTCUSDT
2024-05-15 02:00:00,0.0,BTCUSDT
2024-05-15 03:00:00,0.0,BTCUSDT
2024-05-15 04:00:00,0.0,BTCUSDT
2024-05-15 05:00:00,0.0,BTCUSDT
2024-05-15 06:00:00,0.0,BTCUSDT
2024-05-15 07:00:00,0.0,BTCUSDT
2024-05-15 08:00:00,0.00014579927849186805,BTCUSDT
2024-05-15 09:00:00,0.0,BTCUSDT
2024-05-15 10:00:00,0.0,BTCUSDT
2024-05-15 11:00:00,0.0,BTCUSDT
2024-05-15 12:00:00,0.0,BTCUSDT
2024-05-15 13:00:00,0.0,BTCUSDT
2024-05-15 14:00:00,0.0,BTCUSDT
2024-05-15 15:00:00,0.0,BTCUSDT
2024-05-15 16:00:00,-7.621366733225845e-05,BTCUSDT
2024-05-15 17:00:00,0.0,BTCUSDT
2024-05-15 18:00:00,0.0,BTCUSDT
2024-05-15 19:00:00,0.0,BTCUSDT
2024-05-15 20:00:00,0.0,BTCUSDT
2024-05-15 21:00:00,0.0,BTCUSDT
2024-05-15 22:00:00,0.0,BTCUSDT
2024-05-15 23:00:00,0.0,BTCUSDT
2024-05-16 00:00:00,0.00023308336473835576,BTCUSDT
2024-05-16 01:00:00,0.0,BTCUSDT
2024-05-16 02:00:00,0.0,BTCUSDT
2024-05-16 03:00:00,0.0,BTCUSDT
2024-05-16 04:00:00,0.0,BTCUSDT
2024-05-16 05:00:00,0.0,BTCUSDT
2024-05-16 06:00:00,0.0,BTCUSDT
2024-05-16 07:00:00,0.0,BTCUSDT
2024-05-16 08:00:00,0.00027628150578471426,BTCUSDT
2024-05-16 09:00:00,0.0,BTCUSDT
2024-05-16 10:00:00,0.0,BTCUSDT
2024-05-16 11:00:00,0.0,BTCUSDT
2024-05-16 12:00:00,0.0,BTCUSDT
2024-05-16 13:00:00,0.0,BTCUSDT
2024-05-16 14:00:00,0.0,BTCUSDT
2024-05-16 15:00:00,0.0,BTCUSDT
2024-05-16 16:00:00,-7.234061405125162e-05,BTCUSDT
2024-05-16 17:00:00,0.0,BTCUSDT
2024-05-16 18:00:00,0.0,BTCUSDT
2024-05-16 19:00:00,0.0,BTCUSDT
2024-05-16 20:00:00,0.0,BTCUSDT
2024-05-16 21:00:00,0.0,BTCUSDT
2024-05-16 22:00:00,0.0,BTCUSDT
2024-05-16 23:00:00,0.0,BTCUSDT
2024-05-17 00:00:00,-2.554678121690112e-05,BTCUSDT
2024-05-17 01:00:00,0.0,BTCUSDT
2024-05-17 02:00:00,0.0,BTCUSDT
2024-05-17 03:00:00,0.0,BTCUSDT
2024-05-17 04:00:00,0.0,BTCUSDT
2024-05-17 05:00:00,0.0,BTCUSDT
2024-05-17 06:00:00,0.0,BTCUSDT
2024-05-17 07:00:00,0.0,BTCUSDT
2024-05-17 08:00:00,0.0004352786054416406,BTCUSDT
2024-05-17 09:00:00,0.0,BTCUSDT
2024-05-17 10:00:00,0.0,BTCUSDT
2024-05-17 11:00:00,0.0,BTCUSDT
2024-05-17 12:00:00,0.0,BTCUSDT
2024-05-17 13:00:00,0.0,BTCUSDT
2024-05-17 14:00:00,0.0,BTCUSDT
2024-05-17 15:00:00,0.0,BTCUSDT
2024-05-17 16:00:00,0.00032016427968452105,BTCUSDT
2024-05-17 17:00:00,0.0,BTCUSDT
2024-05-17 18:00:00,0.0,BTCUSDT
2024-05-17 19:00:00,0.0,BTCUSDT
2024-05-17 20:00:00,0.0,BTCUSDT
2024-05-17 21:00:00,0.0,BTCUSDT
2024-05-17 22:00:00,0.0,BTCUSDT
2024-05-17 23:00:00,0.0,BTCUSDT
2024-05-18 00:00:00,0.0005172094099074228,BTCUSDT
2024-05-18 01:00:00,0.0,BTCUSDT
2024-05-18 02:00:00,0.0,BTCUSDT
2024-05-18 03:00:00,0.0,BTCUSDT
2024-05-18 04:00:00,0.0,BTCUSDT
2024-05-18 05:00:00,0.0,BTCUSDT
2024-05-18 06:00:00,0.0,BTCUSDT
2024-05-18 07:00:00,0.0,BTCUSDT
2024-05-18 08:00:00,0.00013922629180478148,BTCUSDT
2024-05-18 09:00:00,0.0,BTCUSDT
2024-05-18 10:00:00,0.0,BTCUSDT
2024-05-18 11:00:00,0.0,BTCUSDT
2024-05-18 12:00:00,0.0,BTCUSDT
2024-05-18 13:00:00,0.0,BTCUSDT
2024-05-18 14:00:00,0.0,BTCUSDT
2024-05-18 15:00:00,0.0,BTCUSDT
2024-05-18 16:00:00,-0.00011843272654361795,BTCUSDT
2024-05-18 17:00:00,0.0,BTCUSDT
2024-05-18 18:00:00,0.0,BTCUSDT
2024-05-18 19:00:00,0.0,BTCUSDT
2024-05-18 20:00:00,0.0,BTCUSDT
2024-05-18 21:00:00,0.0,BTCUSDT
2024-05-18 22:00:00,0.0,BTCUSDT
2024-05-18 23:00:00,0.0,BTCUSDT
2024-05-19 00:00:00,-0.00017316483108308778,BTCUSDT
2024-05-19 01:00:00,0.0,BTCUSDT
2024-05-19 02:00:00,0.0,BTCUSDT
2024-05-19 03:00:00,0.0,BTCUSDT
2024-05-19 04:00:00,0.0,BTCUSDT
2024-05-19 05:00:00,0.0,BTCUSDT
2024-05-19 06:00:00,0.0,BTCUSDT
2024-05-19 07:00:00,0.0,BTCUSDT
2024-05-19 08:00:00,-9.294108515014298e-05,BTCUSDT
2024-05-19 09:00:00,0.0,BTCUSDT
2024-05-19 10:00:00,0.0,BTCUSDT
2024-05-19 11:00:00,0.0,BTCUSDT
2024-05-19 12:00:00,0.0,BTCUSDT
2024-05-19 13:00:00,0.0,BTCUSDT
2024-05-19 14:00:00,0.0,BTCUSDT
2024-05-19 15:00:00,0.0,BTCUSDT
2024-05-19 16:00:00,0.0001856633384750475,BTCUSDT
2024-05-19 17:00:00,0.0,BTCUSDT
2024-05-19 18:00:00,0.0,BTCUSDT
2024-05-19 19:00:00,0.0,BTCUSDT
2024-05-19 20:00:00,0.0,BTCUSDT
2024-05-19 21:00:00,0.0,BTCUSDT
2024-05-19 22:00:00,0.0,BTCUSDT
2024-05-19 23:00:00,0.0,BTCUSDT
2024-05-20 00:00:00,-0.000130666480641149,BTCUSDT
2024-05-20 01:00:00,0.0,BTCUSDT
2024-05-20 02:00:00,0.0,BTCUSDT
2024-05-20 03:00:00,0.0,BTCUSDT
2024-05-20 04:00:00,0.0,BTCUSDT
2024-05-20 05:00:00,0.0,BTCUSDT
2024-05-20 06:00:00,0.0,BTCUSDT
2024-05-20 07:00:00,0.0,BTCUSDT
2024-05-20 08:00:00,0.00018009627730126575,BTCUSDT
2024-05-20 09:00:00,0.0,BTCUSDT
2024-05-20 10:00:00,0.0,BTCUSDT
2024-05-20 11:00:00,0.0,BTCUSDT
2024-05-20 12:00:00,0.0,BTCUSDT
2024-05-20 13:00:00,0.0,BTCUSDT
2024-05-20 14:00:00,0.0,BTCUSDT
2024-05-20 15:00:00,0.0,BTCUSDT
2024-05-20 16:00:00,4.403793152459878e-05,BTCUSDT
2024-05-20 17:00:00,0.0,BTCUSDT
2024-05-20 18:00:00,0.0,BTCUSDT
2024-05-20 19:00:00,0.0,BTCUSDT
2024-05-20 20:00:00,0.0,BTCUSDT
2024-05-20 21:00:00,0.0,BTCUSDT
2024-05-20 22:00:00,0.0,BTCUSDT
2024-05-20 23:00:00,0.0,BTCUSDT
2024-05-21 00:00:00,0.0003211800848714618,BTCUSDT
2024-05-21 01:00:00,0.0,BTCUSDT
2024-05-21 02:00:00,0.0,BTCUSDT
2024-05-21 03:00:00,0.0,BTCUSDT
2024-05-21 04:00:00,0.0,BTCUSDT
2024-05-21 05:00:00,0.0,BTCUSDT
2024-05-21 06:00:00,0.0,BTCUSDT
2024-05-21 07:00:00,0.0,BTCUSDT
2024-05-21 08:00:00,8.520542728112439e-05,BTCUSDT
2024-05-21 09:00:00,0.0,BTCUSDT
2024-05-21 10:00:00,0.0,BTCUSDT
2024-05-21 11:00:00,0.0,BTCUSDT
2024-05-21 12:00:00,0.0,BTCUSDT
2024-05-21 13:00:00,0.0,BTCUSDT
2024-05-21 14:00:00,0.0,BTCUSDT
2024-05-21 15:00:00,0.0,BTCUSDT
2024-05-21 16:00:00,0.00019828589054403996,BTCUSDT
2024-05-21 17:00:00,0.0,BTCUSDT
2024-05-21 18:00:00,0.0,BTCUSDT
2024-05-21 19:00:00,0.0,BTCUSDT
2024-05-21 20:00:00,0.0,BTCUSDT
2024-05-21 21:00:00,0.0,BTCUSDT
2024-05-21 22:00:00,0.0,BTCUSDT
2024-05-21 23:00:00,0.0,BTCUSDT
2024-05-22 00:00:00,5.550502064434693e-05,BTCUSDT
2024-05-22 01:00:00,0.0,BTCUSDT
2024-05-22 02:00:00,0.0,BTCUSDT
2024-05-22 03:00:00,0.0,BTCUSDT
2024-05-22 04:00:00,0.0,BTCUSDT
2024-05-22 05:00:00,0.0,BTCUSDT
2024-05-22 06:00:00,0.0,BTCUSDT
2024-05-22 07:00:00,0.0,BTCUSDT
2024-05-22 08:00:00,0.0002681468964259099,BTCUSDT
2024-05-22 09:00:00,0.0,BTCUSDT
2024-05-22 10:00:00,0.0,BTCUSDT
2024-05-22 11:00:00,0.0,BTCUSDT
2024-05-22 12:00:00,0.0,BTCUSDT
2024-05-22 13:00:00,0.0,BTCUSDT
2024-05-22 14:00:00,0.0,BTCUSDT
2024-05-22 15:00:00,0.0,BTCUSDT
2024-05-22 16:00:00,-0.00025520235080968046,BTCUSDT
2024-05-22 17:00:00,0.0,BTCUSDT
2024-05-22 18:00:00,0.0,BTCUSDT
2024-05-22 19:00:00,0.0,BTCUSDT
2024-05-22 20:00:00,0.0,BTCUSDT
2024-05-22 21:00:00,0.0,BTCUSDT
2024-05-22 22:00:00,0.0,BTCUSDT
2024-05-22 23:00:00,0.0,BTCUSDT
2024-05-23 00:00:00,0.00020445012720355572,BTCUSDT
2024-05-23 01:00:00,0.0,BTCUSDT
2024-05-23 02:00:00,0.0,BTCUSDT
2024-05-23 03:00:00,0.0,BTCUSDT
2024-05-23 04:00:00,0.0,BTCUSDT
2024-05-23 05:00:00,0.0,BTCUSDT
2024-05-23 06:00:00,0.0,BTCUSDT
2024-05-23 07:00:00,0.0,BTCUSDT
2024-05-23 08:00:00,0.00012910423955364816,BTCUSDT
2024-05-23 09:00:00,0.0,BTCUSDT
2024-05-23 10:00:00,0.0,BTCUSDT
2024-05-23 11:00:00,0.0,BTCUSDT
2024-05-23 12:00:00,0.0,BTCUSDT
2024-05-23 13:00:00,0.0,BTCUSDT
2024-05-23 14:00:00,0.0,BTCUSDT
2024-05-23 15:00:00,0.0,BTCUSDT
2024-05-23 16:00:00,2.2460016718287763e-05,BTCUSDT
2024-05-23 17:00:00,0.0,BTCUSDT
2024-05-23 18:00:00,0.0,BTCUSDT
2024-05-23 19:00:00,0.0,BTCUSDT
2024-05-23 20:00:00,0.0,BTCUSDT
2024-05-23 21:00:00,0.0,BTCUSDT
2024-05-23 22:00:00,0.0,BTCUSDT
2024-05-23 23:00:00,0.0,BTCUSDT
2024-05-24 00:00:00,0.0003177539308433344,BTCUSDT
2024-05-24 01:00:00,0.0,BTCUSDT
2024-05-24 02:00:00,0.0,BTCUSDT
2024-05-24 03:00:00,0.0,BTCUSDT
2024-05-24 04:00:00,0.0,BTCUSDT
2024-05-24 05:00:00,0.0,BTCUSDT
2024-05-24 06:00:00,0.0,BTCUSDT
2024-05-24 07:00:00,0.0,BTCUSDT
2024-05-24 08:00:00,0.00013505735578678478,BTCUSDT
2024-05-24 09:00:00,0.0,BTCUSDT
2024-05-24 10:00:00,0.0,BTCUSDT
2024-05-24 11:00:00,0.0,BTCUSDT
2024-05-24 12:00:00,0.0,BTCUSDT
2024-05-24 13:00:00,0.0,BTCUSDT
2024-05-24 14:00:00,0.0,BTCUSDT
2024-05-24 15:00:00,0.0,BTCUSDT
2024-05-24 16:00:00,0.00011045169809949664,BTCUSDT
2024-05-24 17:00:00,0.0,BTCUSDT
2024-05-24 18:00:00,0.0,BTCUSDT
2024-05-24 19:00:00,0.0,BTCUSDT
2024-05-24 20:00:00,0.0,BTCUSDT
2024-05-24 21:00:00,0.0,BTCUSDT
2024-05-24 22:00:00,0.0,BTCUSDT
2024-05-24 23:00:00,0.0,BTCUSDT
2024-05-25 00:00:00,3.9563882603475725e-05,BTCUSDT
2024-05-25 01:00:00,0.0,BTCUSDT
2024-05-25 02:00:00,0.0,BTCUSDT
2024-05-25 03:00:00,0.0,BTCUSDT
2024-05-25 04:00:00,0.0,BTCUSDT
2024-05-25 05:00:00,0.0,BTCUSDT
2024-05-25 06:00:00,0.0,BTCUSDT
2024-05-25 07:00:00,0.0,BTCUSDT
2024-05-25 08:00:00,-8.491282287561998e-05,BTCUSDT
2024-05-25 09:00:00,0.0,BTCUSDT
2024-05-25 10:00:00,0.0,BTCUSDT
2024-05-25 11:00:00,0.0,BTCUSDT
2024-05-25 12:00:00,0.0,BTCUSDT
2024-05-25 13:00:00,0.0,BTCUSDT
2024-05-25 14:00:00,0.0,BTCUSDT
2024-05-25 15:00:00,0.0,BTCUSDT
2024-05-25 16:00:00,0.00026310020448885255,BTCUSDT
2024-05-25 17:00:00,0.0,BTCUSDT
2024-05-25 18:00:00,0.0,BTCUSDT
2024-05-25 19:00:00,0.0,BTCUSDT
2024-05-25 20:00:00,0.0,BTCUSDT
2024-05-25 21:00:00,0.0,BTCUSDT
2024-05-25 22:00:00,0.0,BTCUSDT
2024-05-25 23:00:00,0.0,BTCUSDT
2024-05-26 00:00:00,-3.5683856230639345e-07,BTCUSDT
2024-05-26 01:00:00,0.0,BTCUSDT
2024-05-26 02:00:00,0.0,BTCUSDT
2024-05-26 03:00:00,0.0,BTCUSDT
2024-05-26 04:00:00,0.0,BTCUSDT
2024-05-26 05:00:00,0.0,BTCUSDT
2024-05-26 06:00:00,0.0,BTCUSDT
2024-05-26 07:00:00,0.0,BTCUSDT
2024-05-26 08:00:00,0.00044240805680357853,BTCUSDT
2024-05-26 09:00:00,0.0,BTCUSDT
2024-05-26 10:00:00,0.0,BTCUSDT
2024-05-26 11:00:00,0.0,BTCUSDT
2024-05-26 12:00:00,0.0,BTCUSDT
2024-05-26 13:00:00,0.0,BTCUSDT
2024-05-26 14:00:00,0.0,BTCUSDT
2024-05-26 15:00:00,0.0,BTCUSDT
2024-05-26 16:00:00,0.00020054896149816293,BTCUSDT
2024-05-26 17:00:00,0.0,BTCUSDT
2024-05-26 18:00:00,0.0,BTCUSDT
2024-05-26 19:00:00,0.0,BTCUSDT
2024-05-26 20:00:00,0.0,BTCUSDT
2024-05-26 21:00:00,0.0,BTCUSDT
2024-05-26 22:00:00,0.0,BTCUSDT
2024-05-26 23:00:00,0.0,BTCUSDT
2024-05-27 00:00:00,-0.0002663364494412053,BTCUSDT
2024-05-27 01:00:00,0.0,BTCUSDT
2024-05-27 02:00:00,0.0,BTCUSDT
2024-05-27 03:00:00,0.0,BTCUSDT
2024-05-27 04:00:00,0.0,BTCUSDT
2024-05-27 05:00:00,0.0,BTCUSDT
2024-05-27 06:00:00,0.0,BTCUSDT
2024-05-27 07:00:00,0.0,BTCUSDT
2024-05-27 08:00:00,0.0002357893975524466,BTCUSDT
2024-05-27 09:00:00,0.0,BTCUSDT
2024-05-27 10:00:00,0.0,BTCUSDT
2024-05-27 11:00:00,0.0,BTCUSDT
2024-05-27 12:00:00,0.0,BTCUSDT
2024-05-27 13:00:00,0.0,BTCUSDT
2024-05-27 14:00:00,0.0,BTCUSDT
2024-05-27 15:00:00,0.0,BTCUSDT
2024-05-27 16:00:00,0.00037529929000390755,BTCUSDT
2024-05-27 17:00:00,0.0,BTCUSDT
2024-05-27 18:00:00,0.0,BTCUSDT
2024-05-27 19:00:00,0.0,BTCUSDT
2024-05-27 20:00:00,0.0,BTCUSDT
2024-05-27 21:00:00,0.0,BTCUSDT
2024-05-27 22:00:00,0.0,BTCUSDT
2024-05-27 23:00:00,0.0,BTCUSDT
2024-05-28 00:00:00,0.000169341995520984,BTCUSDT
2024-05-28 01:00:00,0.0,BTCUSDT
2024-05-28 02:00:00,0.0,BTCUSDT
2024-05-28 03:00:00,0.0,BTCUSDT
2024-05-28 04:00:00,0.0,BTCUSDT
2024-05-28 05:00:00,0.0,BTCUSDT
2024-05-28 06:00:00,0.0,BTCUSDT
2024-05-28 07:00:00,0.0,BTCUSDT
2024-05-28 08:00:00,0.00014655734858803275,BTCUSDT
2024-05-28 09:00:00,0.0,BTCUSDT
2024-05-28 10:00:00,0.0,BTCUSDT
2024-05-28 11:00:00,0.0,BTCUSDT
2024-05-28 12:00:00,0.0,BTCUSDT
2024-05-28 13:00:00,0.0,BTCUSDT
2024-05-28 14:00:00,0.0,BTCUSDT
2024-05-28 15:00:00,0.0,BTCUSDT
2024-05-28 16:00:00,0.0001448679313556165,BTCUSDT
2024-05-28 17:00:00,0.0,BTCUSDT
2024-05-28 18:00:00,0.0,BTCUSDT
2024-05-28 19:00:00,0.0,BTCUSDT
2024-05-28 20:00:00,0.0,BTCUSDT
2024-05-28 21:00:00,0.0,BTCUSDT
2024-05-28 22:00:00,0.0,BTCUSDT
2024-05-28 23:00:00,0.0,BTCUSDT
2024-05-29 00:00:00,-6.639098349889024e-05,BTCUSDT
2024-05-29 01:00:00,0.0,BTCUSDT
2024-05-29 02:00:00,0.0,BTCUSDT
2024-05-29 03:00:00,0.0,BTCUSDT
2024-05-29 04:00:00,0.0,BTCUSDT
2024-05-29 05:00:00,0.0,BTCUSDT
2024-05-29 06:00:00,0.0,BTCUSDT
2024-05-29 07:00:00,0.0,BTCUSDT
2024-05-29 08:00:00,0.0001142507499821785,BTCUSDT
2024-05-29 09:00:00,0.0,BTCUSDT
2024-05-29 10:00:00,0.0,BTCUSDT
2024-05-29 11:00:00,0.0,BTCUSDT
2024-05-29 12:00:00,0.0,BTCUSDT
2024-05-29 13:00:00,0.0,BTCUSDT
2024-05-29 14:00:00,0.0,BTCUSDT
2024-05-29 15:00:00,0.0,BTCUSDT
2024-05-29 16:00:00,0.0005607277504209578,BTCUSDT
2024-05-29 17:00:00,0.0,BTCUSDT
2024-05-29 18:00:00,0.0,BTCUSDT
2024-05-29 19:00:00,0.0,BTCUSDT
2024-05-29 20:00:00,0.0,BTCUSDT
2024-05-29 21:00:00,0.0,BTCUSDT
2024-05-29 22:00:00,0.0,BTCUSDT
2024-05-29 23:00:00,0.0,BTCUSDT
2024-05-30 00:00:00,-6.478709739439992e-05,BTCUSDT
2024-05-30 01:00:00,0.0,BTCUSDT
2024-05-30 02:00:00,0.0,BTCUSDT
2024-05-30 03:00:00,0.0,BTCUSDT
2024-05-30 04:00:00,0.0,BTCUSDT
2024-05-30 05:00:00,0.0,BTCUSDT
2024-05-30 06:00:00,0.0,BTCUSDT
2024-05-30 07:00:00,0.0,BTCUSDT
2024-05-30 08:00:00,-0.00016991524231030645,BTCUSDT
2024-05-30 09:00:00,0.0,BTCUSDT
2024-05-30 10:00:00,0.0,BTCUSDT
2024-05-30 11:00:00,0.0,BTCUSDT
2024-05-30 12:00:00,0.0,BTCUSDT
2024-05-30 13:00:00,0.0,BTCUSDT
2024-05-30 14:00:00,0.0,BTCUSDT
2024-05-30 15:00:00,0.0,BTCUSDT
2024-05-30 16:00:00,-9.716076173356534e-05,BTCUSDT
2024-05-30 17:00:00,0.0,BTCUSDT
2024-05-30 18:00:00,0.0,BTCUSDT
2024-05-30 19:00:00,0.0,BTCUSDT
2024-05-30 20:00:00,0.0,BTCUSDT
2024-05-30 21:00:00,0.0,BTCUSDT
2024-05-30 22:00:00,0.0,BTCUSDT
2024-05-30 23:00:00,0.0,BTCUSDT
2024-05-31 00:00:00,0.00047955340334919543,BTCUSDT
2024-05-31 01:00:00,0.0,BTCUSDT
2024-05-31 02:00:00,0.0,BTCUSDT
2024-05-31 03:00:00,0.0,BTCUSDT
2024-05-31 04:00:00,0.0,BTCUSDT
2024-05-31 05:00:00,0.0,BTCUSDT
2024-05-31 06:00:00,0.0,BTCUSDT
2024-05-31 07:00:00,0.0,BTCUSDT
2024-05-31 08:00:00,5.280600255780568e-05,BTCUSDT
2024-05-31 09:00:00,0.0,BTCUSDT
2024-05-31 10:00:00,0.0,BTCUSDT
2024-05-31 11:00:00,0.0,BTCUSDT
2024-05-31 12:00:00,0.0,BTCUSDT
2024-05-31 13:00:00,0.0,BTCUSDT
2024-05-31 14:00:00,0.0,BTCUSDT
2024-05-31 15:00:00,0.0,BTCUSDT
2024-05-31 16:00:00,6.135949764043557e-07,BTCUSDT
2024-05-31 17:00:00,0.0,BTCUSDT
2024-05-31 18:00:00,0.0,BTCUSDT
2024-05-31 19:00:00,0.0,BTCUSDT
2024-05-31 20:00:00,0.0,BTCUSDT
2024-05-31 21:00:00,0.0,BTCUSDT
2024-05-31 22:00:00,0.0,BTCUSDT
2024-05-31 23:00:00,0.0,BTCUSDT
2024-06-01 00:00:00,0.0002565747469897145,BTCUSDT
2024-06-01 01:00:00,0.0,BTCUSDT
2024-06-01 02:00:00,0.0,BTCUSDT
2024-06-01 03:00:00,0.0,BTCUSDT
2024-06-01 04:00:00,0.0,BTCUSDT
2024-06-01 05:00:00,0.0,BTCUSDT
2024-06-01 06:00:00,0.0,BTCUSDT
2024-06-01 07:00:00,0.0,BTCUSDT
2024-06-01 08:00:00,0.0001014356933815884,BTCUSDT
2024-06-01 09:00:00,0.0,BTCUSDT
2024-06-01 10:00:00,0.0,BTCUSDT
2024-06-01 11:00:00,0.0,BTCUSDT
2024-06-01 12:00:00,0.0,BTCUSDT
2024-06-01 13:00:00,0.0,BTCUSDT
2024-06-01 14:00:00,0.0,BTCUSDT
2024-06-01 15:00:00,0.0,BTCUSDT
2024-06-01 16:00:00,0.0003385470330832829,BTCUSDT
2024-06-01 17:00:00,0.0,BTCUSDT
2024-06-01 18:00:00,0.0,BTCUSDT
2024-06-01 19:00:00,0.0,BTCUSDT
2024-06-01 20:00:00,0.0,BTCUSDT
2024-06-01 21:00:00,0.0,BTCUSDT
2024-06-01 22:00:00,0.0,BTCUSDT
2024-06-01 23:00:00,0.0,BTCUSDT
2024-06-02 00:00:00,-0.0001286038624147457,BTCUSDT
2024-06-02 01:00:00,0.0,BTCUSDT
2024-06-02 02:00:00,0.0,BTCUSDT
2024-06-02 03:00:00,0.0,BTCUSDT
2024-06-02 04:00:00,0.0,BTCUSDT
2024-06-02 05:00:00,0.0,BTCUSDT
2024-06-02 06:00:00,0.0,BTCUSDT
2024-06-02 07:00:00,0.0,BTCUSDT
2024-06-02 08:00:00,-0.00012390922567663375,BTCUSDT
2024-06-02 09:00:00,0.0,BTCUSDT
2024-06-02 10:00:00,0.0,BTCUSDT
2024-06-02 11:00:00,0.0,BTCUSDT
2024-06-02 12:00:00,0.0,BTCUSDT
2024-06-02 13:00:00,0.0,BTCUSDT
2024-06-02 14:00:00,0.0,BTCUSDT
2024-06-02 15:00:00,0.0,BTCUSDT
2024-06-02 16:00:00,0.000355078147599803,BTCUSDT
2024-06-02 17:00:00,0.0,BTCUSDT
2024-06-02 18:00:00,0.0,BTCUSDT
2024-06-02 19:00:00,0.0,BTCUSDT
2024-06-02 20:00:00,0.0,BTCUSDT
2024-06-02 21:00:00,0.0,BTCUSDT
2024-06-02 22:00:00,0.0,BTCUSDT
2024-06-02 23:00:00,0.0,BTCUSDT
2024-06-03 00:00:00,-1.434920839121228e-05,BTCUSDT
2024-06-03 01:00:00,0.0,BTCUSDT
2024-06-03 02:00:00,0.0,BTCUSDT
2024-06-03 03:00:00,0.0,BTCUSDT
2024-06-03 04:00:00,0.0,BTCUSDT
2024-06-03 05:00:00,0.0,BTCUSDT
2024-06-03 06:00:00,0.0,BTCUSDT
2024-06-03 07:00:00,0.0,BTCUSDT
2024-06-03 08:00:00,7.192498821893272e-05,BTCUSDT
2024-06-03 09:00:00,0.0,BTCUSDT
2024-06-03 10:00:00,0.0,BTCUSDT
2024-06-03 11:00:00,0.0,BTCUSDT
2024-06-03 12:00:00,0.0,BTCUSDT
2024-06-03 13:00:00,0.0,BTCUSDT
2024-06-03 14:00:00,0.0,BTCUSDT
2024-06-03 15:00:00,0.0,BTCUSDT
2024-06-03 16:00:00,0.00015620185005636126,BTCUSDT
2024-06-03 17:00:00,0.0,BTCUSDT
2024-06-03 18:00:00,0.0,BTCUSDT
2024-06-03 19:00:00,0.0,BTCUSDT
2024-06-03 20:00:00,0.0,BTCUSDT
2024-06-03 21:00:00,0.0,BTCUSDT
2024-06-03 22:00:00,0.0,BTCUSDT
2024-06-03 23:00:00,0.0,BTCUSDT
2024-06-04 00:00:00,0.000299116302800406,BTCUSDT
2024-06-04 01:00:00,0.0,BTCUSDT
2024-06-04 02:00:00,0.0,BTCUSDT
2024-06-04 03:00:00,0.0,BTCUSDT
2024-06-04 04:00:00,0.0,BTCUSDT
2024-06-04 05:00:00,0.0,BTCUSDT
2024-06-04 06:00:00,0.0,BTCUSDT
2024-06-04 07:00:00,0.0,BTCUSDT
2024-06-04 08:00:00,-0.00013993950567306164,BTCUSDT
2024-06-04 09:00:00,0.0,BTCUSDT
2024-06-04 10:00:00,0.0,BTCUSDT
2024-06-04 11:00:00,0.0,BTCUSDT
2024-06-04 12:00:00,0.0,BTCUSDT
2024-06-04 13:00:00,0.0,BTCUSDT
2024-06-04 14:00:00,0.0,BTCUSDT
2024-06-04 15:00:00,0.0,BTCUSDT
2024-06-04 16:00:00,8.43032276350215e-06,BTCUSDT
2024-06-04 17:00:00,0.0,BTCUSDT
2024-06-04 18:00:00,0.0,BTCUSDT
2024-06-04 19:00:00,0.0,BTCUSDT
2024-06-04 20:00:00,0.0,BTCUSDT
2024-06-04 21:00:00,0.0,BTCUSDT
2024-06-04 22:00:00,0.0,BTCUSDT
2024-06-04 23:00:00,0.0,BTCUSDT
2024-06-05 00:00:00,-9.902969637067589e-05,BTCUSDT
2024-06-05 01:00:00,0.0,BTCUSDT
2024-06-05 02:00:00,0.0,BTCUSDT
2024-06-05 03:00:00,0.0,BTCUSDT
2024-06-05 04:00:00,0.0,BTCUSDT
2024-06-05 05:00:00,0.0,BTCUSDT
2024-06-05 06:00:00,0.0,BTCUSDT
2024-06-05 07:00:00,0.0,BTCUSDT
2024-06-05 08:00:00,0.00035056852688549676,BTCUSDT
2024-06-05 09:00:00,0.0,BTCUSDT
2024-06-05 10:00:00,0.0,BTCUSDT
2024-06-05 11:00:00,0.0,BTCUSDT
2024-06-05 12:00:00,0.0,BTCUSDT
2024-06-05 13:00:00,0.0,BTCUSDT
2024-06-05 14:00:00,0.0,BTCUSDT
2024-06-05 15:00:00,0.0,BTCUSDT
2024-06-05 16:00:00,0.00016441646215339711,BTCUSDT
2024-06-05 17:00:00,0.0,BTCUSDT
2024-06-05 18:00:00,0.0,BTCUSDT
2024-06-05 19:00:00,0.0,BTCUSDT
2024-06-05 20:00:00,0.0,BTCUSDT
2024-06-05 21:00:00,0.0,BTCUSDT
2024-06-05 22:00:00,0.0,BTCUSDT
2024-06-05 23:00:00,0.0,BTCUSDT
2024-06-06 00:00:00,0.00023294054906662198,BTCUSDT
2024-06-06 01:00:00,0.0,BTCUSDT
2024-06-06 02:00:00,0.0,BTCUSDT
2024-06-06 03:00:00,0.0,BTCUSDT
2024-06-06 04:00:00,0.0,BTCUSDT
2024-06-06 05:00:00,0.0,BTCUSDT
2024-06-06 06:00:00,0.0,BTCUSDT
2024-06-06 07:00:00,0.0,BTCUSDT
2024-06-06 08:00:00,-0.00026622897566767005,BTCUSDT
2024-06-06 09:00:00,0.0,BTCUSDT
2024-06-06 10:00:00,0.0,BTCUSDT
2024-06-06 11:00:00,0.0,BTCUSDT
2024-06-06 12:00:00,0.0,BTCUSDT
2024-06-06 13:00:00,0.0,BTCUSDT
2024-06-06 14:00:00,0.0,BTCUSDT
2024-06-06 15:00:00,0.0,BTCUSDT
2024-06-06 16:00:00,0.00019287397270931482,BTCUSDT
2024-06-06 17:00:00,0.0,BTCUSDT
2024-06-06 18:00:00,0.0,BTCUSDT
2024-06-06 19:00:00,0.0,BTCUSDT
2024-06-06 20:00:00,0.0,BTCUSDT
2024-06-06 21:00:00,0.0,BTCUSDT
2024-06-06 22:00:00,0.0,BTCUSDT
2024-06-06 23:00:00,0.0,BTCUSDT
2024-06-07 00:00:00,0.00015143979407118547,BTCUSDT
2024-06-07 01:00:00,0.0,BTCUSDT
2024-06-07 02:00:00,0.0,BTCUSDT
2024-06-07 03:00:00,0.0,BTCUSDT
2024-06-07 04:00:00,0.0,BTCUSDT
2024-06-07 05:00:00,0.0,BTCUSDT
2024-06-07 06:00:00,0.0,BTCUSDT
2024-06-07 07:00:00,0.0,BTCUSDT
2024-06-07 08:00:00,-0.00017770851076624224,BTCUSDT
2024-06-07 09:00:00,0.0,BTCUSDT
2024-06-07 10:00:00,0.0,BTCUSDT
2024-06-07 11:00:00,0.0,BTCUSDT
2024-06-07 12:00:00,0.0,BTCUSDT
2024-06-07 13:00:00,0.0,BTCUSDT
2024-06-07 14:00:00,0.0,BTCUSDT
2024-06-07 15:00:00,0.0,BTCUSDT
2024-06-07 16:00:00,0.00023099511684433798,BTCUSDT
2024-06-07 17:00:00,0.0,BTCUSDT
2024-06-07 18:00:00,0.0,BTCUSDT
2024-06-07 19:00:00,0.0,BTCUSDT
2024-06-07 20:00:00,0.0,BTCUSDT
2024-06-07 21:00:00,0.0,BTCUSDT
2024-06-07 22:00:00,0.0,BTCUSDT
2024-06-07 23:00:00,0.0,BTCUSDT
2024-06-08 00:00:00,2.3436562077406263e-05,BTCUSDT
2024-06-08 01:00:00,0.0,BTCUSDT
2024-06-08 02:00:00,0.0,BTCUSDT
2024-06-08 03:00:00,0.0,BTCUSDT
2024-06-08 04:00:00,0.0,BTCUSDT
2024-06-08 05:00:00,0.0,BTCUSDT
2024-06-08 06:00:00,0.0,BTCUSDT
2024-06-08 07:00:00,0.0,BTCUSDT
2024-06-08 08:00:00,-3.4023040090846586e-05,BTCUSDT
2024-06-08 09:00:00,0.0,BTCUSDT
2024-06-08 10:00:00,0.0,BTCUSDT
2024-06-08 11:00:00,0.0,BTCUSDT
2024-06-08 12:00:00,0.0,BTCUSDT
2024-06-08 13:00:00,0.0,BTCUSDT
2024-06-08 14:00:00,0.0,BTCUSDT
2024-06-08 15:00:00,0.0,BTCUSDT
2024-06-08 16:00:00,0.0003072175302092512,BTCUSDT
2024-06-08 17:00:00,0.0,BTCUSDT
2024-06-08 18:00:00,0.0,BTCUSDT
2024-06-08 19:00:00,0.0,BTCUSDT
2024-06-08 20:00:00,0.0,BTCUSDT
2024-06-08 21:00:00,0.0,BTCUSDT
2024-06-08 22:00:00,0.0,BTCUSDT
2024-06-08 23:00:00,0.0,BTCUSDT
2024-06-09 00:00:00,-2.2864628819258874e-05,BTCUSDT
2024-06-09 01:00:00,0.0,BTCUSDT
2024-06-09 02:00:00,0.0,BTCUSDT
2024-06-09 03:00:00,0.0,BTCUSDT
2024-06-09 04:00:00,0.0,BTCUSDT
2024-06-09 05:00:00,0.0,BTCUSDT
2024-06-09 06:00:00,0.0,BTCUSDT
2024-06-09 07:00:00,0.0,BTCUSDT
2024-06-09 08:00:00,7.001185618417814e-05,BTCUSDT
2024-06-09 09:00:00,0.0,BTCUSDT
2024-06-09 10:00:00,0.0,BTCUSDT
2024-06-09 11:00:00,0.0,BTCUSDT
2024-06-09 12:00:00,0.0,BTCUSDT
2024-06-09 13:00:00,0.0,BTCUSDT
2024-06-09 14:00:00,0.0,BTCUSDT
2024-06-09 15:00:00,0.0,BTCUSDT
2024-06-09 16:00:00,-0.00017915784043849705,BTCUSDT
2024-06-09 17:00:00,0.0,BTCUSDT
2024-06-09 18:00:00,0.0,BTCUSDT
2024-06-09 19:00:00,0.0,BTCUSDT
2024-06-09 20:00:00,0.0,BTCUSDT
2024-06-09 21:00:00,0.0,BTCUSDT
2024-06-09 22:00:00,0.0,BTCUSDT
2024-06-09 23:00:00,0.0,BTCUSDT
2024-06-10 00:00:00,2.5628423544266885e-05,BTCUSDT
2024-06-10 01:00:00,0.0,BTCUSDT
2024-06-10 02:00:00,0.0,BTCUSDT
2024-06-10 03:00:00,0.0,BTCUSDT
2024-06-10 04:00:00,0.0,BTCUSDT
2024-06-10 05:00:00,0.0,BTCUSDT
2024-06-10 06:00:00,0.0,BTCUSDT
2024-06-10 07:00:00,0.0,BTCUSDT
2024-06-10 08:00:00,-0.00011947366379421331,BTCUSDT
2024-06-10 09:00:00,0.0,BTCUSDT
2024-06-10 10:00:00,0.0,BTCUSDT
2024-06-10 11:00:00,0.0,BTCUSDT
2024-06-10 12:00:00,0.0,BTCUSDT
2024-06-10 13:00:00,0.0,BTCUSDT
2024-06-10 14:00:00,0.0,BTCUSDT
2024-06-10 15:00:00,0.0,BTCUSDT
2024-06-10 16:00:00,0.0001603400017803471,BTCUSDT
2024-06-10 17:00:00,0.0,BTCUSDT
2024-06-10 18:00:00,0.0,BTCUSDT
2024-06-10 19:00:00,0.0,BTCUSDT
2024-06-10 20:00:00,0.0,BTCUSDT
2024-06-10 21:00:00,0.0,BTCUSDT
2024-06-10 22:00:00,0.0,BTCUSDT
2024-06-10 23:00:00,0.0,BTCUSDT
2024-06-11 00:00:00,0.00012860975397579048,BTCUSDT
2024-06-11 01:00:00,0.0,BTCUSDT
2024-06-11 02:00:00,0.0,BTCUSDT
2024-06-11 03:00:00,0.0,BTCUSDT
2024-06-11 04:00:00,0.0,BTCUSDT
2024-06-11 05:00:00,0.0,BTCUSDT
2024-06-11 06:00:00,0.0,BTCUSDT
2024-06-11 07:00:00,0.0,BTCUSDT
2024-06-11 08:00:00,0.0003786909055048863,BTCUSDT
2024-06-11 09:00:00,0.0,BTCUSDT
2024-06-11 10:00:00,0.0,BTCUSDT
2024-06-11 11:00:00,0.0,BTCUSDT
2024-06-11 12:00:00,0.0,BTCUSDT
2024-06-11 13:00:00,0.0,BTCUSDT
2024-06-11 14:00:00,0.0,BTCUSDT
2024-06-11 15:00:00,0.0,BTCUSDT
2024-06-11 16:00:00,0.0004229557581419703,BTCUSDT
2024-06-11 17:00:00,0.0,BTCUSDT
2024-06-11 18:00:00,0.0,BTCUSDT
2024-06-11 19:00:00,0.0,BTCUSDT
2024-06-11 20:00:00,0.0,BTCUSDT
2024-06-11 21:00:00,0.0,BTCUSDT
2024-06-11 22:00:00,0.0,BTCUSDT
2024-06-11 23:00:00,0.0,BTCUSDT
2024-06-12 00:00:00,0.00030189435771919376,BTCUSDT
2024-06-12 01:00:00,0.0,BTCUSDT
2024-06-12 02:00:00,0.0,BTCUSDT
2024-06-12 03:00:00,0.0,BTCUSDT
2024-06-12 04:00:00,0.0,BTCUSDT
2024-06-12 05:00:00,0.0,BTCUSDT
2024-06-12 06:00:00,0.0,BTCUSDT
2024-06-12 07:00:00,0.0,BTCUSDT
2024-06-12 08:00:00,0.0004711006629588526,BTCUSDT
2024-06-12 09:00:00,0.0,BTCUSDT
2024-06-12 10:00:00,0.0,BTCUSDT
2024-06-12 11:00:00,0.0,BTCUSDT
2024-06-12 12:00:00,0.0,BTCUSDT
2024-06-12 13:00:00,0.0,BTCUSDT
2024-06-12 14:00:00,0.0,BTCUSDT
2024-06-12 15:00:00,0.0,BTCUSDT
2024-06-12 16:00:00,-0.00013587382432652344,BTCUSDT
2024-06-12 17:00:00,0.0,BTCUSDT
2024-06-12 18:00:00,0.0,BTCUSDT
2024-06-12 19:00:00,0.0,BTCUSDT
2024-06-12 20:00:00,0.0,BTCUSDT
2024-06-12 21:00:00,0.0,BTCUSDT
2024-06-12 22:00:00,0.0,BTCUSDT
2024-06-12 23:00:00,0.0,BTCUSDT
2024-06-13 00:00:00,0.00034990098014123173,BTCUSDT
2024-06-13 01:00:00,0.0,BTCUSDT
2024-06-13 02:00:00,0.0,BTCUSDT
2024-06-13 03:00:00,0.0,BTCUSDT
2024-06-13 04:00:00,0.0,BTCUSDT
2024-06-13 05:00:00,0.0,BTCUSDT
2024-06-13 06:00:00,0.0,BTCUSDT
2024-06-13 07:00:00,0.0,BTCUSDT
2024-06-13 08:00:00,1.755585099510597e-05,BTCUSDT
2024-06-13 09:00:00,0.0,BTCUSDT
2024-06-13 10:00:00,0.0,BTCUSDT
2024-06-13 11:00:00,0.0,BTCUSDT
2024-06-13 12:00:00,0.0,BTCUSDT
2024-06-13 13:00:00,0.0,BTCUSDT
2024-06-13 14:00:00,0.0,BTCUSDT
2024-06-13 15:00:00,0.0,BTCUSDT
2024-06-13 16:00:00,0.0005368193466760913,BTCUSDT
2024-06-13 17:00:00,0.0,BTCUSDT
2024-06-13 18:00:00,0.0,BTCUSDT
2024-06-13 19:00:00,0.0,BTCUSDT
2024-06-13 20:00:00,0.0,BTCUSDT
2024-06-13 21:00:00,0.0,BTCUSDT
2024-06-13 22:00:00,0.0,BTCUSDT
2024-06-13 23:00:00,0.0,BTCUSDT
2024-06-14 00:00:00,-4.632634778170562e-05,BTCUSDT
2024-06-14 01:00:00,0.0,BTCUSDT
2024-06-14 02:00:00,0.0,BTCUSDT
2024-06-14 03:00:00,0.0,BTCUSDT
2024-06-14 04:00:00,0.0,BTCUSDT
2024-06-14 05:00:00,0.0,BTCUSDT
2024-06-14 06:00:00,0.0,BTCUSDT
2024-06-14 07:00:00,0.0,BTCUSDT
2024-06-14 08:00:00,0.000503055022092128,BTCUSDT
2024-06-14 09:00:00,0.0,BTCUSDT
2024-06-14 10:00:00,0.0,BTCUSDT
2024-06-14 11:00:00,0.0,BTCUSDT
2024-06-14 12:00:00,0.0,BTCUSDT
2024-06-14 13:00:00,0.0,BTCUSDT
2024-06-14 14:00:00,0.0,BTCUSDT
2024-06-14 15:00:00,0.0,BTCUSDT
2024-06-14 16:00:00,0.00020124819786118524,BTCUSDT
2024-06-14 17:00:00,0.0,BTCUSDT
2024-06-14 18:00:00,0.0,BTCUSDT
2024-06-14 19:00:00,0.0,BTCUSDT
2024-06-14 20:00:00,0.0,BTCUSDT
2024-06-14 21:00:00,0.0,BTCUSDT
2024-06-14 22:00:00,0.0,BTCUSDT
2024-06-14 23:00:00,0.0,BTCUSDT
2024-06-15 00:00:00,0.000148576402630055,BTCUSDT
2024-06-15 01:00:00,0.0,BTCUSDT
2024-06-15 02:00:00,0.0,BTCUSDT
2024-06-15 03:00:00,0.0,BTCUSDT
2024-06-15 04:00:00,0.0,BTCUSDT
2024-06-15 05:00:00,0.0,BTCUSDT
2024-06-15 06:00:00,0.0,BTCUSDT
2024-06-15 07:00:00,0.0,BTCUSDT
2024-06-15 08:00:00,-0.00029509755424342754,BTCUSDT
2024-06-15 09:00:00,0.0,BTCUSDT
2024-06-15 10:00:00,0.0,BTCUSDT
2024-06-15 11:00:00,0.0,BTCUSDT
2024-06-15 12:00:00,0.0,BTCUSDT
2024-06-15 13:00:00,0.0,BTCUSDT
2024-06-15 14:00:00,0.0,BTCUSDT
2024-06-15 15:00:00,0.0,BTCUSDT
2024-06-15 16:00:00,-7.269872099298679e-05,BTCUSDT
2024-06-15 17:00:00,0.0,BTCUSDT
2024-06-15 18:00:00,0.0,BTCUSDT
2024-06-15 19:00:00,0.0,BTCUSDT
2024-06-15 20:00:00,0.0,BTCUSDT
2024-06-15 21:00:00,0.0,BTCUSDT
2024-06-15 22:00:00,0.0,BTCUSDT
2024-06-15 23:00:00,0.0,BTCUSDT
2024-06-16 00:00:00,2.3452315096910754e-06,BTCUSDT
2024-06-16 01:00:00,0.0,BTCUSDT
2024-06-16 02:00:00,0.0,BTCUSDT
2024-06-16 03:00:00,0.0,BTCUSDT
2024-06-16 04:00:00,0.0,BTCUSDT
2024-06-16 05:00:00,0.0,BTCUSDT
2024-06-16 06:00:00,0.0,BTCUSDT
2024-06-16 07:00:00,0.0,BTCUSDT
2024-06-16 08:00:00,3.833242097604132e-06,BTCUSDT
2024-06-16 09:00:00,0.0,BTCUSDT
2024-06-16 10:00:00,0.0,BTCUSDT
2024-06-16 11:00:00,0.0,BTCUSDT
2024-06-16 12:00:00,0.0,BTCUSDT
2024-06-16 13:00:00,0.0,BTCUSDT
2024-06-16 14:00:00,0.0,BTCUSDT
2024-06-16 15:00:00,0.0,BTCUSDT
2024-06-16 16:00:00,-3.572861225882065e-05,BTCUSDT
2024-06-16 17:00:00,0.0,BTCUSDT
2024-06-16 18:00:00,0.0,BTCUSDT
2024-06-16 19:00:00,0.0,BTCUSDT
2024-06-16 20:00:00,0.0,BTCUSDT
2024-06-16 21:00:00,0.0,BTCUSDT
2024-06-16 22:00:00,0.0,BTCUSDT
2024-06-16 23:00:00,0.0,BTCUSDT
2024-06-17 00:00:00,-0.00013023074731057383,BTCUSDT
2024-06-17 01:00:00,0.0,BTCUSDT
2024-06-17 02:00:00,0.0,BTCUSDT
2024-06-17 03:00:00,0.0,BTCUSDT
2024-06-17 04:00:00,0.0,BTCUSDT
2024-06-17 05:00:00,0.0,BTCUSDT
2024-06-17 06:00:00,0.0,BTCUSDT
2024-06-17 07:00:00,0.0,BTCUSDT
2024-06-17 08:00:00,0.00014095177648035685,BTCUSDT
2024-06-17 09:00:00,0.0,BTCUSDT
2024-06-17 10:00:00,0.0,BTCUSDT
2024-06-17 11:00:00,0.0,BTCUSDT
2024-06-17 12:00:00,0.0,BTCUSDT
2024-06-17 13:00:00,0.0,BTCUSDT
2024-06-17 14:00:00,0.0,BTCUSDT
2024-06-17 15:00:00,0.0,BTCUSDT
2024-06-17 16:00:00,7.913144140262162e-05,BTCUSDT
2024-06-17 17:00:00,0.0,BTCUSDT
2024-06-17 18:00:00,0.0,BTCUSDT
2024-06-17 19:00:00,0.0,BTCUSDT
2024-06-17 20:00:00,0.0,BTCUSDT
2024-06-17 21:00:00,0.0,BTCUSDT
2024-06-17 22:00:00,0.0,BTCUSDT
2024-06-17 23:00:00,0.0,BTCUSDT
2024-06-18 00:00:00,0.0003924391877435274,BTCUSDT
2024-06-18 01:00:00,0.0,BTCUSDT
2024-06-18 02:00:00,0.0,BTCUSDT
2024-06-18 03:00:00,0.0,BTCUSDT
2024-06-18 04:00:00,0.0,BTCUSDT
2024-06-18 05:00:00,0.0,BTCUSDT
2024-06-18 06:00:00,0.0,BTCUSDT
2024-06-18 07:00:00,0.0,BTCUSDT
2024-06-18 08:00:00,-9.833933268806211e-05,BTCUSDT
2024-06-18 09:00:00,0.0,BTCUSDT
2024-06-18 10:00:00,0.0,BTCUSDT
2024-06-18 11:00:00,0.0,BTCUSDT
2024-06-18 12:00:00,0.0,BTCUSDT
2024-06-18 13:00:00,0.0,BTCUSDT
2024-06-18 14:00:00,0.0,BTCUSDT
2024-06-18 15:00:00,0.0,BTCUSDT
2024-06-18 16:00:00,-0.0002075169592898351,BTCUSDT
2024-06-18 17:00:00,0.0,BTCUSDT
2024-06-18 18:00:00,0.0,BTCUSDT
2024-06-18 19:00:00,0.0,BTCUSDT
2024-06-18 20:00:00,0.0,BTCUSDT
2024-06-18 21:00:00,0.0,BTCUSDT
2024-06-18 22:00:00,0.0,BTCUSDT
2024-06-18 23:00:00,0.0,BTCUSDT
2024-06-19 00:00:00,0.00022673220495481175,BTCUSDT
2024-06-19 01:00:00,0.0,BTCUSDT
2024-06-19 02:00:00,0.0,BTCUSDT
2024-06-19 03:00:00,0.0,BTCUSDT
2024-06-19 04:00:00,0.0,BTCUSDT
2024-06-19 05:00:00,0.0,BTCUSDT
2024-06-19 06:00:00,0.0,BTCUSDT
2024-06-19 07:00:00,0.0,BTCUSDT
2024-06-19 08:00:00,0.0003279111072050939,BTCUSDT
2024-06-19 09:00:00,0.0,BTCUSDT
2024-06-19 10:00:00,0.0,BTCUSDT
2024-06-19 11:00:00,0.0,BTCUSDT
2024-06-19 12:00:00,0.0,BTCUSDT
2024-06-19 13:00:00,0.0,BTCUSDT
2024-06-19 14:00:00,0.0,BTCUSDT
2024-06-19 15:00:00,0.0,BTCUSDT
2024-06-19 16:00:00,0.0002190981795278515,BTCUSDT
2024-06-19 17:00:00,0.0,BTCUSDT
2024-06-19 18:00:00,0.0,BTCUSDT
2024-06-19 19:00:00,0.0,BTCUSDT
2024-06-19 20:00:00,0.0,BTCUSDT
2024-06-19 21:00:00,0.0,BTCUSDT
2024-06-19 22:00:00,0.0,BTCUSDT
2024-06-19 23:00:00,0.0,BTCUSDT
2024-06-20 00:00:00,8.747208453455303e-05,BTCUSDT
2024-06-20 01:00:00,0.0,BTCUSDT
2024-06-20 02:00:00,0.0,BTCUSDT
2024-06-20 03:00:00,0.0,BTCUSDT
2024-06-20 04:00:00,0.0,BTCUSDT
2024-06-20 05:00:00,0.0,BTCUSDT
2024-06-20 06:00:00,0.0,BTCUSDT
2024-06-20 07:00:00,0.0,BTCUSDT
2024-06-20 08:00:00,0.0004117578368993788,BTCUSDT
2024-06-20 09:00:00,0.0,BTCUSDT
2024-06-20 10:00:00,0.0,BTCUSDT
2024-06-20 11:00:00,0.0,BTCUSDT
2024-06-20 12:00:00,0.0,BTCUSDT
2024-06-20 13:00:00,0.0,BTCUSDT
2024-06-20 14:00:00,0.0,BTCUSDT
2024-06-20 15:00:00,0.0,BTCUSDT
2024-06-20 16:00:00,-2.1529269074694522e-05,BTCUSDT
2024-06-20 17:00:00,0.0,BTCUSDT
2024-06-20 18:00:00,0.0,BTCUSDT
2024-06-20 19:00:00,0.0,BTCUSDT
2024-06-20 20:00:00,0.0,BTCUSDT
2024-06-20 21:00:00,0.0,BTCUSDT
2024-06-20 22:00:00,0.0,BTCUSDT
2024-06-20 23:00:00,0.0,BTCUSDT
2024-06-21 00:00:00,-4.704020695264932e-05,BTCUSDT
2024-06-21 01:00:00,0.0,BTCUSDT
2024-06-21 02:00:00,0.0,BTCUSDT
2024-06-21 03:00:00,0.0,BTCUSDT
2024-06-21 04:00:00,0.0,BTCUSDT
2024-06-21 05:00:00,0.0,BTCUSDT
2024-06-21 06:00:00,0.0,BTCUSDT
2024-06-21 07:00:00,0.0,BTCUSDT
2024-06-21 08:00:00,8.881591029555738e-05,BTCUSDT
2024-06-21 09:00:00,0.0,BTCUSDT
2024-06-21 10:00:00,0.0,BTCUSDT
2024-06-21 11:00:00,0.0,BTCUSDT
2024-06-21 12:00:00,0.0,BTCUSDT
2024-06-21 13:00:00,0.0,BTCUSDT
2024-06-21 14:00:00,0.0,BTCUSDT
2024-06-21 15:00:00,0.0,BTCUSDT
2024-06-21 16:00:00,-0.00020378216501801358,BTCUSDT
2024-06-21 17:00:00,0.0,BTCUSDT
2024-06-21 18:00:00,0.0,BTCUSDT
2024-06-21 19:00:00,0.0,BTCUSDT
2024-06-21 20:00:00,0.0,BTCUSDT
2024-06-21 21:00:00,0.0,BTCUSDT
2024-06-21 22:00:00,0.0,BTCUSDT
2024-06-21 23:00:00,0.0,BTCUSDT
2024-06-22 00:00:00,0.00011722217365179559,BTCUSDT
2024-06-22 01:00:00,0.0,BTCUSDT
2024-06-22 02:00:00,0.0,BTCUSDT
2024-06-22 03:00:00,0.0,BTCUSDT
2024-06-22 04:00:00,0.0,BTCUSDT
2024-06-22 05:00:00,0.0,BTCUSDT
2024-06-22 06:00:00,0.0,BTCUSDT
2024-06-22 07:00:00,0.0,BTCUSDT
2024-06-22 08:00:00,0.00010256572870873703,BTCUSDT
2024-06-22 09:00:00,0.0,BTCUSDT
2024-06-22 10:00:00,0.0,BTCUSDT
2024-06-22 11:00:00,0.0,BTCUSDT
2024-06-22 12:00:00,0.0,BTCUSDT
2024-06-22 13:00:00,0.0,BTCUSDT
2024-06-22 14:00:00,0.0,BTCUSDT
2024-06-22 15:00:00,0.0,BTCUSDT
2024-06-22 16:00:00,0.0002972753011811874,BTCUSDT
2024-06-22 17:00:00,0.0,BTCUSDT
2024-06-22 18:00:00,0.0,BTCUSDT
2024-06-22 19:00:00,0.0,BTCUSDT
2024-06-22 20:00:00,0.0,BTCUSDT
2024-06-22 21:00:00,0.0,BTCUSDT
2024-06-22 22:00:00,0.0,BTCUSDT
2024-06-22 23:00:00,0.0,BTCUSDT
2024-06-23 00:00:00,9.814228768643686e-05,BTCUSDT
2024-06-23 01:00:00,0.0,BTCUSDT
2024-06-23 02:00:00,0.0,BTCUSDT
2024-06-23 03:00:00,0.0,BTCUSDT
2024-06-23 04:00:00,0.0,BTCUSDT
2024-06-23 05:00:00,0.0,BTCUSDT
2024-06-23 06:00:00,0.0,BTCUSDT
2024-06-23 07:00:00,0.0,BTCUSDT
2024-06-23 08:00:00,4.248285695662295e-06,BTCUSDT
2024-06-23 09:00:00,0.0,BTCUSDT
2024-06-23 10:00:00,0.0,BTCUSDT
2024-06-23 11:00:00,0.0,BTCUSDT
2024-06-23 12:00:00,0.0,BTCUSDT
2024-06-23 13:00:00,0.0,BTCUSDT
2024-06-23 14:00:00,0.0,BTCUSDT
2024-06-23 15:00:00,0.0,BTCUSDT
2024-06-23 16:00:00,0.00035681915878962346,BTCUSDT
2024-06-23 17:00:00,0.0,BTCUSDT
2024-06-23 18:00:00,0.0,BTCUSDT
2024-06-23 19:00:00,0.0,BTCUSDT
2024-06-23 20:00:00,0.0,BTCUSDT
2024-06-23 21:00:00,0.0,BTCUSDT
2024-06-23 22:00:00,0.0,BTCUSDT
2024-06-23 23:00:00,0.0,BTCUSDT
2024-06-24 00:00:00,0.00014873144474054288,BTCUSDT
2024-06-24 01:00:00,0.0,BTCUSDT
2024-06-24 02:00:00,0.0,BTCUSDT
2024-06-24 03:00:00,0.0,BTCUSDT
2024-06-24 04:00:00,0.0,BTCUSDT
2024-06-24 05:00:00,0.0,BTCUSDT
2024-06-24 06:00:00,0.0,BTCUSDT
2024-06-24 07:00:00,0.0,BTCUSDT
2024-06-24 08:00:00,-7.137037302555988e-05,BTCUSDT
2024-06-24 09:00:00,0.0,BTCUSDT
2024-06-24 10:00:00,0.0,BTCUSDT
2024-06-24 11:00:00,0.0,BTCUSDT
2024-06-24 12:00:00,0.0,BTCUSDT
2024-06-24 13:00:00,0.0,BTCUSDT
2024-06-24 14:00:00,0.0,BTCUSDT
2024-06-24 15:00:00,0.0,BTCUSDT
2024-06-24 16:00:00,0.00047132948731239095,BTCUSDT
2024-06-24 17:00:00,0.0,BTCUSDT
2024-06-24 18:00:00,0.0,BTCUSDT
2024-06-24 19:00:00,0.0,BTCUSDT
2024-06-24 20:00:00,0.0,BTCUSDT
2024-06-24 21:00:00,0.0,BTCUSDT
2024-06-24 22:00:00,0.0,BTCUSDT
2024-06-24 23:00:00,0.0,BTCUSDT
2024-06-25 00:00:00,-0.00017468057779394987,BTCUSDT
2024-06-25 01:00:00,0.0,BTCUSDT
2024-06-25 02:00:00,0.0,BTCUSDT
2024-06-25 03:00:00,0.0,BTCUSDT
2024-06-25 04:00:00,0.0,BTCUSDT
2024-06-25 05:00:00,0.0,BTCUSDT
2024-06-25 06:00:00,0.0,BTCUSDT
2024-06-25 07:00:00,0.0,BTCUSDT
2024-06-25 08:00:00,-2.2171527961013167e-05,BTCUSDT
2024-06-25 09:00:00,0.0,BTCUSDT
2024-06-25 10:00:00,0.0,BTCUSDT
2024-06-25 11:00:00,0.0,BTCUSDT
2024-06-25 12:00:00,0.0,BTCUSDT
2024-06-25 13:00:00,0.0,BTCUSDT
2024-06-25 14:00:00,0.0,BTCUSDT
2024-06-25 15:00:00,0.0,BTCUSDT
2024-06-25 16:00:00,-0.0002683795545915715,BTCUSDT
2024-06-25 17:00:00,0.0,BTCUSDT
2024-06-25 18:00:00,0.0,BTCUSDT
2024-06-25 19:00:00,0.0,BTCUSDT
2024-06-25 20:00:00,0.0,BTCUSDT
2024-06-25 21:00:00,0.0,BTCUSDT
2024-06-25 22:00:00,0.0,BTCUSDT
2024-06-25 23:00:00,0.0,BTCUSDT
2024-06-26 00:00:00,0.00019859729170289186,BTCUSDT
2024-06-26 01:00:00,0.0,BTCUSDT
2024-06-26 02:00:00,0.0,BTCUSDT
2024-06-26 03:00:00,0.0,BTCUSDT
2024-06-26 04:00:00,0.0,BTCUSDT
2024-06-26 05:00:00,0.0,BTCUSDT
2024-06-26 06:00:00,0.0,BTCUSDT
2024-06-26 07:00:00,0.0,BTCUSDT
2024-06-26 08:00:00,-6.721243042000494e-05,BTCUSDT
2024-06-26 09:00:00,0.0,BTCUSDT
2024-06-26 10:00:00,0.0,BTCUSDT
2024-06-26 11:00:00,0.0,BTCUSDT
2024-06-26 12:00:00,0.0,BTCUSDT
2024-06-26 13:00:00,0.0,BTCUSDT
2024-06-26 14:00:00,0.0,BTCUSDT
2024-06-26 15:00:00,0.0,BTCUSDT
2024-06-26 16:00:00,8.803477129401926e-05,BTCUSDT
2024-06-26 17:00:00,0.0,BTCUSDT
2024-06-26 18:00:00,0.0,BTCUSDT
2024-06-26 19:00:00,0.0,BTCUSDT
2024-06-26 20:00:00,0.0,BTCUSDT
2024-06-26 21:00:00,0.0,BTCUSDT
2024-06-26 22:00:00,0.0,BTCUSDT
2024-06-26 23:00:00,0.0,BTCUSDT
2024-06-27 00:00:00,-0.00017171480305149488,BTCUSDT
2024-06-27 01:00:00,0.0,BTCUSDT
2024-06-27 02:00:00,0.0,BTCUSDT
2024-06-27 03:00:00,0.0,BTCUSDT
2024-06-27 04:00:00,0.0,BTCUSDT
2024-06-27 05:00:00,0.0,BTCUSDT
2024-06-27 06:00:00,0.0,BTCUSDT
2024-06-27 07:00:00,0.0,BTCUSDT
2024-06-27 08:00:00,0.000518639586441989,BTCUSDT
2024-06-27 09:00:00,0.0,BTCUSDT
2024-06-27 10:00:00,0.0,BTCUSDT
2024-06-27 11:00:00,0.0,BTCUSDT
2024-06-27 12:00:00,0.0,BTCUSDT
2024-06-27 13:00:00,0.0,BTCUSDT
2024-06-27 14:00:00,0.0,BTCUSDT
2024-06-27 15:00:00,0.0,BTCUSDT
2024-06-27 16:00:00,0.0004018262026809101,BTCUSDT
2024-06-27 17:00:00,0.0,BTCUSDT
2024-06-27 18:00:00,0.0,BTCUSDT
2024-06-27 19:00:00,0.0,BTCUSDT
2024-06-27 20:00:00,0.0,BTCUSDT
2024-06-27 21:00:00,0.0,BTCUSDT
2024-06-27 22:00:00,0.0,BTCUSDT
2024-06-27 23:00:00,0.0,BTCUSDT
2024-06-28 00:00:00,-0.00011101787363533901,BTCUSDT
2024-06-28 01:00:00,0.0,BTCUSDT
2024-06-28 02:00:00,0.0,BTCUSDT
2024-06-28 03:00:00,0.0,BTCUSDT
2024-06-28 04:00:00,0.0,BTCUSDT
2024-06-28 05:00:00,0.0,BTCUSDT
2024-06-28 06:00:00,0.0,BTCUSDT
2024-06-28 07:00:00,0.0,BTCUSDT
2024-06-28 08:00:00,-0.00016147395644619284,BTCUSDT
2024-06-28 09:00:00,0.0,BTCUSDT
2024-06-28 10:00:00,0.0,BTCUSDT
2024-06-28 11:00:00,0.0,BTCUSDT
2024-06-28 12:00:00,0.0,BTCUSDT
2024-06-28 13:00:00,0.0,BTCUSDT
2024-06-28 14:00:00,0.0,BTCUSDT
2024-06-28 15:00:00,0.0,BTCUSDT
2024-06-28 16:00:00,0.0001989411307550065,BTCUSDT
2024-06-28 17:00:00,0.0,BTCUSDT
2024-06-28 18:00:00,0.0,BTCUSDT
2024-06-28 19:00:00,0.0,BTCUSDT
2024-06-28 20:00:00,0.0,BTCUSDT
2024-06-28 21:00:00,0.0,BTCUSDT
2024-06-28 22:00:00,0.0,BTCUSDT
2024-06-28 23:00:00,0.0,BTCUSDT
2024-06-29 00:00:00,9.602527292633769e-05,BTCUSDT
2024-06-29 01:00:00,0.0,BTCUSDT
2024-06-29 02:00:00,0.0,BTCUSDT
2024-06-29 03:00:00,0.0,BTCUSDT
2024-06-29 04:00:00,0.0,BTCUSDT
2024-06-29 05:00:00,0.0,BTCUSDT
2024-06-29 06:00:00,0.0,BTCUSDT
2024-06-29 07:00:00,0.0,BTCUSDT
2024-06-29 08:00:00,0.0004398871966017419,BTCUSDT
2024-06-29 09:00:00,0.0,BTCUSDT
2024-06-29 10:00:00,0.0,BTCUSDT
2024-06-29 11:00:00,0.0,BTCUSDT
2024-06-29 12:00:00,0.0,BTCUSDT
2024-06-29 13:00:00,0.0,BTCUSDT
2024-06-29 14:00:00,0.0,BTCUSDT
2024-06-29 15:00:00,0.0,BTCUSDT
2024-06-29 16:00:00,-0.0002322166831134345,BTCUSDT
2024-06-29 17:00:00,0.0,BTCUSDT
2024-06-29 18:00:00,0.0,BTCUSDT
2024-06-29 19:00:00,0.0,BTCUSDT
2024-06-29 20:00:00,0.0,BTCUSDT
2024-06-29 21:00:00,0.0,BTCUSDT
2024-06-29 22:00:00,0.0,BTCUSDT
2024-06-29 23:00:00,0.0,BTCUSDT
2024-06-30 00:00:00,-3.077967766511529e-05,BTCUSDT
2024-06-30 01:00:00,0.0,BTCUSDT
2024-06-30 02:00:00,0.0,BTCUSDT
2024-06-30 03:00:00,0.0,BTCUSDT
2024-06-30 04:00:00,0.0,BTCUSDT
2024-06-30 05:00:00,0.0,BTCUSDT
2024-06-30 06:00:00,0.0,BTCUSDT
2024-06-30 07:00:00,0.0,BTCUSDT
2024-06-30 08:00:00,5.018563106939186e-05,BTCUSDT
2024-06-30 09:00:00,0.0,BTCUSDT
2024-06-30 10:00:00,0.0,BTCUSDT
2024-06-30 11:00:00,0.0,BTCUSDT
2024-06-30 12:00:00,0.0,BTCUSDT
2024-06-30 13:00:00,0.0,BTCUSDT
2024-06-30 14:00:00,0.0,BTCUSDT
2024-06-30 15:00:00,0.0,BTCUSDT
2024-06-30 16:00:00,0.0001614807139439377,BTCUSDT
2024-06-30 17:00:00,0.0,BTCUSDT
2024-06-30 18:00:00,0.0,BTCUSDT
2024-06-30 19:00:00,0.0,BTCUSDT
2024-06-30 20:00:00,0.0,BTCUSDT
2024-06-30 21:00:00,0.0,BTCUSDT
2024-06-30 22:00:00,0.0,BTCUSDT
2024-06-30 23:00:00,0.0,BTCUSDT
2024-07-01 00:00:00,-3.449711920126723e-05,BTCUSDT
2024-07-01 01:00:00,0.0,BTCUSDT
2024-07-01 02:00:00,0.0,BTCUSDT
2024-07-01 03:00:00,0.0,BTCUSDT
2024-07-01 04:00:00,0.0,BTCUSDT
2024-07-01 05:00:00,0.0,BTCUSDT
2024-07-01 06:00:00,0.0,BTCUSDT
2024-07-01 07:00:00,0.0,BTCUSDT
2024-07-01 08:00:00,-0.0003743318721717785,BTCUSDT
2024-07-01 09:00:00,0.0,BTCUSDT
2024-07-01 10:00:00,0.0,BTCUSDT
2024-07-01 11:00:00,0.0,BTCUSDT
2024-07-01 12:00:00,0.0,BTCUSDT
2024-07-01 13:00:00,0.0,BTCUSDT
2024-07-01 14:00:00,0.0,BTCUSDT
2024-07-01 15:00:00,0.0,BTCUSDT
2024-07-01 16:00:00,-2.149445752406145e-05,BTCUSDT
2024-07-01 17:00:00,0.0,BTCUSDT
2024-07-01 18:00:00,0.0,BTCUSDT
2024-07-01 19:00:00,0.0,BTCUSDT
2024-07-01 20:00:00,0.0,BTCUSDT
2024-07-01 21:00:00,0.0,BTCUSDT
2024-07-01 22:00:00,0.0,BTCUSDT
2024-07-01 23:00:00,0.0,BTCUSDT
2024-07-02 00:00:00,0.00016486804200297364,BTCUSDT
2024-07-02 01:00:00,0.0,BTCUSDT
2024-07-02 02:00:00,0.0,BTCUSDT
2024-07-02 03:00:00,0.0,BTCUSDT
2024-07-02 04:00:00,0.0,BTCUSDT
2024-07-02 05:00:00,0.0,BTCUSDT
2024-07-02 06:00:00,0.0,BTCUSDT
2024-07-02 07:00:00,0.0,BTCUSDT
2024-07-02 08:00:00,0.000197461047408999,BTCUSDT
2024-07-02 09:00:00,0.0,BTCUSDT
2024-07-02 10:00:00,0.0,BTCUSDT
2024-07-02 11:00:00,0.0,BTCUSDT
2024-07-02 12:00:00,0.0,BTCUSDT
2024-07-02 13:00:00,0.0,BTCUSDT
2024-07-02 14:00:00,0.0,BTCUSDT
2024-07-02 15:00:00,0.0,BTCUSDT
2024-07-02 16:00:00,0.000208181703712198,BTCUSDT
2024-07-02 17:00:00,0.0,BTCUSDT
2024-07-02 18:00:00,0.0,BTCUSDT
2024-07-02 19:00:00,0.0,BTCUSDT
2024-07-02 20:00:00,0.0,BTCUSDT
2024-07-02 21:00:00,0.0,BTCUSDT
2024-07-02 22:00:00,0.0,BTCUSDT
2024-07-02 23:00:00,0.0,BTCUSDT
2024-07-03 00:00:00,0.0001524133618173451,BTCUSDT
2024-07-03 01:00:00,0.0,BTCUSDT
2024-07-03 02:00:00,0.0,BTCUSDT
2024-07-03 03:00:00,0.0,BTCUSDT
2024-07-03 04:00:00,0.0,BTCUSDT
2024-07-03 05:00:00,0.0,BTCUSDT
2024-07-03 06:00:00,0.0,BTCUSDT
2024-07-03 07:00:00,0.0,BTCUSDT
2024-07-03 08:00:00,-8.011807050721234e-05,BTCUSDT
2024-07-03 09:00:00,0.0,BTCUSDT
2024-07-03 10:00:00,0.0,BTCUSDT
2024-07-03 11:00:00,0.0,BTCUSDT
2024-07-03 12:00:00,0.0,BTCUSDT
2024-07-03 13:00:00,0.0,BTCUSDT
2024-07-03 14:00:00,0.0,BTCUSDT
2024-07-03 15:00:00,0.0,BTCUSDT
2024-07-03 16:00:00,0.00014533684969891944,BTCUSDT
2024-07-03 17:00:00,0.0,BTCUSDT
2024-07-03 18:00:00,0.0,BTCUSDT
2024-07-03 19:00:00,0.0,BTCUSDT
2024-07-03 20:00:00,0.0,BTCUSDT
2024-07-03 21:00:00,0.0,BTCUSDT
2024-07-03 22:00:00,0.0,BTCUSDT
2024-07-03 23:00:00,0.0,BTCUSDT
2024-07-04 00:00:00,-0.00017138711393991507,BTCUSDT
2024-07-04 01:00:00,0.0,BTCUSDT
2024-07-04 02:00:00,0.0,BTCUSDT
2024-07-04 03:00:00,0.0,BTCUSDT
2024-07-04 04:00:00,0.0,BTCUSDT
2024-07-04 05:00:00,0.0,BTCUSDT
2024-07-04 06:00:00,0.0,BTCUSDT
2024-07-04 07:00:00,0.0,BTCUSDT
2024-07-04 08:00:00,0.00019614891595359682,BTCUSDT
2024-07-04 09:00:00,0.0,BTCUSDT
2024-07-04 10:00:00,0.0,BTCUSDT
2024-07-04 11:00:00,0.0,BTCUSDT
2024-07-04 12:00:00,0.0,BTCUSDT
2024-07-04 13:00:00,0.0,BTCUSDT
2024-07-04 14:00:00,0.0,BTCUSDT
2024-07-04 15:00:00,0.0,BTCUSDT
2024-07-04 16:00:00,-0.0001314233237426542,BTCUSDT
2024-07-04 17:00:00,0.0,BTCUSDT
2024-07-04 18:00:00,0.0,BTCUSDT
2024-07-04 19:00:00,0.0,BTCUSDT
2024-07-04 20:00:00,0.0,BTCUSDT
2024-07-04 21:00:00,0.0,BTCUSDT
2024-07-04 22:00:00,0.0,BTCUSDT
2024-07-04 23:00:00,0.0,BTCUSDT
2024-07-05 00:00:00,-1.6003266530736937e-05,BTCUSDT
2024-07-05 01:00:00,0.0,BTCUSDT
2024-07-05 02:00:00,0.0,BTCUSDT
2024-07-05 03:00:00,0.0,BTCUSDT
2024-07-05 04:00:00,0.0,BTCUSDT
2024-07-05 05:00:00,0.0,BTCUSDT
2024-07-05 06:00:00,0.0,BTCUSDT
2024-07-05 07:00:00,0.0,BTCUSDT
2024-07-05 08:00:00,0.0003589971169633912,BTCUSDT
2024-07-05 09:00:00,0.0,BTCUSDT
2024-07-05 10:00:00,0.0,BTCUSDT
2024-07-05 11:00:00,0.0,BTCUSDT
2024-07-05 12:00:00,0.0,BTCUSDT
2024-07-05 13:00:00,0.0,BTCUSDT
2024-07-05 14:00:00,0.0,BTCUSDT
2024-07-05 15:00:00,0.0,BTCUSDT
2024-07-05 16:00:00,-0.00013890458795320703,BTCUSDT
2024-07-05 17:00:00,0.0,BTCUSDT
2024-07-05 18:00:00,0.0,BTCUSDT
2024-07-05 19:00:00,0.0,BTCUSDT
2024-07-05 20:00:00,0.0,BTCUSDT
2024-07-05 21:00:00,0.0,BTCUSDT
2024-07-05 22:00:00,0.0,BTCUSDT
2024-07-05 23:00:00,0.0,BTCUSDT
2024-07-06 00:00:00,0.00027622934416267385,BTCUSDT
2024-07-06 01:00:00,0.0,BTCUSDT
2024-07-06 02:00:00,0.0,BTCUSDT
2024-07-06 03:00:00,0.0,BTCUSDT
2024-07-06 04:00:00,0.0,BTCUSDT
2024-07-06 05:00:00,0.0,BTCUSDT
2024-07-06 06:00:00,0.0,BTCUSDT
2024-07-06 07:00:00,0.0,BTCUSDT
2024-07-06 08:00:00,-6.1034350348575264e-05,BTCUSDT
2024-07-06 09:00:00,0.0,BTCUSDT
2024-07-06 10:00:00,0.0,BTCUSDT
2024-07-06 11:00:00,0.0,BTCUSDT
2024-07-06 12:00:00,0.0,BTCUSDT
2024-07-06 13:00:00,0.0,BTCUSDT
2024-07-06 14:00:00,0.0,BTCUSDT
2024-07-06 15:00:00,0.0,BTCUSDT
2024-07-06 16:00:00,5.7186460454427724e-05,BTCUSDT
2024-07-06 17:00:00,0.0,BTCUSDT
2024-07-06 18:00:00,0.0,BTCUSDT
2024-07-06 19:00:00,0.0,BTCUSDT
2024-07-06 20:00:00,0.0,BTCUSDT
2024-07-06 21:00:00,0.0,BTCUSDT
2024-07-06 22:00:00,0.0,BTCUSDT
2024-07-06 23:00:00,0.0,BTCUSDT
2024-07-07 00:00:00,-1.7822426556225393e-05,BTCUSDT
2024-07-07 01:00:00,0.0,BTCUSDT
2024-07-07 02:00:00,0.0,BTCUSDT
2024-07-07 03:00:00,0.0,BTCUSDT
2024-07-07 04:00:00,0.0,BTCUSDT
2024-07-07 05:00:00,0.0,BTCUSDT
2024-07-07 06:00:00,0.0,BTCUSDT
2024-07-07 07:00:00,0.0,BTCUSDT
2024-07-07 08:00:00,2.4589254102510834e-06,BTCUSDT
2024-07-07 09:00:00,0.0,BTCUSDT
2024-07-07 10:00:00,0.0,BTCUSDT
2024-07-07 11:00:00,0.0,BTCUSDT
2024-07-07 12:00:00,0.0,BTCUSDT
2024-07-07 13:00:00,0.0,BTCUSDT
2024-07-07 14:00:00,0.0,BTCUSDT
2024-07-07 15:00:00,0.0,BTCUSDT
2024-07-07 16:00:00,8.937863966061787e-05,BTCUSDT
2024-07-07 17:00:00,0.0,BTCUSDT
2024-07-07 18:00:00,0.0,BTCUSDT
2024-07-07 19:00:00,0.0,BTCUSDT
2024-07-07 20:00:00,0.0,BTCUSDT
2024-07-07 21:00:00,0.0,BTCUSDT
2024-07-07 22:00:00,0.0,BTCUSDT
2024-07-07 23:00:00,0.0,BTCUSDT
2024-07-08 00:00:00,0.00014333662379285725,BTCUSDT
2024-07-08 01:00:00,0.0,BTCUSDT
2024-07-08 02:00:00,0.0,BTCUSDT
2024-07-08 03:00:00,0.0,BTCUSDT
2024-07-08 04:00:00,0.0,BTCUSDT
2024-07-08 05:00:00,0.0,BTCUSDT
2024-07-08 06:00:00,0.0,BTCUSDT
2024-07-08 07:00:00,0.0,BTCUSDT
2024-07-08 08:00:00,0.0001740423779883482,BTCUSDT
2024-07-08 09:00:00,0.0,BTCUSDT
2024-07-08 10:00:00,0.0,BTCUSDT
2024-07-08 11:00:00,0.0,BTCUSDT
2024-07-08 12:00:00,0.0,BTCUSDT
2024-07-08 13:00:00,0.0,BTCUSDT
2024-07-08 14:00:00,0.0,BTCUSDT
2024-07-08 15:00:00,0.0,BTCUSDT
2024-07-08 16:00:00,0.00027456487020112696,BTCUSDT
2024-07-08 17:00:00,0.0,BTCUSDT
2024-07-08 18:00:00,0.0,BTCUSDT
2024-07-08 19:00:00,0.0,BTCUSDT
2024-07-08 20:00:00,0.0,BTCUSDT
2024-07-08 21:00:00,0.0,BTCUSDT
2024-07-08 22:00:00,0.0,BTCUSDT
2024-07-08 23:00:00,0.0,BTCUSDT
2024-07-09 00:00:00,-0.00011403831257886635,BTCUSDT
2024-07-09 01:00:00,0.0,BTCUSDT
2024-07-09 02:00:00,0.0,BTCUSDT
2024-07-09 03:00:00,0.0,BTCUSDT
2024-07-09 04:00:00,0.0,BTCUSDT
2024-07-09 05:00:00,0.0,BTCUSDT
2024-07-09 06:00:00,0.0,BTCUSDT
2024-07-09 07:00:00,0.0,BTCUSDT
2024-07-09 08:00:00,0.00039042353983651207,BTCUSDT
2024-07-09 09:00:00,0.0,BTCUSDT
2024-07-09 10:00:00,0.0,BTCUSDT
2024-07-09 11:00:00,0.0,BTCUSDT
2024-07-09 12:00:00,0.0,BTCUSDT
2024-07-09 13:00:00,0.0,BTCUSDT
2024-07-09 14:00:00,0.0,BTCUSDT
2024-07-09 15:00:00,0.0,BTCUSDT
2024-07-09 16:00:00,-0.0001353924225539936,BTCUSDT
2024-07-09 17:00:00,0.0,BTCUSDT
2024-07-09 18:00:00,0.0,BTCUSDT
2024-07-09 19:00:00,0.0,BTCUSDT
2024-07-09 20:00:00,0.0,BTCUSDT
2024-07-09 21:00:00,0.0,BTCUSDT
2024-07-09 22:00:00,0.0,BTCUSDT
2024-07-09 23:00:00,0.0,BTCUSDT
2024-07-10 00:00:00,6.234773298273869e-05,BTCUSDT
2024-07-10 01:00:00,0.0,BTCUSDT
2024-07-10 02:00:00,0.0,BTCUSDT
2024-07-10 03:00:00,0.0,BTCUSDT
2024-07-10 04:00:00,0.0,BTCUSDT
2024-07-10 05:00:00,0.0,BTCUSDT
2024-07-10 06:00:00,0.0,BTCUSDT
2024-07-10 07:00:00,0.0,BTCUSDT
2024-07-10 08:00:00,0.00020915734270647113,BTCUSDT
2024-07-10 09:00:00,0.0,BTCUSDT
2024-07-10 10:00:00,0.0,BTCUSDT
2024-07-10 11:00:00,0.0,BTCUSDT
2024-07-10 12:00:00,0.0,BTCUSDT
2024-07-10 13:00:00,0.0,BTCUSDT
2024-07-10 14:00:00,0.0,BTCUSDT
2024-07-10 15:00:00,0.0,BTCUSDT
2024-07-10 16:00:00,5.680789592995356e-05,BTCUSDT
2024-07-10 17:00:00,0.0,BTCUSDT
2024-07-10 18:00:00,0.0,BTCUSDT
2024-07-10 19:00:00,0.0,BTCUSDT
2024-07-10 20:00:00,0.0,BTCUSDT
2024-07-10 21:00:00,0.0,BTCUSDT
2024-07-10 22:00:00,0.0,BTCUSDT
2024-07-10 23:00:00,0.0,BTCUSDT
2024-07-11 00:00:00,0.00023727071100290665,BTCUSDT
2024-07-11 01:00:00,0.0,BTCUSDT
2024-07-11 02:00:00,0.0,BTCUSDT
2024-07-11 03:00:00,0.0,BTCUSDT
2024-07-11 04:00:00,0.0,BTCUSDT
2024-07-11 05:00:00,0.0,BTCUSDT
2024-07-11 06:00:00,0.0,BTCUSDT
2024-07-11 07:00:00,0.0,BTCUSDT
2024-07-11 08:00:00,0.000329205515002683,BTCUSDT
2024-07-11 09:00:00,0.0,BTCUSDT
2024-07-11 10:00:00,0.0,BTCUSDT
2024-07-11 11:00:00,0.0,BTCUSDT
2024-07-11 12:00:00,0.0,BTCUSDT
2024-07-11 13:00:00,0.0,BTCUSDT
2024-07-11 14:00:00,0.0,BTCUSDT
2024-07-11 15:00:00,0.0,BTCUSDT
2024-07-11 16:00:00,0.00017125055774121673,BTCUSDT
2024-07-11 17:00:00,0.0,BTCUSDT
2024-07-11 18:00:00,0.0,BTCUSDT
2024-07-11 19:00:00,0.0,BTCUSDT
2024-07-11 20:00:00,0.0,BTCUSDT
2024-07-11 21:00:00,0.0,BTCUSDT
2024-07-11 22:00:00,0.0,BTCUSDT
2024-07-11 23:00:00,0.0,BTCUSDT
2024-07-12 00:00:00,0.0001772765307696122,BTCUSDT
2024-07-12 01:00:00,0.0,BTCUSDT
2024-07-12 02:00:00,0.0,BTCUSDT
2024-07-12 03:00:00,0.0,BTCUSDT
2024-07-12 04:00:00,0.0,BTCUSDT
2024-07-12 05:00:00,0.0,BTCUSDT
2024-07-12 06:00:00,0.0,BTCUSDT
2024-07-12 07:00:00,0.0,BTCUSDT
2024-07-12 08:00:00,0.0002627961720395482,BTCUSDT
2024-07-12 09:00:00,0.0,BTCUSDT
2024-07-12 10:00:00,0.0,BTCUSDT
2024-07-12 11:00:00,0.0,BTCUSDT
2024-07-12 12:00:00,0.0,BTCUSDT
2024-07-12 13:00:00,0.0,BTCUSDT
2024-07-12 14:00:00,0.0,BTCUSDT
2024-07-12 15:00:00,0.0,BTCUSDT
2024-07-12 16:00:00,-0.00022334267498960286,BTCUSDT
2024-07-12 17:00:00,0.0,BTCUSDT
2024-07-12 18:00:00,0.0,BTCUSDT
2024-07-12 19:00:00,0.0,BTCUSDT
2024-07-12 20:00:00,0.0,BTCUSDT
2024-07-12 21:00:00,0.0,BTCUSDT
2024-07-12 22:00:00,0.0,BTCUSDT
2024-07-12 23:00:00,0.0,BTCUSDT
2024-07-13 00:00:00,3.6940668942775124e-05,BTCUSDT
2024-07-13 01:00:00,0.0,BTCUSDT
2024-07-13 02:00:00,0.0,BTCUSDT
2024-07-13 03:00:00,0.0,BTCUSDT
2024-07-13 04:00:00,0.0,BTCUSDT
2024-07-13 05:00:00,0.0,BTCUSDT
2024-07-13 06:00:00,0.0,BTCUSDT
2024-07-13 07:00:00,0.0,BTCUSDT
2024-07-13 08:00:00,0.0002436834846943282,BTCUSDT
2024-07-13 09:00:00,0.0,BTCUSDT
2024-07-13 10:00:00,0.0,BTCUSDT
2024-07-13 11:00:00,0.0,BTCUSDT
2024-07-13 12:00:00,0.0,BTCUSDT
2024-07-13 13:00:00,0.0,BTCUSDT
2024-07-13 14:00:00,0.0,BTCUSDT
2024-07-13 15:00:00,0.0,BTCUSDT
2024-07-13 16:00:00,0.000196052100281185,BTCUSDT
2024-07-13 17:00:00,0.0,BTCUSDT
2024-07-13 18:00:00,0.0,BTCUSDT
2024-07-13 19:00:00,0.0,BTCUSDT
2024-07-13 20:00:00,0.0,BTCUSDT
2024-07-13 21:00:00,0.0,BTCUSDT
2024-07-13 22:00:00,0.0,BTCUSDT
2024-07-13 23:00:00,0.0,BTCUSDT
2024-07-14 00:00:00,5.3739811414060117e-05,BTCUSDT
2024-07-14 01:00:00,0.0,BTCUSDT
2024-07-14 02:00:00,0.0,BTCUSDT
2024-07-14 03:00:00,0.0,BTCUSDT
2024-07-14 04:00:00,0.0,BTCUSDT
2024-07-14 05:00:00,0.0,BTCUSDT
2024-07-14 06:00:00,0.0,BTCUSDT
2024-07-14 07:00:00,0.0,BTCUSDT
2024-07-14 08:00:00,-0.00018872085243395298,BTCUSDT
2024-07-14 09:00:00,0.0,BTCUSDT
2024-07-14 10:00:00,0.0,BTCUSDT
2024-07-14 11:00:00,0.0,BTCUSDT
2024-07-14 12:00:00,0.0,BTCUSDT
2024-07-14 13:00:00,0.0,BTCUSDT
2024-07-14 14:00:00,0.0,BTCUSDT
2024-07-14 15:00:00,0.0,BTCUSDT
2024-07-14 16:00:00,0.00020203149378303668,BTCUSDT
2024-07-14 17:00:00,0.0,BTCUSDT
2024-07-14 18:00:00,0.0,BTCUSDT
2024-07-14 19:00:00,0.0,BTCUSDT
2024-07-14 20:00:00,0.0,BTCUSDT
2024-07-14 21:00:00,0.0,BTCUSDT
2024-07-14 22:00:00,0.0,BTCUSDT
2024-07-14 23:00:00,0.0,BTCUSDT
2024-07-15 00:00:00,0.0002154727050213323,BTCUSDT
2024-07-15 01:00:00,0.0,BTCUSDT
2024-07-15 02:00:00,0.0,BTCUSDT
2024-07-15 03:00:00,0.0,BTCUSDT
2024-07-15 04:00:00,0.0,BTCUSDT
2024-07-15 05:00:00,0.0,BTCUSDT
2024-07-15 06:00:00,0.0,BTCUSDT
2024-07-15 07:00:00,0.0,BTCUSDT
2024-07-15 08:00:00,0.00018192722373679875,BTCUSDT
2024-07-15 09:00:00,0.0,BTCUSDT
2024-07-15 10:00:00,0.0,BTCUSDT
2024-07-15 11:00:00,0.0,BTCUSDT
2024-07-15 12:00:00,0.0,BTCUSDT
2024-07-15 13:00:00,0.0,BTCUSDT
2024-07-15 14:00:00,0.0,BTCUSDT
2024-07-15 15:00:00,0.0,BTCUSDT
2024-07-15 16:00:00,0.00030143144011933384,BTCUSDT
2024-07-15 17:00:00,0.0,BTCUSDT
2024-07-15 18:00:00,0.0,BTCUSDT
2024-07-15 19:00:00,0.0,BTCUSDT
2024-07-15 20:00:00,0.0,BTCUSDT
2024-07-15 21:00:00,0.0,BTCUSDT
2024-07-15 22:00:00,0.0,BTCUSDT
2024-07-15 23:00:00,0.0,BTCUSDT
2024-07-16 00:00:00,0.0004185339996565768,BTCUSDT
2024-07-16 01:00:00,0.0,BTCUSDT
2024-07-16 02:00:00,0.0,BTCUSDT
2024-07-16 03:00:00,0.0,BTCUSDT
2024-07-16 04:00:00,0.0,BTCUSDT
2024-07-16 05:00:00,0.0,BTCUSDT
2024-07-16 06:00:00,0.0,BTCUSDT
2024-07-16 07:00:00,0.0,BTCUSDT
2024-07-16 08:00:00,-5.817635833891309e-05,BTCUSDT
2024-07-16 09:00:00,0.0,BTCUSDT
2024-07-16 10:00:00,0.0,BTCUSDT
2024-07-16 11:00:00,0.0,BTCUSDT
2024-07-16 12:00:00,0.0,BTCUSDT
2024-07-16 13:00:00,0.0,BTCUSDT
2024-07-16 14:00:00,0.0,BTCUSDT
2024-07-16 15:00:00,0.0,BTCUSDT
2024-07-16 16:00:00,0.00042086782166171925,BTCUSDT
2024-07-16 17:00:00,0.0,BTCUSDT
2024-07-16 18:00:00,0.0,BTCUSDT
2024-07-16 19:00:00,0.0,BTCUSDT
2024-07-16 20:00:00,0.0,BTCUSDT
2024-07-16 21:00:00,0.0,BTCUSDT
2024-07-16 22:00:00,0.0,BTCUSDT
2024-07-16 23:00:00,0.0,BTCUSDT
2024-07-17 00:00:00,5.2816694137575216e-05,BTCUSDT
2024-07-17 01:00:00,0.0,BTCUSDT
2024-07-17 02:00:00,0.0,BTCUSDT
2024-07-17 03:00:00,0.0,BTCUSDT
2024-07-17 04:00:00,0.0,BTCUSDT
2024-07-17 05:00:00,0.0,BTCUSDT
2024-07-17 06:00:00,0.0,BTCUSDT
2024-07-17 07:00:00,0.0,BTCUSDT
2024-07-17 08:00:00,-0.0001539997194787752,BTCUSDT
2024-07-17 09:00:00,0.0,BTCUSDT
2024-07-17 10:00:00,0.0,BTCUSDT
2024-07-17 11:00:00,0.0,BTCUSDT
2024-07-17 12:00:00,0.0,BTCUSDT
2024-07-17 13:00:00,0.0,BTCUSDT
2024-07-17 14:00:00,0.0,BTCUSDT
2024-07-17 15:00:00,0.0,BTCUSDT
2024-07-17 16:00:00,0.0003058826201910652,BTCUSDT
2024-07-17 17:00:00,0.0,BTCUSDT
2024-07-17 18:00:00,0.0,BTCUSDT
2024-07-17 19:00:00,0.0,BTCUSDT
2024-07-17 20:00:00,0.0,BTCUSDT
2024-07-17 21:00:00,0.0,BTCUSDT
2024-07-17 22:00:00,0.0,BTCUSDT
2024-07-17 23:00:00,0.0,BTCUSDT
2024-07-18 00:00:00,9.515343322606158e-05,BTCUSDT
2024-07-18 01:00:00,0.0,BTCUSDT
2024-07-18 02:00:00,0.0,BTCUSDT
2024-07-18 03:00:00,0.0,BTCUSDT
2024-07-18 04:00:00,0.0,BTCUSDT
2024-07-18 05:00:00,0.0,BTCUSDT
2024-07-18 06:00:00,0.0,BTCUSDT
2024-07-18 07:00:00,0.0,BTCUSDT
2024-07-18 08:00:00,0.0006510435487439804,BTCUSDT
2024-07-18 09:00:00,0.0,BTCUSDT
2024-07-18 10:00:00,0.0,BTCUSDT
2024-07-18 11:00:00,0.0,BTCUSDT
2024-07-18 12:00:00,0.0,BTCUSDT
2024-07-18 13:00:00,0.0,BTCUSDT
2024-07-18 14:00:00,0.0,BTCUSDT
2024-07-18 15:00:00,0.0,BTCUSDT
2024-07-18 16:00:00,7.707183289872152e-05,BTCUSDT
2024-07-18 17:00:00,0.0,BTCUSDT
2024-07-18 18:00:00,0.0,BTCUSDT
2024-07-18 19:00:00,0.0,BTCUSDT
2024-07-18 20:00:00,0.0,BTCUSDT
2024-07-18 21:00:00,0.0,BTCUSDT
2024-07-18 22:00:00,0.0,BTCUSDT
2024-07-18 23:00:00,0.0,BTCUSDT
2024-07-19 00:00:00,0.00020140405442707138,BTCUSDT
2024-07-19 01:00:00,0.0,BTCUSDT
2024-07-19 02:00:00,0.0,BTCUSDT
2024-07-19 03:00:00,0.0,BTCUSDT
2024-07-19 04:00:00,0.0,BTCUSDT
2024-07-19 05:00:00,0.0,BTCUSDT
2024-07-19 06:00:00,0.0,BTCUSDT
2024-07-19 07:00:00,0.0,BTCUSDT
2024-07-19 08:00:00,0.00038546107285784327,BTCUSDT
2024-07-19 09:00:00,0.0,BTCUSDT
2024-07-19 10:00:00,0.0,BTCUSDT
2024-07-19 11:00:00,0.0,BTCUSDT
2024-07-19 12:00:00,0.0,BTCUSDT
2024-07-19 13:00:00,0.0,BTCUSDT
2024-07-19 14:00:00,0.0,BTCUSDT
2024-07-19 15:00:00,0.0,BTCUSDT
2024-07-19 16:00:00,0.00036408280195676684,BTCUSDT
2024-07-19 17:00:00,0.0,BTCUSDT
2024-07-19 18:00:00,0.0,BTCUSDT
2024-07-19 19:00:00,0.0,BTCUSDT
2024-07-19 20:00:00,0.0,BTCUSDT
2024-07-19 21:00:00,0.0,BTCUSDT
2024-07-19 22:00:00,0.0,BTCUSDT
2024-07-19 23:00:00,0.0,BTCUSDT
2024-07-20 00:00:00,8.747035557563571e-05,BTCUSDT
2024-07-20 01:00:00,0.0,BTCUSDT
2024-07-20 02:00:00,0.0,BTCUSDT
2024-07-20 03:00:00,0.0,BTCUSDT
2024-07-20 04:00:00,0.0,BTCUSDT
2024-07-20 05:00:00,0.0,BTCUSDT
2024-07-20 06:00:00,0.0,BTCUSDT
2024-07-20 07:00:00,0.0,BTCUSDT
2024-07-20 08:00:00,0.000217571177627547,BTCUSDT
2024-07-20 09:00:00,0.0,BTCUSDT
2024-07-20 10:00:00,0.0,BTCUSDT
2024-07-20 11:00:00,0.0,BTCUSDT
2024-07-20 12:00:00,0.0,BTCUSDT
2024-07-20 13:00:00,0.0,BTCUSDT
2024-07-20 14:00:00,0.0,BTCUSDT
2024-07-20 15:00:00,0.0,BTCUSDT
2024-07-20 16:00:00,-6.127538582360996e-05,BTCUSDT
2024-07-20 17:00:00,0.0,BTCUSDT
2024-07-20 18:00:00,0.0,BTCUSDT
2024-07-20 19:00:00,0.0,BTCUSDT
2024-07-20 20:00:00,0.0,BTCUSDT
2024-07-20 21:00:00,0.0,BTCUSDT
2024-07-20 22:00:00,0.0,BTCUSDT
2024-07-20 23:00:00,0.0,BTCUSDT
2024-07-21 00:00:00,-1.2368419870339805e-05,BTCUSDT
2024-07-21 01:00:00,0.0,BTCUSDT
2024-07-21 02:00:00,0.0,BTCUSDT
2024-07-21 03:00:00,0.0,BTCUSDT
2024-07-21 04:00:00,0.0,BTCUSDT
2024-07-21 05:00:00,0.0,BTCUSDT
2024-07-21 06:00:00,0.0,BTCUSDT
2024-07-21 07:00:00,0.0,BTCUSDT
2024-07-21 08:00:00,0.00027414932891768064,BTCUSDT
2024-07-21 09:00:00,0.0,BTCUSDT
2024-07-21 10:00:00,0.0,BTCUSDT
2024-07-21 11:00:00,0.0,BTCUSDT
2024-07-21 12:00:00,0.0,BTCUSDT
2024-07-21 13:00:00,0.0,BTCUSDT
2024-07-21 14:00:00,0.0,BTCUSDT
2024-07-21 15:00:00,0.0,BTCUSDT
2024-07-21 16:00:00,8.482570986299533e-05,BTCUSDT
2024-07-21 17:00:00,0.0,BTCUSDT
2024-07-21 18:00:00,0.0,BTCUSDT
2024-07-21 19:00:00,0.0,BTCUSDT
2024-07-21 20:00:00,0.0,BTCUSDT
2024-07-21 21:00:00,0.0,BTCUSDT
2024-07-21 22:00:00,0.0,BTCUSDT
2024-07-21 23:00:00,0.0,BTCUSDT
2024-07-22 00:00:00,-0.00014890850001694457,BTCUSDT
2024-07-22 01:00:00,0.0,BTCUSDT
2024-07-22 02:00:00,0.0,BTCUSDT
2024-07-22 03:00:00,0.0,BTCUSDT
2024-07-22 04:00:00,0.0,BTCUSDT
2024-07-22 05:00:00,0.0,BTCUSDT
2024-07-22 06:00:00,0.0,BTCUSDT
2024-07-22 07:00:00,0.0,BTCUSDT
2024-07-22 08:00:00,0.0002987564429060878,BTCUSDT
2024-07-22 09:00:00,0.0,BTCUSDT
2024-07-22 10:00:00,0.0,BTCUSDT
2024-07-22 11:00:00,0.0,BTCUSDT
2024-07-22 12:00:00,0.0,BTCUSDT
2024-07-22 13:00:00,0.0,BTCUSDT
2024-07-22 14:00:00,0.0,BTCUSDT
2024-07-22 15:00:00,0.0,BTCUSDT
2024-07-22 16:00:00,0.00014549917514641075,BTCUSDT
2024-07-22 17:00:00,0.0,BTCUSDT
2024-07-22 18:00:00,0.0,BTCUSDT
2024-07-22 19:00:00,0.0,BTCUSDT
2024-07-22 20:00:00,0.0,BTCUSDT
2024-07-22 21:00:00,0.0,BTCUSDT
2024-07-22 22:00:00,0.0,BTCUSDT
2024-07-22 23:00:00,0.0,BTCUSDT
2024-07-23 00:00:00,-0.00023770103761370002,BTCUSDT
2024-07-23 01:00:00,0.0,BTCUSDT
2024-07-23 02:00:00,0.0,BTCUSDT
2024-07-23 03:00:00,0.0,BTCUSDT
2024-07-23 04:00:00,0.0,BTCUSDT
2024-07-23 05:00:00,0.0,BTCUSDT
2024-07-23 06:00:00,0.0,BTCUSDT
2024-07-23 07:00:00,0.0,BTCUSDT
2024-07-23 08:00:00,0.0002289036983290583,BTCUSDT
2024-07-23 09:00:00,0.0,BTCUSDT
2024-07-23 10:00:00,0.0,BTCUSDT
2024-07-23 11:00:00,0.0,BTCUSDT
2024-07-23 12:00:00,0.0,BTCUSDT
2024-07-23 13:00:00,0.0,BTCUSDT
2024-07-23 14:00:00,0.0,BTCUSDT
2024-07-23 15:00:00,0.0,BTCUSDT
2024-07-23 16:00:00,0.0002654230857131536,BTCUSDT
2024-07-23 17:00:00,0.0,BTCUSDT
2024-07-23 18:00:00,0.0,BTCUSDT
2024-07-23 19:00:00,0.0,BTCUSDT
2024-07-23 20:00:00,0.0,BTCUSDT
2024-07-23 21:00:00,0.0,BTCUSDT
2024-07-23 22:00:00,0.0,BTCUSDT
2024-07-23 23:00:00,0.0,BTCUSDT
2024-07-24 00:00:00,0.0004327465664286947,BTCUSDT
2024-07-24 01:00:00,0.0,BTCUSDT
2024-07-24 02:00:00,0.0,BTCUSDT
2024-07-24 03:00:00,0.0,BTCUSDT
2024-07-24 04:00:00,0.0,BTCUSDT
2024-07-24 05:00:00,0.0,BTCUSDT
2024-07-24 06:00:00,0.0,BTCUSDT
2024-07-24 07:00:00,0.0,BTCUSDT
2024-07-24 08:00:00,-0.00015811228438924378,BTCUSDT
2024-07-24 09:00:00,0.0,BTCUSDT
2024-07-24 10:00:00,0.0,BTCUSDT
2024-07-24 11:00:00,0.0,BTCUSDT
2024-07-24 12:00:00,0.0,BTCUSDT
2024-07-24 13:00:00,0.0,BTCUSDT
2024-07-24 14:00:00,0.0,BTCUSDT
2024-07-24 15:00:00,0.0,BTCUSDT
2024-07-24 16:00:00,0.00010062954538126534,BTCUSDT
2024-07-24 17:00:00,0.0,BTCUSDT
2024-07-24 18:00:00,0.0,BTCUSDT
2024-07-24 19:00:00,0.0,BTCUSDT
2024-07-24 20:00:00,0.0,BTCUSDT
2024-07-24 21:00:00,0.0,BTCUSDT
2024-07-24 22:00:00,0.0,BTCUSDT
2024-07-24 23:00:00,0.0,BTCUSDT
2024-07-25 00:00:00,0.00044962741382416707,BTCUSDT
2024-07-25 01:00:00,0.0,BTCUSDT
2024-07-25 02:00:00,0.0,BTCUSDT
2024-07-25 03:00:00,0.0,BTCUSDT
2024-07-25 04:00:00,0.0,BTCUSDT
2024-07-25 05:00:00,0.0,BTCUSDT
2024-07-25 06:00:00,0.0,BTCUSDT
2024-07-25 07:00:00,0.0,BTCUSDT
2024-07-25 08:00:00,0.0002579839444361705,BTCUSDT
2024-07-25 09:00:00,0.0,BTCUSDT
2024-07-25 10:00:00,0.0,BTCUSDT
2024-07-25 11:00:00,0.0,BTCUSDT
2024-07-25 12:00:00,0.0,BTCUSDT
2024-07-25 13:00:00,0.0,BTCUSDT
2024-07-25 14:00:00,0.0,BTCUSDT
2024-07-25 15:00:00,0.0,BTCUSDT
2024-07-25 16:00:00,3.625033695077338e-05,BTCUSDT
2024-07-25 17:00:00,0.0,BTCUSDT
2024-07-25 18:00:00,0.0,BTCUSDT
2024-07-25 19:00:00,0.0,BTCUSDT
2024-07-25 20:00:00,0.0,BTCUSDT
2024-07-25 21:00:00,0.0,BTCUSDT
2024-07-25 22:00:00,0.0,BTCUSDT
2024-07-25 23:00:00,0.0,BTCUSDT
2024-07-26 00:00:00,4.1108848482393205e-05,BTCUSDT
2024-07-26 01:00:00,0.0,BTCUSDT
2024-07-26 02:00:00,0.0,BTCUSDT
2024-07-26 03:00:00,0.0,BTCUSDT
2024-07-26 04:00:00,0.0,BTCUSDT
2024-07-26 05:00:00,0.0,BTCUSDT
2024-07-26 06:00:00,0.0,BTCUSDT
2024-07-26 07:00:00,0.0,BTCUSDT
2024-07-26 08:00:00,0.00037569392549230093,BTCUSDT
2024-07-26 09:00:00,0.0,BTCUSDT
2024-07-26 10:00:00,0.0,BTCUSDT
2024-07-26 11:00:00,0.0,BTCUSDT
2024-07-26 12:00:00,0.0,BTCUSDT
2024-07-26 13:00:00,0.0,BTCUSDT
2024-07-26 14:00:00,0.0,BTCUSDT
2024-07-26 15:00:00,0.0,BTCUSDT
2024-07-26 16:00:00,0.00021296847172002452,BTCUSDT
2024-07-26 17:00:00,0.0,BTCUSDT
2024-07-26 18:00:00,0.0,BTCUSDT
2024-07-26 19:00:00,0.0,BTCUSDT
2024-07-26 20:00:00,0.0,BTCUSDT
2024-07-26 21:00:00,0.0,BTCUSDT
2024-07-26 22:00:00,0.0,BTCUSDT
2024-07-26 23:00:00,0.0,BTCUSDT
2024-07-27 00:00:00,7.703955024818727e-05,BTCUSDT
2024-07-27 01:00:00,0.0,BTCUSDT
2024-07-27 02:00:00,0.0,BTCUSDT
2024-07-27 03:00:00,0.0,BTCUSDT
2024-07-27 04:00:00,0.0,BTCUSDT
2024-07-27 05:00:00,0.0,BTCUSDT
2024-07-27 06:00:00,0.0,BTCUSDT
2024-07-27 07:00:00,0.0,BTCUSDT
2024-07-27 08:00:00,1.5248063595459343e-05,BTCUSDT
2024-07-27 09:00:00,0.0,BTCUSDT
2024-07-27 10:00:00,0.0,BTCUSDT
2024-07-27 11:00:00,0.0,BTCUSDT
2024-07-27 12:00:00,0.0,BTCUSDT
2024-07-27 13:00:00,0.0,BTCUSDT
2024-07-27 14:00:00,0.0,BTCUSDT
2024-07-27 15:00:00,0.0,BTCUSDT
2024-07-27 16:00:00,-4.684666439420757e-05,BTCUSDT
2024-07-27 17:00:00,0.0,BTCUSDT
2024-07-27 18:00:00,0.0,BTCUSDT
2024-07-27 19:00:00,0.0,BTCUSDT
2024-07-27 20:00:00,0.0,BTCUSDT
2024-07-27 21:00:00,0.0,BTCUSDT
2024-07-27 22:00:00,0.0,BTCUSDT
2024-07-27 23:00:00,0.0,BTCUSDT
2024-07-28 00:00:00,-0.000320949901143803,BTCUSDT
2024-07-28 01:00:00,0.0,BTCUSDT
2024-07-28 02:00:00,0.0,BTCUSDT
2024-07-28 03:00:00,0.0,BTCUSDT
2024-07-28 04:00:00,0.0,BTCUSDT
2024-07-28 05:00:00,0.0,BTCUSDT
2024-07-28 06:00:00,0.0,BTCUSDT
2024-07-28 07:00:00,0.0,BTCUSDT
2024-07-28 08:00:00,0.0005554172996106609,BTCUSDT
2024-07-28 09:00:00,0.0,BTCUSDT
2024-07-28 10:00:00,0.0,BTCUSDT
2024-07-28 11:00:00,0.0,BTCUSDT
2024-07-28 12:00:00,0.0,BTCUSDT
2024-07-28 13:00:00,0.0,BTCUSDT
2024-07-28 14:00:00,0.0,BTCUSDT
2024-07-28 15:00:00,0.0,BTCUSDT
2024-07-28 16:00:00,0.0002462001253570963,BTCUSDT
2024-07-28 17:00:00,0.0,BTCUSDT
2024-07-28 18:00:00,0.0,BTCUSDT
2024-07-28 19:00:00,0.0,BTCUSDT
2024-07-28 20:00:00,0.0,BTCUSDT
2024-07-28 21:00:00,0.0,BTCUSDT
2024-07-28 22:00:00,0.0,BTCUSDT
2024-07-28 23:00:00,0.0,BTCUSDT
2024-07-29 00:00:00,0.0001998191632275499,BTCUSDT
2024-07-29 01:00:00,0.0,BTCUSDT
2024-07-29 02:00:00,0.0,BTCUSDT
2024-07-29 03:00:00,0.0,BTCUSDT
2024-07-29 04:00:00,0.0,BTCUSDT
2024-07-29 05:00:00,0.0,BTCUSDT
2024-07-29 06:00:00,0.0,BTCUSDT
2024-07-29 07:00:00,0.0,BTCUSDT
2024-07-29 08:00:00,0.00032437230095885047,BTCUSDT
2024-07-29 09:00:00,0.0,BTCUSDT
2024-07-29 10:00:00,0.0,BTCUSDT
2024-07-29 11:00:00,0.0,BTCUSDT
2024-07-29 12:00:00,0.0,BTCUSDT
2024-07-29 13:00:00,0.0,BTCUSDT
2024-07-29 14:00:00,0.0,BTCUSDT
2024-07-29 15:00:00,0.0,BTCUSDT
2024-07-29 16:00:00,0.00024187050289106347,BTCUSDT
2024-07-29 17:00:00,0.0,BTCUSDT
2024-07-29 18:00:00,0.0,BTCUSDT
2024-07-29 19:00:00,0.0,BTCUSDT
2024-07-29 20:00:00,0.0,BTCUSDT
2024-07-29 21:00:00,0.0,BTCUSDT
2024-07-29 22:00:00,0.0,BTCUSDT
2024-07-29 23:00:00,0.0,BTCUSDT
2024-07-30 00:00:00,0.0002487303551080347,BTCUSDT
2024-07-30 01:00:00,0.0,BTCUSDT
2024-07-30 02:00:00,0.0,BTCUSDT
2024-07-30 03:00:00,0.0,BTCUSDT
2024-07-30 04:00:00,0.0,BTCUSDT
2024-07-30 05:00:00,0.0,BTCUSDT
2024-07-30 06:00:00,0.0,BTCUSDT
2024-07-30 07:00:00,0.0,BTCUSDT
2024-07-30 08:00:00,0.00022190520904172024,BTCUSDT
2024-07-30 09:00:00,0.0,BTCUSDT
2024-07-30 10:00:00,0.0,BTCUSDT
2024-07-30 11:00:00,0.0,BTCUSDT
2024-07-30 12:00:00,0.0,BTCUSDT
2024-07-30 13:00:00,0.0,BTCUSDT
2024-07-30 14:00:00,0.0,BTCUSDT
2024-07-30 15:00:00,0.0,BTCUSDT
2024-07-30 16:00:00,-9.871790311880725e-05,BTCUSDT
2024-07-30 17:00:00,0.0,BTCUSDT
2024-07-30 18:00:00,0.0,BTCUSDT
2024-07-30 19:00:00,0.0,BTCUSDT
2024-07-30 20:00:00,0.0,BTCUSDT
2024-07-30 21:00:00,0.0,BTCUSDT
2024-07-30 22:00:00,0.0,BTCUSDT
2024-07-30 23:00:00,0.0,BTCUSDT
2024-07-31 00:00:00,0.00011690369516306545,BTCUSDT
2024-07-31 01:00:00,0.0,BTCUSDT
2024-07-31 02:00:00,0.0,BTCUSDT
2024-07-31 03:00:00,0.0,BTCUSDT
2024-07-31 04:00:00,0.0,BTCUSDT
2024-07-31 05:00:00,0.0,BTCUSDT
2024-07-31 06:00:00,0.0,BTCUSDT
2024-07-31 07:00:00,0.0,BTCUSDT
2024-07-31 08:00:00,0.0002778307649575612,BTCUSDT
2024-07-31 09:00:00,0.0,BTCUSDT
2024-07-31 10:00:00,0.0,BTCUSDT
2024-07-31 11:00:00,0.0,BTCUSDT
2024-07-31 12:00:00,0.0,BTCUSDT
2024-07-31 13:00:00,0.0,BTCUSDT
2024-07-31 14:00:00,0.0,BTCUSDT
2024-07-31 15:00:00,0.0,BTCUSDT
2024-07-31 16:00:00,0.00018004717110535506,BTCUSDT
2024-07-31 17:00:00,0.0,BTCUSDT
2024-07-31 18:00:00,0.0,BTCUSDT
2024-07-31 19:00:00,0.0,BTCUSDT
2024-07-31 20:00:00,0.0,BTCUSDT
2024-07-31 21:00:00,0.0,BTCUSDT
2024-07-31 22:00:00,0.0,BTCUSDT
2024-07-31 23:00:00,0.0,BTCUSDT
2024-08-01 00:00:00,9.202112324965762e-05,BTCUSDT
2024-08-01 01:00:00,0.0,BTCUSDT
2024-08-01 02:00:00,0.0,BTCUSDT
2024-08-01 03:00:00,0.0,BTCUSDT
2024-08-01 04:00:00,0.0,BTCUSDT
2024-08-01 05:00:00,0.0,BTCUSDT
2024-08-01 06:00:00,0.0,BTCUSDT
2024-08-01 07:00:00,0.0,BTCUSDT
2024-08-01 08:00:00,-0.00017611974117993028,BTCUSDT
2024-08-01 09:00:00,0.0,BTCUSDT
2024-08-01 10:00:00,0.0,BTCUSDT
2024-08-01 11:00:00,0.0,BTCUSDT
2024-08-01 12:00:00,0.0,BTCUSDT
2024-08-01 13:00:00,0.0,BTCUSDT
2024-08-01 14:00:00,0.0,BTCUSDT
2024-08-01 15:00:00,0.0,BTCUSDT
2024-08-01 16:00:00,0.0001299195915037576,BTCUSDT
2024-08-01 17:00:00,0.0,BTCUSDT
2024-08-01 18:00:00,0.0,BTCUSDT
2024-08-01 19:00:00,0.0,BTCUSDT
2024-08-01 20:00:00,0.0,BTCUSDT
2024-08-01 21:00:00,0.0,BTCUSDT
2024-08-01 22:00:00,0.0,BTCUSDT
2024-08-01 23:00:00,0.0,BTCUSDT
2024-08-02 00:00:00,0.00019590150960032175,BTCUSDT
2024-08-02 01:00:00,0.0,BTCUSDT
2024-08-02 02:00:00,0.0,BTCUSDT
2024-08-02 03:00:00,0.0,BTCUSDT
2024-08-02 04:00:00,0.0,BTCUSDT
2024-08-02 05:00:00,0.0,BTCUSDT
2024-08-02 06:00:00,0.0,BTCUSDT
2024-08-02 07:00:00,0.0,BTCUSDT
2024-08-02 08:00:00,0.0002815924627254098,BTCUSDT
2024-08-02 09:00:00,0.0,BTCUSDT
2024-08-02 10:00:00,0.0,BTCUSDT
2024-08-02 11:00:00,0.0,BTCUSDT
2024-08-02 12:00:00,0.0,BTCUSDT
2024-08-02 13:00:00,0.0,BTCUSDT
2024-08-02 14:00:00,0.0,BTCUSDT
2024-08-02 15:00:00,0.0,BTCUSDT
2024-08-02 16:00:00,0.00020362034040599517,BTCUSDT
2024-08-02 17:00:00,0.0,BTCUSDT
2024-08-02 18:00:00,0.0,BTCUSDT
2024-08-02 19:00:00,0.0,BTCUSDT
2024-08-02 20:00:00,0.0,BTCUSDT
2024-08-02 21:00:00,0.0,BTCUSDT
2024-08-02 22:00:00,0.0,BTCUSDT
2024-08-02 23:00:00,0.0,BTCUSDT
2024-08-03 00:00:00,0.00015460214349887716,BTCUSDT
2024-08-03 01:00:00,0.0,BTCUSDT
2024-08-03 02:00:00,0.0,BTCUSDT
2024-08-03 03:00:00,0.0,BTCUSDT
2024-08-03 04:00:00,0.0,BTCUSDT
2024-08-03 05:00:00,0.0,BTCUSDT
2024-08-03 06:00:00,0.0,BTCUSDT
2024-08-03 07:00:00,0.0,BTCUSDT
2024-08-03 08:00:00,-5.32241661221342e-05,BTCUSDT
2024-08-03 09:00:00,0.0,BTCUSDT
2024-08-03 10:00:00,0.0,BTCUSDT
2024-08-03 11:00:00,0.0,BTCUSDT
2024-08-03 12:00:00,0.0,BTCUSDT
2024-08-03 13:00:00,0.0,BTCUSDT
2024-08-03 14:00:00,0.0,BTCUSDT
2024-08-03 15:00:00,0.0,BTCUSDT
2024-08-03 16:00:00,-0.00016031759656066625,BTCUSDT
2024-08-03 17:00:00,0.0,BTCUSDT
2024-08-03 18:00:00,0.0,BTCUSDT
2024-08-03 19:00:00,0.0,BTCUSDT
2024-08-03 20:00:00,0.0,BTCUSDT
2024-08-03 21:00:00,0.0,BTCUSDT
2024-08-03 22:00:00,0.0,BTCUSDT
2024-08-03 23:00:00,0.0,BTCUSDT
2024-08-04 00:00:00,0.0003080861785289678,BTCUSDT
2024-08-04 01:00:00,0.0,BTCUSDT
2024-08-04 02:00:00,0.0,BTCUSDT
2024-08-04 03:00:00,0.0,BTCUSDT
2024-08-04 04:00:00,0.0,BTCUSDT
2024-08-04 05:00:00,0.0,BTCUSDT
2024-08-04 06:00:00,0.0,BTCUSDT
2024-08-04 07:00:00,0.0,BTCUSDT
2024-08-04 08:00:00,0.00021120441936845817,BTCUSDT
2024-08-04 09:00:00,0.0,BTCUSDT
2024-08-04 10:00:00,0.0,BTCUSDT
2024-08-04 11:00:00,0.0,BTCUSDT
2024-08-04 12:00:00,0.0,BTCUSDT
2024-08-04 13:00:00,0.0,BTCUSDT
2024-08-04 14:00:00,0.0,BTCUSDT
2024-08-04 15:00:00,0.0,BTCUSDT
2024-08-04 16:00:00,3.384502079538946e-05,BTCUSDT
2024-08-04 17:00:00,0.0,BTCUSDT
2024-08-04 18:00:00,0.0,BTCUSDT
2024-08-04 19:00:00,0.0,BTCUSDT
2024-08-04 20:00:00,0.0,BTCUSDT
2024-08-04 21:00:00,0.0,BTCUSDT
2024-08-04 22:00:00,0.0,BTCUSDT
2024-08-04 23:00:00,0.0,BTCUSDT
2024-08-05 00:00:00,-0.00010517362119389526,BTCUSDT
2024-08-05 01:00:00,0.0,BTCUSDT
2024-08-05 02:00:00,0.0,BTCUSDT
2024-08-05 03:00:00,0.0,BTCUSDT
2024-08-05 04:00:00,0.0,BTCUSDT
2024-08-05 05:00:00,0.0,BTCUSDT
2024-08-05 06:00:00,0.0,BTCUSDT
2024-08-05 07:00:00,0.0,BTCUSDT
2024-08-05 08:00:00,0.00015819294602748858,BTCUSDT
2024-08-05 09:00:00,0.0,BTCUSDT
2024-08-05 10:00:00,0.0,BTCUSDT
2024-08-05 11:00:00,0.0,BTCUSDT
2024-08-05 12:00:00,0.0,BTCUSDT
2024-08-05 13:00:00,0.0,BTCUSDT
2024-08-05 14:00:00,0.0,BTCUSDT
2024-08-05 15:00:00,0.0,BTCUSDT
2024-08-05 16:00:00,0.0006871315804655557,BTCUSDT
2024-08-05 17:00:00,0.0,BTCUSDT
2024-08-05 18:00:00,0.0,BTCUSDT
2024-08-05 19:00:00,0.0,BTCUSDT
2024-08-05 20:00:00,0.0,BTCUSDT
2024-08-05 21:00:00,0.0,BTCUSDT
2024-08-05 22:00:00,0.0,BTCUSDT
2024-08-05 23:00:00,0.0,BTCUSDT
2024-08-06 00:00:00,-0.00011120615999333352,BTCUSDT
2024-08-06 01:00:00,0.0,BTCUSDT
2024-08-06 02:00:00,0.0,BTCUSDT
2024-08-06 03:00:00,0.0,BTCUSDT
2024-08-06 04:00:00,0.0,BTCUSDT
2024-08-06 05:00:00,0.0,BTCUSDT
2024-08-06 06:00:00,0.0,BTCUSDT
2024-08-06 07:00:00,0.0,BTCUSDT
2024-08-06 08:00:00,7.96010566728136e-05,BTCUSDT
2024-08-06 09:00:00,0.0,BTCUSDT
2024-08-06 10:00:00,0.0,BTCUSDT
2024-08-06 11:00:00,0.0,BTCUSDT
2024-08-06 12:00:00,0.0,BTCUSDT
2024-08-06 13:00:00,0.0,BTCUSDT
2024-08-06 14:00:00,0.0,BTCUSDT
2024-08-06 15:00:00,0.0,BTCUSDT
2024-08-06 16:00:00,0.0002638746536278813,BTCUSDT
2024-08-06 17:00:00,0.0,BTCUSDT
2024-08-06 18:00:00,0.0,BTCUSDT
2024-08-06 19:00:00,0.0,BTCUSDT
2024-08-06 20:00:00,0.0,BTCUSDT
2024-08-06 21:00:00,0.0,BTCUSDT
2024-08-06 22:00:00,0.0,BTCUSDT
2024-08-06 23:00:00,0.0,BTCUSDT
2024-08-07 00:00:00,1.750419762241267e-05,BTCUSDT
2024-08-07 01:00:00,0.0,BTCUSDT
2024-08-07 02:00:00,0.0,BTCUSDT
2024-08-07 03:00:00,0.0,BTCUSDT
2024-08-07 04:00:00,0.0,BTCUSDT
2024-08-07 05:00:00,0.0,BTCUSDT
2024-08-07 06:00:00,0.0,BTCUSDT
2024-08-07 07:00:00,0.0,BTCUSDT
2024-08-07 08:00:00,0.00033821717095469536,BTCUSDT
2024-08-07 09:00:00,0.0,BTCUSDT
2024-08-07 10:00:00,0.0,BTCUSDT
2024-08-07 11:00:00,0.0,BTCUSDT
2024-08-07 12:00:00,0.0,BTCUSDT
2024-08-07 13:00:00,0.0,BTCUSDT
2024-08-07 14:00:00,0.0,BTCUSDT
2024-08-07 15:00:00,0.0,BTCUSDT
2024-08-07 16:00:00,-0.0001399450530180427,BTCUSDT
2024-08-07 17:00:00,0.0,BTCUSDT
2024-08-07 18:00:00,0.0,BTCUSDT
2024-08-07 19:00:00,0.0,BTCUSDT
2024-08-07 20:00:00,0.0,BTCUSDT
2024-08-07 21:00:00,0.0,BTCUSDT
2024-08-07 22:00:00,0.0,BTCUSDT
2024-08-07 23:00:00,0.0,BTCUSDT
2024-08-08 00:00:00,-2.8216253307671092e-05,BTCUSDT
2024-08-08 01:00:00,0.0,BTCUSDT
2024-08-08 02:00:00,0.0,BTCUSDT
2024-08-08 03:00:00,0.0,BTCUSDT
2024-08-08 04:00:00,0.0,BTCUSDT
2024-08-08 05:00:00,0.0,BTCUSDT
2024-08-08 06:00:00,0.0,BTCUSDT
2024-08-08 07:00:00,0.0,BTCUSDT
2024-08-08 08:00:00,-2.1031247121199476e-05,BTCUSDT
2024-08-08 09:00:00,0.0,BTCUSDT
2024-08-08 10:00:00,0.0,BTCUSDT
2024-08-08 11:00:00,0.0,BTCUSDT
2024-08-08 12:00:00,0.0,BTCUSDT
2024-08-08 13:00:00,0.0,BTCUSDT
2024-08-08 14:00:00,0.0,BTCUSDT
2024-08-08 15:00:00,0.0,BTCUSDT
2024-08-08 16:00:00,0.00011591470698843317,BTCUSDT
2024-08-08 17:00:00,0.0,BTCUSDT
2024-08-08 18:00:00,0.0,BTCUSDT
2024-08-08 19:00:00,0.0,BTCUSDT
2024-08-08 20:00:00,0.0,BTCUSDT
2024-08-08 21:00:00,0.0,BTCUSDT
2024-08-08 22:00:00,0.0,BTCUSDT
2024-08-08 23:00:00,0.0,BTCUSDT
2024-08-09 00:00:00,4.853999987644208e-05,BTCUSDT
2024-08-09 01:00:00,0.0,BTCUSDT
2024-08-09 02:00:00,0.0,BTCUSDT
2024-08-09 03:00:00,0.0,BTCUSDT
2024-08-09 04:00:00,0.0,BTCUSDT
2024-08-09 05:00:00,0.0,BTCUSDT
2024-08-09 06:00:00,0.0,BTCUSDT
2024-08-09 07:00:00,0.0,BTCUSDT
2024-08-09 08:00:00,-6.101903620610176e-05,BTCUSDT
2024-08-09 09:00:00,0.0,BTCUSDT
2024-08-09 10:00:00,0.0,BTCUSDT
2024-08-09 11:00:00,0.0,BTCUSDT
2024-08-09 12:00:00,0.0,BTCUSDT
2024-08-09 13:00:00,0.0,BTCUSDT
2024-08-09 14:00:00,0.0,BTCUSDT
2024-08-09 15:00:00,0.0,BTCUSDT
2024-08-09 16:00:00,0.00014465618265107412,BTCUSDT
2024-08-09 17:00:00,0.0,BTCUSDT
2024-08-09 18:00:00,0.0,BTCUSDT
2024-08-09 19:00:00,0.0,BTCUSDT
2024-08-09 20:00:00,0.0,BTCUSDT
2024-08-09 21:00:00,0.0,BTCUSDT
2024-08-09 22:00:00,0.0,BTCUSDT
2024-08-09 23:00:00,0.0,BTCUSDT
2024-08-10 00:00:00,0.0001951176871857165,BTCUSDT
2024-08-10 01:00:00,0.0,BTCUSDT
2024-08-10 02:00:00,0.0,BTCUSDT
2024-08-10 03:00:00,0.0,BTCUSDT
2024-08-10 04:00:00,0.0,BTCUSDT
2024-08-10 05:00:00,0.0,BTCUSDT
2024-08-10 06:00:00,0.0,BTCUSDT
2024-08-10 07:00:00,0.0,BTCUSDT
2024-08-10 08:00:00,-2.506822129310016e-06,BTCUSDT
2024-08-10 09:00:00,0.0,BTCUSDT
2024-08-10 10:00:00,0.0,BTCUSDT
2024-08-10 11:00:00,0.0,BTCUSDT
2024-08-10 12:00:00,0.0,BTCUSDT
2024-08-10 13:00:00,0.0,BTCUSDT
2024-08-10 14:00:00,0.0,BTCUSDT
2024-08-10 15:00:00,0.0,BTCUSDT
2024-08-10 16:00:00,3.410213995640278e-05,BTCUSDT
2024-08-10 17:00:00,0.0,BTCUSDT
2024-08-10 18:00:00,0.0,BTCUSDT
2024-08-10 19:00:00,0.0,BTCUSDT
2024-08-10 20:00:00,0.0,BTCUSDT
2024-08-10 21:00:00,0.0,BTCUSDT
2024-08-10 22:00:00,0.0,BTCUSDT
2024-08-10 23:00:00,0.0,BTCUSDT
2024-08-11 00:00:00,0.00013351402116019807,BTCUSDT
2024-08-11 01:00:00,0.0,BTCUSDT
2024-08-11 02:00:00,0.0,BTCUSDT
2024-08-11 03:00:00,0.0,BTCUSDT
2024-08-11 04:00:00,0.0,BTCUSDT
2024-08-11 05:00:00,0.0,BTCUSDT
2024-08-11 06:00:00,0.0,BTCUSDT
2024-08-11 07:00:00,0.0,BTCUSDT
2024-08-11 08:00:00,9.07477565467315e-05,BTCUSDT
2024-08-11 09:00:00,0.0,BTCUSDT
2024-08-11 10:00:00,0.0,BTCUSDT
2024-08-11 11:00:00,0.0,BTCUSDT
2024-08-11 12:00:00,0.0,BTCUSDT
2024-08-11 13:00:00,0.0,BTCUSDT
2024-08-11 14:00:00,0.0,BTCUSDT
2024-08-11 15:00:00,0.0,BTCUSDT
2024-08-11 16:00:00,2.2227761912617567e-06,BTCUSDT
2024-08-11 17:00:00,0.0,BTCUSDT
2024-08-11 18:00:00,0.0,BTCUSDT
2024-08-11 19:00:00,0.0,BTCUSDT
2024-08-11 20:00:00,0.0,BTCUSDT
2024-08-11 21:00:00,0.0,BTCUSDT
2024-08-11 22:00:00,0.0,BTCUSDT
2024-08-11 23:00:00,0.0,BTCUSDT
2024-08-12 00:00:00,0.0006143990634989938,BTCUSDT
2024-08-12 01:00:00,0.0,BTCUSDT
2024-08-12 02:00:00,0.0,BTCUSDT
2024-08-12 03:00:00,0.0,BTCUSDT
2024-08-12 04:00:00,0.0,BTCUSDT
2024-08-12 05:00:00,0.0,BTCUSDT
2024-08-12 06:00:00,0.0,BTCUSDT
2024-08-12 07:00:00,0.0,BTCUSDT
2024-08-12 08:00:00,0.0002684594654027806,BTCUSDT
2024-08-12 09:00:00,0.0,BTCUSDT
2024-08-12 10:00:00,0.0,BTCUSDT
2024-08-12 11:00:00,0.0,BTCUSDT
2024-08-12 12:00:00,0.0,BTCUSDT
2024-08-12 13:00:00,0.0,BTCUSDT
2024-08-12 14:00:00,0.0,BTCUSDT
2024-08-12 15:00:00,0.0,BTCUSDT
2024-08-12 16:00:00,0.00012057171558646683,BTCUSDT
2024-08-12 17:00:00,0.0,BTCUSDT
2024-08-12 18:00:00,0.0,BTCUSDT
2024-08-12 19:00:00,0.0,BTCUSDT
2024-08-12 20:00:00,0.0,BTCUSDT
2024-08-12 21:00:00,0.0,BTCUSDT
2024-08-12 22:00:00,0.0,BTCUSDT
2024-08-12 23:00:00,0.0,BTCUSDT
2024-08-13 00:00:00,-0.0001375530479835054,BTCUSDT
2024-08-13 01:00:00,0.0,BTCUSDT
2024-08-13 02:00:00,0.0,BTCUSDT
2024-08-13 03:00:00,0.0,BTCUSDT
2024-08-13 04:00:00,0.0,BTCUSDT
2024-08-13 05:00:00,0.0,BTCUSDT
2024-08-13 06:00:00,0.0,BTCUSDT
2024-08-13 07:00:00,0.0,BTCUSDT
2024-08-13 08:00:00,5.8943196100749755e-05,BTCUSDT
2024-08-13 09:00:00,0.0,BTCUSDT
2024-08-13 10:00:00,0.0,BTCUSDT
2024-08-13 11:00:00,0.0,BTCUSDT
2024-08-13 12:00:00,0.0,BTCUSDT
2024-08-13 13:00:00,0.0,BTCUSDT
2024-08-13 14:00:00,0.0,BTCUSDT
2024-08-13 15:00:00,0.0,BTCUSDT
2024-08-13 16:00:00,2.3509520466141954e-05,BTCUSDT
2024-08-13 17:00:00,0.0,BTCUSDT
2024-08-13 18:00:00,0.0,BTCUSDT
2024-08-13 19:00:00,0.0,BTCUSDT
2024-08-13 20:00:00,0.0,BTCUSDT
2024-08-13 21:00:00,0.0,BTCUSDT
2024-08-13 22:00:00,0.0,BTCUSDT
2024-08-13 23:00:00,0.0,BTCUSDT
2024-08-14 00:00:00,6.44808010482522e-05,BTCUSDT
2024-08-14 01:00:00,0.0,BTCUSDT
2024-08-14 02:00:00,0.0,BTCUSDT
2024-08-14 03:00:00,0.0,BTCUSDT
2024-08-14 04:00:00,0.0,BTCUSDT
2024-08-14 05:00:00,0.0,BTCUSDT
2024-08-14 06:00:00,0.0,BTCUSDT
2024-08-14 07:00:00,0.0,BTCUSDT
2024-08-14 08:00:00,0.00012141149059845935,BTCUSDT
2024-08-14 09:00:00,0.0,BTCUSDT
2024-08-14 10:00:00,0.0,BTCUSDT
2024-08-14 11:00:00,0.0,BTCUSDT
2024-08-14 12:00:00,0.0,BTCUSDT
2024-08-14 13:00:00,0.0,BTCUSDT
2024-08-14 14:00:00,0.0,BTCUSDT
2024-08-14 15:00:00,0.0,BTCUSDT
2024-08-14 16:00:00,-2.0388888387035413e-05,BTCUSDT
2024-08-14 17:00:00,0.0,BTCUSDT
2024-08-14 18:00:00,0.0,BTCUSDT
2024-08-14 19:00:00,0.0,BTCUSDT
2024-08-14 20:00:00,0.0,BTCUSDT
2024-08-14 21:00:00,0.0,BTCUSDT
2024-08-14 22:00:00,0.0,BTCUSDT
2024-08-14 23:00:00,0.0,BTCUSDT
2024-08-15 00:00:00,0.0001639930382290326,BTCUSDT
2024-08-15 01:00:00,0.0,BTCUSDT
2024-08-15 02:00:00,0.0,BTCUSDT
2024-08-15 03:00:00,0.0,BTCUSDT
2024-08-15 04:00:00,0.0,BTCUSDT
2024-08-15 05:00:00,0.0,BTCUSDT
2024-08-15 06:00:00,0.0,BTCUSDT
2024-08-15 07:00:00,0.0,BTCUSDT
2024-08-15 08:00:00,-2.5730861014914042e-05,BTCUSDT
2024-08-15 09:00:00,0.0,BTCUSDT
2024-08-15 10:00:00,0.0,BTCUSDT
2024-08-15 11:00:00,0.0,BTCUSDT
2024-08-15 12:00:00,0.0,BTCUSDT
2024-08-15 13:00:00,0.0,BTCUSDT
2024-08-15 14:00:00,0.0,BTCUSDT
2024-08-15 15:00:00,0.0,BTCUSDT
2024-08-15 16:00:00,-0.00029346501284519894,BTCUSDT
2024-08-15 17:00:00,0.0,BTCUSDT
2024-08-15 18:00:00,0.0,BTCUSDT
2024-08-15 19:00:00,0.0,BTCUSDT
2024-08-15 20:00:00,0.0,BTCUSDT
2024-08-15 21:00:00,0.0,BTCUSDT
2024-08-15 22:00:00,0.0,BTCUSDT
2024-08-15 23:00:00,0.0,BTCUSDT
2024-08-16 00:00:00,2.5326314999383112e-05,BTCUSDT
2024-08-16 01:00:00,0.0,BTCUSDT
2024-08-16 02:00:00,0.0,BTCUSDT
2024-08-16 03:00:00,0.0,BTCUSDT
2024-08-16 04:00:00,0.0,BTCUSDT
2024-08-16 05:00:00,0.0,BTCUSDT
2024-08-16 06:00:00,0.0,BTCUSDT
2024-08-16 07:00:00,0.0,BTCUSDT
2024-08-16 08:00:00,0.000491967450948935,BTCUSDT
2024-08-16 09:00:00,0.0,BTCUSDT
2024-08-16 10:00:00,0.0,BTCUSDT
2024-08-16 11:00:00,0.0,BTCUSDT
2024-08-16 12:00:00,0.0,BTCUSDT
2024-08-16 13:00:00,0.0,BTCUSDT
2024-08-16 14:00:00,0.0,BTCUSDT
2024-08-16 15:00:00,0.0,BTCUSDT
2024-08-16 16:00:00,-4.229243881674097e-05,BTCUSDT
2024-08-16 17:00:00,0.0,BTCUSDT
2024-08-16 18:00:00,0.0,BTCUSDT
2024-08-16 19:00:00,0.0,BTCUSDT
2024-08-16 20:00:00,0.0,BTCUSDT
2024-08-16 21:00:00,0.0,BTCUSDT
2024-08-16 22:00:00,0.0,BTCUSDT
2024-08-16 23:00:00,0.0,BTCUSDT
2024-08-17 00:00:00,7.429074134960864e-05,BTCUSDT
2024-08-17 01:00:00,0.0,BTCUSDT
2024-08-17 02:00:00,0.0,BTCUSDT
2024-08-17 03:00:00,0.0,BTCUSDT
2024-08-17 04:00:00,0.0,BTCUSDT
2024-08-17 05:00:00,0.0,BTCUSDT
2024-08-17 06:00:00,0.0,BTCUSDT
2024-08-17 07:00:00,0.0,BTCUSDT
2024-08-17 08:00:00,3.2765720889126607e-06,BTCUSDT
2024-08-17 09:00:00,0.0,BTCUSDT
2024-08-17 10:00:00,0.0,BTCUSDT
2024-08-17 11:00:00,0.0,BTCUSDT
2024-08-17 12:00:00,0.0,BTCUSDT
2024-08-17 13:00:00,0.0,BTCUSDT
2024-08-17 14:00:00,0.0,BTCUSDT
2024-08-17 15:00:00,0.0,BTCUSDT
2024-08-17 16:00:00,0.00022752116244624174,BTCUSDT
2024-08-17 17:00:00,0.0,BTCUSDT
2024-08-17 18:00:00,0.0,BTCUSDT
2024-08-17 19:00:00,0.0,BTCUSDT
2024-08-17 20:00:00,0.0,BTCUSDT
2024-08-17 21:00:00,0.0,BTCUSDT
2024-08-17 22:00:00,0.0,BTCUSDT
2024-08-17 23:00:00,0.0,BTCUSDT
2024-08-18 00:00:00,-4.9188425295120265e-05,BTCUSDT
2024-08-18 01:00:00,0.0,BTCUSDT
2024-08-18 02:00:00,0.0,BTCUSDT
2024-08-18 03:00:00,0.0,BTCUSDT
2024-08-18 04:00:00,0.0,BTCUSDT
2024-08-18 05:00:00,0.0,BTCUSDT
2024-08-18 06:00:00,0.0,BTCUSDT
2024-08-18 07:00:00,0.0,BTCUSDT
2024-08-18 08:00:00,6.414979492861764e-05,BTCUSDT
2024-08-18 09:00:00,0.0,BTCUSDT
2024-08-18 10:00:00,0.0,BTCUSDT
2024-08-18 11:00:00,0.0,BTCUSDT
2024-08-18 12:00:00,0.0,BTCUSDT
2024-08-18 13:00:00,0.0,BTCUSDT
2024-08-18 14:00:00,0.0,BTCUSDT
2024-08-18 15:00:00,0.0,BTCUSDT
2024-08-18 16:00:00,-0.00011112789795971927,BTCUSDT
2024-08-18 17:00:00,0.0,BTCUSDT
2024-08-18 18:00:00,0.0,BTCUSDT
2024-08-18 19:00:00,0.0,BTCUSDT
2024-08-18 20:00:00,0.0,BTCUSDT
2024-08-18 21:00:00,0.0,BTCUSDT
2024-08-18 22:00:00,0.0,BTCUSDT
2024-08-18 23:00:00,0.0,BTCUSDT
2024-08-19 00:00:00,2.69518045020307e-05,BTCUSDT
2024-08-19 01:00:00,0.0,BTCUSDT
2024-08-19 02:00:00,0.0,BTCUSDT
2024-08-19 03:00:00,0.0,BTCUSDT
2024-08-19 04:00:00,0.0,BTCUSDT
2024-08-19 05:00:00,0.0,BTCUSDT
2024-08-19 06:00:00,0.0,BTCUSDT
2024-08-19 07:00:00,0.0,BTCUSDT
2024-08-19 08:00:00,6.547417314183307e-05,BTCUSDT
2024-08-19 09:00:00,0.0,BTCUSDT
2024-08-19 10:00:00,0.0,BTCUSDT
2024-08-19 11:00:00,0.0,BTCUSDT
2024-08-19 12:00:00,0.0,BTCUSDT
2024-08-19 13:00:00,0.0,BTCUSDT
2024-08-19 14:00:00,0.0,BTCUSDT
2024-08-19 15:00:00,0.0,BTCUSDT
2024-08-19 16:00:00,-0.00010910589713481062,BTCUSDT
2024-08-19 17:00:00,0.0,BTCUSDT
2024-08-19 18:00:00,0.0,BTCUSDT
2024-08-19 19:00:00,0.0,BTCUSDT
2024-08-19 20:00:00,0.0,BTCUSDT
2024-08-19 21:00:00,0.0,BTCUSDT
2024-08-19 22:00:00,0.0,BTCUSDT
2024-08-19 23:00:00,0.0,BTCUSDT
2024-08-20 00:00:00,0.00015462368685872886,BTCUSDT
2024-08-20 01:00:00,0.0,BTCUSDT
2024-08-20 02:00:00,0.0,BTCUSDT
2024-08-20 03:00:00,0.0,BTCUSDT
2024-08-20 04:00:00,0.0,BTCUSDT
2024-08-20 05:00:00,0.0,BTCUSDT
2024-08-20 06:00:00,0.0,BTCUSDT
2024-08-20 07:00:00,0.0,BTCUSDT
2024-08-20 08:00:00,-3.362860966555336e-05,BTCUSDT
2024-08-20 09:00:00,0.0,BTCUSDT
2024-08-20 10:00:00,0.0,BTCUSDT
2024-08-20 11:00:00,0.0,BTCUSDT
2024-08-20 12:00:00,0.0,BTCUSDT
2024-08-20 13:00:00,0.0,BTCUSDT
2024-08-20 14:00:00,0.0,BTCUSDT
2024-08-20 15:00:00,0.0,BTCUSDT
2024-08-20 16:00:00,0.00033350196459728924,BTCUSDT
2024-08-20 17:00:00,0.0,BTCUSDT
2024-08-20 18:00:00,0.0,BTCUSDT
2024-08-20 19:00:00,0.0,BTCUSDT
2024-08-20 20:00:00,0.0,BTCUSDT
2024-08-20 21:00:00,0.0,BTCUSDT
2024-08-20 22:00:00,0.0,BTCUSDT
2024-08-20 23:00:00,0.0,BTCUSDT
2024-08-21 00:00:00,-5.077242273819229e-05,BTCUSDT
2024-08-21 01:00:00,0.0,BTCUSDT
2024-08-21 02:00:00,0.0,BTCUSDT
2024-08-21 03:00:00,0.0,BTCUSDT
2024-08-21 04:00:00,0.0,BTCUSDT
2024-08-21 05:00:00,0.0,BTCUSDT
2024-08-21 06:00:00,0.0,BTCUSDT
2024-08-21 07:00:00,0.0,BTCUSDT
2024-08-21 08:00:00,6.235951224543577e-05,BTCUSDT
2024-08-21 09:00:00,0.0,BTCUSDT
2024-08-21 10:00:00,0.0,BTCUSDT
2024-08-21 11:00:00,0.0,BTCUSDT
2024-08-21 12:00:00,0.0,BTCUSDT
2024-08-21 13:00:00,0.0,BTCUSDT
2024-08-21 14:00:00,0.0,BTCUSDT
2024-08-21 15:00:00,0.0,BTCUSDT
2024-08-21 16:00:00,0.0002797338320678349,BTCUSDT
2024-08-21 17:00:00,0.0,BTCUSDT
2024-08-21 18:00:00,0.0,BTCUSDT
2024-08-21 19:00:00,0.0,BTCUSDT
2024-08-21 20:00:00,0.0,BTCUSDT
2024-08-21 21:00:00,0.0,BTCUSDT
2024-08-21 22:00:00,0.0,BTCUSDT
2024-08-21 23:00:00,0.0,BTCUSDT
2024-08-22 00:00:00,6.63230155054295e-05,BTCUSDT
2024-08-22 01:00:00,0.0,BTCUSDT
2024-08-22 02:00:00,0.0,BTCUSDT
2024-08-22 03:00:00,0.0,BTCUSDT
2024-08-22 04:00:00,0.0,BTCUSDT
2024-08-22 05:00:00,0.0,BTCUSDT
2024-08-22 06:00:00,0.0,BTCUSDT
2024-08-22 07:00:00,0.0,BTCUSDT
2024-08-22 08:00:00,0.00044318152622653886,BTCUSDT
2024-08-22 09:00:00,0.0,BTCUSDT
2024-08-22 10:00:00,0.0,BTCUSDT
2024-08-22 11:00:00,0.0,BTCUSDT
2024-08-22 12:00:00,0.0,BTCUSDT
2024-08-22 13:00:00,0.0,BTCUSDT
2024-08-22 14:00:00,0.0,BTCUSDT
2024-08-22 15:00:00,0.0,BTCUSDT
2024-08-22 16:00:00,0.00013028060959034652,BTCUSDT
2024-08-22 17:00:00,0.0,BTCUSDT
2024-08-22 18:00:00,0.0,BTCUSDT
2024-08-22 19:00:00,0.0,BTCUSDT
2024-08-22 20:00:00,0.0,BTCUSDT
2024-08-22 21:00:00,0.0,BTCUSDT
2024-08-22 22:00:00,0.0,BTCUSDT
2024-08-22 23:00:00,0.0,BTCUSDT
2024-08-23 00:00:00,0.0002572812423991633,BTCUSDT
2024-08-23 01:00:00,0.0,BTCUSDT
2024-08-23 02:00:00,0.0,BTCUSDT
2024-08-23 03:00:00,0.0,BTCUSDT
2024-08-23 04:00:00,0.0,BTCUSDT
2024-08-23 05:00:00,0.0,BTCUSDT
2024-08-23 06:00:00,0.0,BTCUSDT
2024-08-23 07:00:00,0.0,BTCUSDT
2024-08-23 08:00:00,0.0003895592836915732,BTCUSDT
2024-08-23 09:00:00,0.0,BTCUSDT
2024-08-23 10:00:00,0.0,BTCUSDT
2024-08-23 11:00:00,0.0,BTCUSDT
2024-08-23 12:00:00,0.0,BTCUSDT
2024-08-23 13:00:00,0.0,BTCUSDT
2024-08-23 14:00:00,0.0,BTCUSDT
2024-08-23 15:00:00,0.0,BTCUSDT
2024-08-23 16:00:00,0.00030205491736720315,BTCUSDT
2024-08-23 17:00:00,0.0,BTCUSDT
2024-08-23 18:00:00,0.0,BTCUSDT
2024-08-23 19:00:00,0.0,BTCUSDT
2024-08-23 20:00:00,0.0,BTCUSDT
2024-08-23 21:00:00,0.0,BTCUSDT
2024-08-23 22:00:00,0.0,BTCUSDT
2024-08-23 23:00:00,0.0,BTCUSDT
2024-08-24 00:00:00,2.4733158090074325e-06,BTCUSDT
2024-08-24 01:00:00,0.0,BTCUSDT
2024-08-24 02:00:00,0.0,BTCUSDT
2024-08-24 03:00:00,0.0,BTCUSDT
2024-08-24 04:00:00,0.0,BTCUSDT
2024-08-24 05:00:00,0.0,BTCUSDT
2024-08-24 06:00:00,0.0,BTCUSDT
2024-08-24 07:00:00,0.0,BTCUSDT
2024-08-24 08:00:00,-2.8222852044928958e-05,BTCUSDT
2024-08-24 09:00:00,0.0,BTCUSDT
2024-08-24 10:00:00,0.0,BTCUSDT
2024-08-24 11:00:00,0.0,BTCUSDT
2024-08-24 12:00:00,0.0,BTCUSDT
2024-08-24 13:00:00,0.0,BTCUSDT
2024-08-24 14:00:00,0.0,BTCUSDT
2024-08-24 15:00:00,0.0,BTCUSDT
2024-08-24 16:00:00,-9.023687407759124e-05,BTCUSDT
2024-08-24 17:00:00,0.0,BTCUSDT
2024-08-24 18:00:00,0.0,BTCUSDT
2024-08-24 19:00:00,0.0,BTCUSDT
2024-08-24 20:00:00,0.0,BTCUSDT
2024-08-24 21:00:00,0.0,BTCUSDT
2024-08-24 22:00:00,0.0,BTCUSDT
2024-08-24 23:00:00,0.0,BTCUSDT
2024-08-25 00:00:00,-0.00015362736099506255,BTCUSDT
2024-08-25 01:00:00,0.0,BTCUSDT
2024-08-25 02:00:00,0.0,BTCUSDT
2024-08-25 03:00:00,0.0,BTCUSDT
2024-08-25 04:00:00,0.0,BTCUSDT
2024-08-25 05:00:00,0.0,BTCUSDT
2024-08-25 06:00:00,0.0,BTCUSDT
2024-08-25 07:00:00,0.0,BTCUSDT
2024-08-25 08:00:00,2.002000197813669e-05,BTCUSDT
2024-08-25 09:00:00,0.0,BTCUSDT
2024-08-25 10:00:00,0.0,BTCUSDT
2024-08-25 11:00:00,0.0,BTCUSDT
2024-08-25 12:00:00,0.0,BTCUSDT
2024-08-25 13:00:00,0.0,BTCUSDT
2024-08-25 14:00:00,0.0,BTCUSDT
2024-08-25 15:00:00,0.0,BTCUSDT
2024-08-25 16:00:00,3.135881463139246e-05,BTCUSDT
2024-08-25 17:00:00,0.0,BTCUSDT
2024-08-25 18:00:00,0.0,BTCUSDT
2024-08-25 19:00:00,0.0,BTCUSDT
2024-08-25 20:00:00,0.0,BTCUSDT
2024-08-25 21:00:00,0.0,BTCUSDT
2024-08-25 22:00:00,0.0,BTCUSDT
2024-08-25 23:00:00,0.0,BTCUSDT
2024-08-26 00:00:00,0.0002713474842940917,BTCUSDT
2024-08-26 01:00:00,0.0,BTCUSDT
2024-08-26 02:00:00,0.0,BTCUSDT
2024-08-26 03:00:00,0.0,BTCUSDT
2024-08-26 04:00:00,0.0,BTCUSDT
2024-08-26 05:00:00,0.0,BTCUSDT
2024-08-26 06:00:00,0.0,BTCUSDT
2024-08-26 07:00:00,0.0,BTCUSDT
2024-08-26 08:00:00,1.322530740416218e-05,BTCUSDT
2024-08-26 09:00:00,0.0,BTCUSDT
2024-08-26 10:00:00,0.0,BTCUSDT
2024-08-26 11:00:00,0.0,BTCUSDT
2024-08-26 12:00:00,0.0,BTCUSDT
2024-08-26 13:00:00,0.0,BTCUSDT
2024-08-26 14:00:00,0.0,BTCUSDT
2024-08-26 15:00:00,0.0,BTCUSDT
2024-08-26 16:00:00,0.00012717188481633137,BTCUSDT
2024-08-26 17:00:00,0.0,BTCUSDT
2024-08-26 18:00:00,0.0,BTCUSDT
2024-08-26 19:00:00,0.0,BTCUSDT
2024-08-26 20:00:00,0.0,BTCUSDT
2024-08-26 21:00:00,0.0,BTCUSDT
2024-08-26 22:00:00,0.0,BTCUSDT
2024-08-26 23:00:00,0.0,BTCUSDT
2024-08-27 00:00:00,0.00021586935195135515,BTCUSDT
2024-08-27 01:00:00,0.0,BTCUSDT
2024-08-27 02:00:00,0.0,BTCUSDT
2024-08-27 03:00:00,0.0,BTCUSDT
2024-08-27 04:00:00,0.0,BTCUSDT
2024-08-27 05:00:00,0.0,BTCUSDT
2024-08-27 06:00:00,0.0,BTCUSDT
2024-08-27 07:00:00,0.0,BTCUSDT
2024-08-27 08:00:00,-0.0002538100607478798,BTCUSDT
2024-08-27 09:00:00,0.0,BTCUSDT
2024-08-27 10:00:00,0.0,BTCUSDT
2024-08-27 11:00:00,0.0,BTCUSDT
2024-08-27 12:00:00,0.0,BTCUSDT
2024-08-27 13:00:00,0.0,BTCUSDT
2024-08-27 14:00:00,0.0,BTCUSDT
2024-08-27 15:00:00,0.0,BTCUSDT
2024-08-27 16:00:00,0.00037819447160028014,BTCUSDT
2024-08-27 17:00:00,0.0,BTCUSDT
2024-08-27 18:00:00,0.0,BTCUSDT
2024-08-27 19:00:00,0.0,BTCUSDT
2024-08-27 20:00:00,0.0,BTCUSDT
2024-08-27 21:00:00,0.0,BTCUSDT
2024-08-27 22:00:00,0.0,BTCUSDT
2024-08-27 23:00:00,0.0,BTCUSDT
2024-08-28 00:00:00,0.00010588611833551044,BTCUSDT
2024-08-28 01:00:00,0.0,BTCUSDT
2024-08-28 02:00:00,0.0,BTCUSDT
2024-08-28 03:00:00,0.0,BTCUSDT
2024-08-28 04:00:00,0.0,BTCUSDT
2024-08-28 05:00:00,0.0,BTCUSDT
2024-08-28 06:00:00,0.0,BTCUSDT
2024-08-28 07:00:00,0.0,BTCUSDT
2024-08-28 08:00:00,0.00014101506784692597,BTCUSDT
2024-08-28 09:00:00,0.0,BTCUSDT
2024-08-28 10:00:00,0.0,BTCUSDT
2024-08-28 11:00:00,0.0,BTCUSDT
2024-08-28 12:00:00,0.0,BTCUSDT
2024-08-28 13:00:00,0.0,BTCUSDT
2024-08-28 14:00:00,0.0,BTCUSDT
2024-08-28 15:00:00,0.0,BTCUSDT
2024-08-28 16:00:00,0.0001904135676519342,BTCUSDT
2024-08-28 17:00:00,0.0,BTCUSDT
2024-08-28 18:00:00,0.0,BTCUSDT
2024-08-28 19:00:00,0.0,BTCUSDT
2024-08-28 20:00:00,0.0,BTCUSDT
2024-08-28 21:00:00,0.0,BTCUSDT
2024-08-28 22:00:00,0.0,BTCUSDT
2024-08-28 23:00:00,0.0,BTCUSDT
2024-08-29 00:00:00,7.238353306770365e-05,BTCUSDT
2024-08-29 01:00:00,0.0,BTCUSDT
2024-08-29 02:00:00,0.0,BTCUSDT
2024-08-29 03:00:00,0.0,BTCUSDT
2024-08-29 04:00:00,0.0,BTCUSDT
2024-08-29 05:00:00,0.0,BTCUSDT
2024-08-29 06:00:00,0.0,BTCUSDT
2024-08-29 07:00:00,0.0,BTCUSDT
2024-08-29 08:00:00,0.00015949241062356332,BTCUSDT
2024-08-29 09:00:00,0.0,BTCUSDT
2024-08-29 10:00:00,0.0,BTCUSDT
2024-08-29 11:00:00,0.0,BTCUSDT
2024-08-29 12:00:00,0.0,BTCUSDT
2024-08-29 13:00:00,0.0,BTCUSDT
2024-08-29 14:00:00,0.0,BTCUSDT
2024-08-29 15:00:00,0.0,BTCUSDT
2024-08-29 16:00:00,0.00015904651500812063,BTCUSDT
2024-08-29 17:00:00,0.0,BTCUSDT
2024-08-29 18:00:00,0.0,BTCUSDT
2024-08-29 19:00:00,0.0,BTCUSDT
2024-08-29 20:00:00,0.0,BTCUSDT
2024-08-29 21:00:00,0.0,BTCUSDT
2024-08-29 22:00:00,0.0,BTCUSDT
2024-08-29 23:00:00,0.0,BTCUSDT
2024-08-30 00:00:00,0.0006406055128810168,BTCUSDT
2024-08-30 01:00:00,0.0,BTCUSDT
2024-08-30 02:00:00,0.0,BTCUSDT
2024-08-30 03:00:00,0.0,BTCUSDT
2024-08-30 04:00:00,0.0,BTCUSDT
2024-08-30 05:00:00,0.0,BTCUSDT
2024-08-30 06:00:00,0.0,BTCUSDT
2024-08-30 07:00:00,0.0,BTCUSDT
2024-08-30 08:00:00,-6.295120056470963e-05,BTCUSDT
2024-08-30 09:00:00,0.0,BTCUSDT
2024-08-30 10:00:00,0.0,BTCUSDT
2024-08-30 11:00:00,0.0,BTCUSDT
2024-08-30 12:00:00,0.0,BTCUSDT
2024-08-30 13:00:00,0.0,BTCUSDT
2024-08-30 14:00:00,0.0,BTCUSDT
2024-08-30 15:00:00,0.0,BTCUSDT
2024-08-30 16:00:00,-1.9378956946394267e-05,BTCUSDT
2024-08-30 17:00:00,0.0,BTCUSDT
2024-08-30 18:00:00,0.0,BTCUSDT
2024-08-30 19:00:00,0.0,BTCUSDT
2024-08-30 20:00:00,0.0,BTCUSDT
2024-08-30 21:00:00,0.0,BTCUSDT
2024-08-30 22:00:00,0.0,BTCUSDT
2024-08-30 23:00:00,0.0,BTCUSDT
2024-08-31 00:00:00,-0.00012063687624661871,BTCUSDT
2024-08-31 01:00:00,0.0,BTCUSDT
2024-08-31 02:00:00,0.0,BTCUSDT
2024-08-31 03:00:00,0.0,BTCUSDT
2024-08-31 04:00:00,0.0,BTCUSDT
2024-08-31 05:00:00,0.0,BTCUSDT
2024-08-31 06:00:00,0.0,BTCUSDT
2024-08-31 07:00:00,0.0,BTCUSDT
2024-08-31 08:00:00,0.00017166890221520064,BTCUSDT
2024-08-31 09:00:00,0.0,BTCUSDT
2024-08-31 10:00:00,0.0,BTCUSDT
2024-08-31 11:00:00,0.0,BTCUSDT
2024-08-31 12:00:00,0.0,BTCUSDT
2024-08-31 13:00:00,0.0,BTCUSDT
2024-08-31 14:00:00,0.0,BTCUSDT
2024-08-31 15:00:00,0.0,BTCUSDT
2024-08-31 16:00:00,-8.429020468578425e-05,BTCUSDT
2024-08-31 17:00:00,0.0,BTCUSDT
2024-08-31 18:00:00,0.0,BTCUSDT
2024-08-31 19:00:00,0.0,BTCUSDT
2024-08-31 20:00:00,0.0,BTCUSDT
2024-08-31 21:00:00,0.0,BTCUSDT
2024-08-31 22:00:00,0.0,BTCUSDT
2024-08-31 23:00:00,0.0,BTCUSDT
2024-09-01 00:00:00,-0.0003447148335874394,BTCUSDT
2024-09-01 01:00:00,0.0,BTCUSDT
2024-09-01 02:00:00,0.0,BTCUSDT
2024-09-01 03:00:00,0.0,BTCUSDT
2024-09-01 04:00:00,0.0,BTCUSDT
2024-09-01 05:00:00,0.0,BTCUSDT
2024-09-01 06:00:00,0.0,BTCUSDT
2024-09-01 07:00:00,0.0,BTCUSDT
2024-09-01 08:00:00,-1.3341021611010568e-05,BTCUSDT
2024-09-01 09:00:00,0.0,BTCUSDT
2024-09-01 10:00:00,0.0,BTCUSDT
2024-09-01 11:00:00,0.0,BTCUSDT
2024-09-01 12:00:00,0.0,BTCUSDT
2024-09-01 13:00:00,0.0,BTCUSDT
2024-09-01 14:00:00,0.0,BTCUSDT
2024-09-01 15:00:00,0.0,BTCUSDT
2024-09-01 16:00:00,0.00017207374318097224,BTCUSDT
2024-09-01 17:00:00,0.0,BTCUSDT
2024-09-01 18:00:00,0.0,BTCUSDT
2024-09-01 19:00:00,0.0,BTCUSDT
2024-09-01 20:00:00,0.0,BTCUSDT
2024-09-01 21:00:00,0.0,BTCUSDT
2024-09-01 22:00:00,0.0,BTCUSDT
2024-09-01 23:00:00,0.0,BTCUSDT
2024-09-02 00:00:00,-0.0003807337202201061,BTCUSDT
2024-09-02 01:00:00,0.0,BTCUSDT
2024-09-02 02:00:00,0.0,BTCUSDT
2024-09-02 03:00:00,0.0,BTCUSDT
2024-09-02 04:00:00,0.0,BTCUSDT
2024-09-02 05:00:00,0.0,BTCUSDT
2024-09-02 06:00:00,0.0,BTCUSDT
2024-09-02 07:00:00,0.0,BTCUSDT
2024-09-02 08:00:00,-0.0003532104188298566,BTCUSDT
2024-09-02 09:00:00,0.0,BTCUSDT
2024-09-02 10:00:00,0.0,BTCUSDT
2024-09-02 11:00:00,0.0,BTCUSDT
2024-09-02 12:00:00,0.0,BTCUSDT
2024-09-02 13:00:00,0.0,BTCUSDT
2024-09-02 14:00:00,0.0,BTCUSDT
2024-09-02 15:00:00,0.0,BTCUSDT
2024-09-02 16:00:00,-0.00021423047022357664,BTCUSDT
2024-09-02 17:00:00,0.0,BTCUSDT
2024-09-02 18:00:00,0.0,BTCUSDT
2024-09-02 19:00:00,0.0,BTCUSDT
2024-09-02 20:00:00,0.0,BTCUSDT
2024-09-02 21:00:00,0.0,BTCUSDT
2024-09-02 22:00:00,0.0,BTCUSDT
2024-09-02 23:00:00,0.0,BTCUSDT
2024-09-03 00:00:00,-7.874920381674288e-05,BTCUSDT
2024-09-03 01:00:00,0.0,BTCUSDT
2024-09-03 02:00:00,0.0,BTCUSDT
2024-09-03 03:00:00,0.0,BTCUSDT
2024-09-03 04:00:00,0.0,BTCUSDT
2024-09-03 05:00:00,0.0,BTCUSDT
2024-09-03 06:00:00,0.0,BTCUSDT
2024-09-03 07:00:00,0.0,BTCUSDT
2024-09-03 08:00:00,0.000351523811271872,BTCUSDT
2024-09-03 09:00:00,0.0,BTCUSDT
2024-09-03 10:00:00,0.0,BTCUSDT
2024-09-03 11:00:00,0.0,BTCUSDT
2024-09-03 12:00:00,0.0,BTCUSDT
2024-09-03 13:00:00,0.0,BTCUSDT
2024-09-03 14:00:00,0.0,BTCUSDT
2024-09-03 15:00:00,0.0,BTCUSDT
2024-09-03 16:00:00,0.000350456732391328,BTCUSDT
2024-09-03 17:00:00,0.0,BTCUSDT
2024-09-03 18:00:00,0.0,BTCUSDT
2024-09-03 19:00:00,0.0,BTCUSDT
2024-09-03 20:00:00,0.0,BTCUSDT
2024-09-03 21:00:00,0.0,BTCUSDT
2024-09-03 22:00:00,0.0,BTCUSDT
2024-09-03 23:00:00,0.0,BTCUSDT
2024-09-04 00:00:00,0.00033619798106113445,BTCUSDT
2024-09-04 01:00:00,0.0,BTCUSDT
2024-09-04 02:00:00,0.0,BTCUSDT
2024-09-04 03:00:00,0.0,BTCUSDT
2024-09-04 04:00:00,0.0,BTCUSDT
2024-09-04 05:00:00,0.0,BTCUSDT
2024-09-04 06:00:00,0.0,BTCUSDT
2024-09-04 07:00:00,0.0,BTCUSDT
2024-09-04 08:00:00,0.0003454069194097745,BTCUSDT
2024-09-04 09:00:00,0.0,BTCUSDT
2024-09-04 10:00:00,0.0,BTCUSDT
2024-09-04 11:00:00,0.0,BTCUSDT
2024-09-04 12:00:00,0.0,BTCUSDT
2024-09-04 13:00:00,0.0,BTCUSDT
2024-09-04 14:00:00,0.0,BTCUSDT
2024-09-04 15:00:00,0.0,BTCUSDT
2024-09-04 16:00:00,0.00019857679437037395,BTCUSDT
2024-09-04 17:00:00,0.0,BTCUSDT
2024-09-04 18:00:00,0.0,BTCUSDT
2024-09-04 19:00:00,0.0,BTCUSDT
2024-09-04 20:00:00,0.0,BTCUSDT
2024-09-04 21:00:00,0.0,BTCUSDT
2024-09-04 22:00:00,0.0,BTCUSDT
2024-09-04 23:00:00,0.0,BTCUSDT
2024-09-05 00:00:00,-4.3314697684821034e-05,BTCUSDT
2024-09-05 01:00:00,0.0,BTCUSDT
2024-09-05 02:00:00,0.0,BTCUSDT
2024-09-05 03:00:00,0.0,BTCUSDT
2024-09-05 04:00:00,0.0,BTCUSDT
2024-09-05 05:00:00,0.0,BTCUSDT
2024-09-05 06:00:00,0.0,BTCUSDT
2024-09-05 07:00:00,0.0,BTCUSDT
2024-09-05 08:00:00,-6.250915402439715e-05,BTCUSDT
2024-09-05 09:00:00,0.0,BTCUSDT
2024-09-05 10:00:00,0.0,BTCUSDT
2024-09-05 11:00:00,0.0,BTCUSDT
2024-09-05 12:00:00,0.0,BTCUSDT
2024-09-05 13:00:00,0.0,BTCUSDT
2024-09-05 14:00:00,0.0,BTCUSDT
2024-09-05 15:00:00,0.0,BTCUSDT
2024-09-05 16:00:00,0.00016759111082900507,BTCUSDT
2024-09-05 17:00:00,0.0,BTCUSDT
2024-09-05 18:00:00,0.0,BTCUSDT
2024-09-05 19:00:00,0.0,BTCUSDT
2024-09-05 20:00:00,0.0,BTCUSDT
2024-09-05 21:00:00,0.0,BTCUSDT
2024-09-05 22:00:00,0.0,BTCUSDT
2024-09-05 23:00:00,0.0,BTCUSDT
2024-09-06 00:00:00,0.00043066192743570613,BTCUSDT
2024-09-06 01:00:00,0.0,BTCUSDT
2024-09-06 02:00:00,0.0,BTCUSDT
2024-09-06 03:00:00,0.0,BTCUSDT
2024-09-06 04:00:00,0.0,BTCUSDT
2024-09-06 05:00:00,0.0,BTCUSDT
2024-09-06 06:00:00,0.0,BTCUSDT
2024-09-06 07:00:00,0.0,BTCUSDT
2024-09-06 08:00:00,0.0004180807137147277,BTCUSDT
2024-09-06 09:00:00,0.0,BTCUSDT
2024-09-06 10:00:00,0.0,BTCUSDT
2024-09-06 11:00:00,0.0,BTCUSDT
2024-09-06 12:00:00,0.0,BTCUSDT
2024-09-06 13:00:00,0.0,BTCUSDT
2024-09-06 14:00:00,0.0,BTCUSDT
2024-09-06 15:00:00,0.0,BTCUSDT
2024-09-06 16:00:00,-9.9661355058211e-05,BTCUSDT
2024-09-06 17:00:00,0.0,BTCUSDT
2024-09-06 18:00:00,0.0,BTCUSDT
2024-09-06 19:00:00,0.0,BTCUSDT
2024-09-06 20:00:00,0.0,BTCUSDT
2024-09-06 21:00:00,0.0,BTCUSDT
2024-09-06 22:00:00,0.0,BTCUSDT
2024-09-06 23:00:00,0.0,BTCUSDT
2024-09-07 00:00:00,-0.0001228162716466175,BTCUSDT
2024-09-07 01:00:00,0.0,BTCUSDT
2024-09-07 02:00:00,0.0,BTCUSDT
2024-09-07 03:00:00,0.0,BTCUSDT
2024-09-07 04:00:00,0.0,BTCUSDT
2024-09-07 05:00:00,0.0,BTCUSDT
2024-09-07 06:00:00,0.0,BTCUSDT
2024-09-07 07:00:00,0.0,BTCUSDT
2024-09-07 08:00:00,0.00032801356929903206,BTCUSDT
2024-09-07 09:00:00,0.0,BTCUSDT
2024-09-07 10:00:00,0.0,BTCUSDT
2024-09-07 11:00:00,0.0,BTCUSDT
2024-09-07 12:00:00,0.0,BTCUSDT
2024-09-07 13:00:00,0.0,BTCUSDT
2024-09-07 14:00:00,0.0,BTCUSDT
2024-09-07 15:00:00,0.0,BTCUSDT
2024-09-07 16:00:00,0.0005357124347983324,BTCUSDT
2024-09-07 17:00:00,0.0,BTCUSDT
2024-09-07 18:00:00,0.0,BTCUSDT
2024-09-07 19:00:00,0.0,BTCUSDT
2024-09-07 20:00:00,0.0,BTCUSDT
2024-09-07 21:00:00,0.0,BTCUSDT
2024-09-07 22:00:00,0.0,BTCUSDT
2024-09-07 23:00:00,0.0,BTCUSDT
2024-09-08 00:00:00,3.6447821196520844e-05,BTCUSDT
2024-09-08 01:00:00,0.0,BTCUSDT
2024-09-08 02:00:00,0.0,BTCUSDT
2024-09-08 03:00:00,0.0,BTCUSDT
2024-09-08 04:00:00,0.0,BTCUSDT
2024-09-08 05:00:00,0.0,BTCUSDT
2024-09-08 06:00:00,0.0,BTCUSDT
2024-09-08 07:00:00,0.0,BTCUSDT
2024-09-08 08:00:00,0.00020049993922585806,BTCUSDT
2024-09-08 09:00:00,0.0,BTCUSDT
2024-09-08 10:00:00,0.0,BTCUSDT
2024-09-08 11:00:00,0.0,BTCUSDT
2024-09-08 12:00:00,0.0,BTCUSDT
2024-09-08 13:00:00,0.0,BTCUSDT
2024-09-08 14:00:00,0.0,BTCUSDT
2024-09-08 15:00:00,0.0,BTCUSDT
2024-09-08 16:00:00,0.0002908170204313256,BTCUSDT
2024-09-08 17:00:00,0.0,BTCUSDT
2024-09-08 18:00:00,0.0,BTCUSDT
2024-09-08 19:00:00,0.0,BTCUSDT
2024-09-08 20:00:00,0.0,BTCUSDT
2024-09-08 21:00:00,0.0,BTCUSDT
2024-09-08 22:00:00,0.0,BTCUSDT
2024-09-08 23:00:00,0.0,BTCUSDT
2024-09-09 00:00:00,-0.00016900289678613376,BTCUSDT
2024-09-09 01:00:00,0.0,BTCUSDT
2024-09-09 02:00:00,0.0,BTCUSDT
2024-09-09 03:00:00,0.0,BTCUSDT
2024-09-09 04:00:00,0.0,BTCUSDT
2024-09-09 05:00:00,0.0,BTCUSDT
2024-09-09 06:00:00,0.0,BTCUSDT
2024-09-09 07:00:00,0.0,BTCUSDT
2024-09-09 08:00:00,0.00011490191876535453,BTCUSDT
2024-09-09 09:00:00,0.0,BTCUSDT
2024-09-09 10:00:00,0.0,BTCUSDT
2024-09-09 11:00:00,0.0,BTCUSDT
2024-09-09 12:00:00,0.0,BTCUSDT
2024-09-09 13:00:00,0.0,BTCUSDT
2024-09-09 14:00:00,0.0,BTCUSDT
2024-09-09 15:00:00,0.0,BTCUSDT
2024-09-09 16:00:00,0.0001360142075391963,BTCUSDT
2024-09-09 17:00:00,0.0,BTCUSDT
2024-09-09 18:00:00,0.0,BTCUSDT
2024-09-09 19:00:00,0.0,BTCUSDT
2024-09-09 20:00:00,0.0,BTCUSDT
2024-09-09 21:00:00,0.0,BTCUSDT
2024-09-09 22:00:00,0.0,BTCUSDT
2024-09-09 23:00:00,0.0,BTCUSDT
2024-09-10 00:00:00,0.00013699411501463127,BTCUSDT
2024-09-10 01:00:00,0.0,BTCUSDT
2024-09-10 02:00:00,0.0,BTCUSDT
2024-09-10 03:00:00,0.0,BTCUSDT
2024-09-10 04:00:00,0.0,BTCUSDT
2024-09-10 05:00:00,0.0,BTCUSDT
2024-09-10 06:00:00,0.0,BTCUSDT
2024-09-10 07:00:00,0.0,BTCUSDT
2024-09-10 08:00:00,0.0004097278590048073,BTCUSDT
2024-09-10 09:00:00,0.0,BTCUSDT
2024-09-10 10:00:00,0.0,BTCUSDT
2024-09-10 11:00:00,0.0,BTCUSDT
2024-09-10 12:00:00,0.0,BTCUSDT
2024-09-10 13:00:00,0.0,BTCUSDT
2024-09-10 14:00:00,0.0,BTCUSDT
2024-09-10 15:00:00,0.0,BTCUSDT
2024-09-10 16:00:00,0.00015285095272146783,BTCUSDT
2024-09-10 17:00:00,0.0,BTCUSDT
2024-09-10 18:00:00,0.0,BTCUSDT
2024-09-10 19:00:00,0.0,BTCUSDT
2024-09-10 20:00:00,0.0,BTCUSDT
2024-09-10 21:00:00,0.0,BTCUSDT
2024-09-10 22:00:00,0.0,BTCUSDT
2024-09-10 23:00:00,0.0,BTCUSDT
2024-09-11 00:00:00,-0.00012866779821677215,BTCUSDT
2024-09-11 01:00:00,0.0,BTCUSDT
2024-09-11 02:00:00,0.0,BTCUSDT
2024-09-11 03:00:00,0.0,BTCUSDT
2024-09-11 04:00:00,0.0,BTCUSDT
2024-09-11 05:00:00,0.0,BTCUSDT
2024-09-11 06:00:00,0.0,BTCUSDT
2024-09-11 07:00:00,0.0,BTCUSDT
2024-09-11 08:00:00,-7.907087473184e-05,BTCUSDT
2024-09-11 09:00:00,0.0,BTCUSDT
2024-09-11 10:00:00,0.0,BTCUSDT
2024-09-11 11:00:00,0.0,BTCUSDT
2024-09-11 12:00:00,0.0,BTCUSDT
2024-09-11 13:00:00,0.0,BTCUSDT
2024-09-11 14:00:00,0.0,BTCUSDT
2024-09-11 15:00:00,0.0,BTCUSDT
2024-09-11 16:00:00,0.00019611735168554255,BTCUSDT
2024-09-11 17:00:00,0.0,BTCUSDT
2024-09-11 18:00:00,0.0,BTCUSDT
2024-09-11 19:00:00,0.0,BTCUSDT
2024-09-11 20:00:00,0.0,BTCUSDT
2024-09-11 21:00:00,0.0,BTCUSDT
2024-09-11 22:00:00,0.0,BTCUSDT
2024-09-11 23:00:00,0.0,BTCUSDT
2024-09-12 00:00:00,7.710552564022742e-05,BTCUSDT
2024-09-12 01:00:00,0.0,BTCUSDT
2024-09-12 02:00:00,0.0,BTCUSDT
2024-09-12 03:00:00,0.0,BTCUSDT
2024-09-12 04:00:00,0.0,BTCUSDT
2024-09-12 05:00:00,0.0,BTCUSDT
2024-09-12 06:00:00,0.0,BTCUSDT
2024-09-12 07:00:00,0.0,BTCUSDT
2024-09-12 08:00:00,-6.32309978056088e-05,BTCUSDT
2024-09-12 09:00:00,0.0,BTCUSDT
2024-09-12 10:00:00,0.0,BTCUSDT
2024-09-12 11:00:00,0.0,BTCUSDT
2024-09-12 12:00:00,0.0,BTCUSDT
2024-09-12 13:00:00,0.0,BTCUSDT
2024-09-12 14:00:00,0.0,BTCUSDT
2024-09-12 15:00:00,0.0,BTCUSDT
2024-09-12 16:00:00,0.00031798099181816605,BTCUSDT
2024-09-12 17:00:00,0.0,BTCUSDT
2024-09-12 18:00:00,0.0,BTCUSDT
2024-09-12 19:00:00,0.0,BTCUSDT
2024-09-12 20:00:00,0.0,BTCUSDT
2024-09-12 21:00:00,0.0,BTCUSDT
2024-09-12 22:00:00,0.0,BTCUSDT
2024-09-12 23:00:00,0.0,BTCUSDT
2024-09-13 00:00:00,0.00021814886710206516,BTCUSDT
2024-09-13 01:00:00,0.0,BTCUSDT
2024-09-13 02:00:00,0.0,BTCUSDT
2024-09-13 03:00:00,0.0,BTCUSDT
2024-09-13 04:00:00,0.0,BTCUSDT
2024-09-13 05:00:00,0.0,BTCUSDT
2024-09-13 06:00:00,0.0,BTCUSDT
2024-09-13 07:00:00,0.0,BTCUSDT
2024-09-13 08:00:00,-5.46059419205406e-05,BTCUSDT
2024-09-13 09:00:00,0.0,BTCUSDT
2024-09-13 10:00:00,0.0,BTCUSDT
2024-09-13 11:00:00,0.0,BTCUSDT
2024-09-13 12:00:00,0.0,BTCUSDT
2024-09-13 13:00:00,0.0,BTCUSDT
2024-09-13 14:00:00,0.0,BTCUSDT
2024-09-13 15:00:00,0.0,BTCUSDT
2024-09-13 16:00:00,0.00012868531337149864,BTCUSDT
2024-09-13 17:00:00,0.0,BTCUSDT
2024-09-13 18:00:00,0.0,BTCUSDT
2024-09-13 19:00:00,0.0,BTCUSDT
2024-09-13 20:00:00,0.0,BTCUSDT
2024-09-13 21:00:00,0.0,BTCUSDT
2024-09-13 22:00:00,0.0,BTCUSDT
2024-09-13 23:00:00,0.0,BTCUSDT
2024-09-14 00:00:00,6.760903661173451e-05,BTCUSDT
2024-09-14 01:00:00,0.0,BTCUSDT
2024-09-14 02:00:00,0.0,BTCUSDT
2024-09-14 03:00:00,0.0,BTCUSDT
2024-09-14 04:00:00,0.0,BTCUSDT
2024-09-14 05:00:00,0.0,BTCUSDT
2024-09-14 06:00:00,0.0,BTCUSDT
2024-09-14 07:00:00,0.0,BTCUSDT
2024-09-14 08:00:00,6.859503431105843e-05,BTCUSDT
2024-09-14 09:00:00,0.0,BTCUSDT
2024-09-14 10:00:00,0.0,BTCUSDT
2024-09-14 11:00:00,0.0,BTCUSDT
2024-09-14 12:00:00,0.0,BTCUSDT
2024-09-14 13:00:00,0.0,BTCUSDT
2024-09-14 14:00:00,0.0,BTCUSDT
2024-09-14 15:00:00,0.0,BTCUSDT
2024-09-14 16:00:00,8.778049839882638e-05,BTCUSDT
2024-09-14 17:00:00,0.0,BTCUSDT
2024-09-14 18:00:00,0.0,BTCUSDT
2024-09-14 19:00:00,0.0,BTCUSDT
2024-09-14 20:00:00,0.0,BTCUSDT
2024-09-14 21:00:00,0.0,BTCUSDT
2024-09-14 22:00:00,0.0,BTCUSDT
2024-09-14 23:00:00,0.0,BTCUSDT
2024-09-15 00:00:00,-3.475802113189529e-05,BTCUSDT
2024-09-15 01:00:00,0.0,BTCUSDT
2024-09-15 02:00:00,0.0,BTCUSDT
2024-09-15 03:00:00,0.0,BTCUSDT
2024-09-15 04:00:00,0.0,BTCUSDT
2024-09-15 05:00:00,0.0,BTCUSDT
2024-09-15 06:00:00,0.0,BTCUSDT
2024-09-15 07:00:00,0.0,BTCUSDT
2024-09-15 08:00:00,-1.045225042252171e-05,BTCUSDT
2024-09-15 09:00:00,0.0,BTCUSDT
2024-09-15 10:00:00,0.0,BTCUSDT
2024-09-15 11:00:00,0.0,BTCUSDT
2024-09-15 12:00:00,0.0,BTCUSDT
2024-09-15 13:00:00,0.0,BTCUSDT
2024-09-15 14:00:00,0.0,BTCUSDT
2024-09-15 15:00:00,0.0,BTCUSDT
2024-09-15 16:00:00,8.734520802061683e-05,BTCUSDT
2024-09-15 17:00:00,0.0,BTCUSDT
2024-09-15 18:00:00,0.0,BTCUSDT
2024-09-15 19:00:00,0.0,BTCUSDT
2024-09-15 20:00:00,0.0,BTCUSDT
2024-09-15 21:00:00,0.0,BTCUSDT
2024-09-15 22:00:00,0.0,BTCUSDT
2024-09-15 23:00:00,0.0,BTCUSDT
2024-09-16 00:00:00,0.0001024447096830339,BTCUSDT
2024-09-16 01:00:00,0.0,BTCUSDT
2024-09-16 02:00:00,0.0,BTCUSDT
2024-09-16 03:00:00,0.0,BTCUSDT
2024-09-16 04:00:00,0.0,BTCUSDT
2024-09-16 05:00:00,0.0,BTCUSDT
2024-09-16 06:00:00,0.0,BTCUSDT
2024-09-16 07:00:00,0.0,BTCUSDT
2024-09-16 08:00:00,0.00020415122407174224,BTCUSDT
2024-09-16 09:00:00,0.0,BTCUSDT
2024-09-16 10:00:00,0.0,BTCUSDT
2024-09-16 11:00:00,0.0,BTCUSDT
2024-09-16 12:00:00,0.0,BTCUSDT
2024-09-16 13:00:00,0.0,BTCUSDT
2024-09-16 14:00:00,0.0,BTCUSDT
2024-09-16 15:00:00,0.0,BTCUSDT
2024-09-16 16:00:00,6.319352016019946e-05,BTCUSDT
2024-09-16 17:00:00,0.0,BTCUSDT
2024-09-16 18:00:00,0.0,BTCUSDT
2024-09-16 19:00:00,0.0,BTCUSDT
2024-09-16 20:00:00,0.0,BTCUSDT
2024-09-16 21:00:00,0.0,BTCUSDT
2024-09-16 22:00:00,0.0,BTCUSDT
2024-09-16 23:00:00,0.0,BTCUSDT
2024-09-17 00:00:00,5.669536049276528e-05,BTCUSDT
2024-09-17 01:00:00,0.0,BTCUSDT
2024-09-17 02:00:00,0.0,BTCUSDT
2024-09-17 03:00:00,0.0,BTCUSDT
2024-09-17 04:00:00,0.0,BTCUSDT
2024-09-17 05:00:00,0.0,BTCUSDT
2024-09-17 06:00:00,0.0,BTCUSDT
2024-09-17 07:00:00,0.0,BTCUSDT
2024-09-17 08:00:00,-0.0002388511791990156,BTCUSDT
2024-09-17 09:00:00,0.0,BTCUSDT
2024-09-17 10:00:00,0.0,BTCUSDT
2024-09-17 11:00:00,0.0,BTCUSDT
2024-09-17 12:00:00,0.0,BTCUSDT
2024-09-17 13:00:00,0.0,BTCUSDT
2024-09-17 14:00:00,0.0,BTCUSDT
2024-09-17 15:00:00,0.0,BTCUSDT
2024-09-17 16:00:00,0.00037795282678927114,BTCUSDT
2024-09-17 17:00:00,0.0,BTCUSDT
2024-09-17 18:00:00,0.0,BTCUSDT
2024-09-17 19:00:00,0.0,BTCUSDT
2024-09-17 20:00:00,0.0,BTCUSDT
2024-09-17 21:00:00,0.0,BTCUSDT
2024-09-17 22:00:00,0.0,BTCUSDT
2024-09-17 23:00:00,0.0,BTCUSDT
2024-09-18 00:00:00,-2.0077138574221153e-05,BTCUSDT
2024-09-18 01:00:00,0.0,BTCUSDT
2024-09-18 02:00:00,0.0,BTCUSDT
2024-09-18 03:00:00,0.0,BTCUSDT
2024-09-18 04:00:00,0.0,BTCUSDT
2024-09-18 05:00:00,0.0,BTCUSDT
2024-09-18 06:00:00,0.0,BTCUSDT
2024-09-18 07:00:00,0.0,BTCUSDT
2024-09-18 08:00:00,8.160630675939068e-05,BTCUSDT
2024-09-18 09:00:00,0.0,BTCUSDT
2024-09-18 10:00:00,0.0,BTCUSDT
2024-09-18 11:00:00,0.0,BTCUSDT
2024-09-18 12:00:00,0.0,BTCUSDT
2024-09-18 13:00:00,0.0,BTCUSDT
2024-09-18 14:00:00,0.0,BTCUSDT
2024-09-18 15:00:00,0.0,BTCUSDT
2024-09-18 16:00:00,0.00012269120801131048,BTCUSDT
2024-09-18 17:00:00,0.0,BTCUSDT
2024-09-18 18:00:00,0.0,BTCUSDT
2024-09-18 19:00:00,0.0,BTCUSDT
2024-09-18 20:00:00,0.0,BTCUSDT
2024-09-18 21:00:00,0.0,BTCUSDT
2024-09-18 22:00:00,0.0,BTCUSDT
2024-09-18 23:00:00,0.0,BTCUSDT
2024-09-19 00:00:00,0.0003897640216675431,BTCUSDT
2024-09-19 01:00:00,0.0,BTCUSDT
2024-09-19 02:00:00,0.0,BTCUSDT
2024-09-19 03:00:00,0.0,BTCUSDT
2024-09-19 04:00:00,0.0,BTCUSDT
2024-09-19 05:00:00,0.0,BTCUSDT
2024-09-19 06:00:00,0.0,BTCUSDT
2024-09-19 07:00:00,0.0,BTCUSDT
2024-09-19 08:00:00,-8.582726810195164e-05,BTCUSDT
2024-09-19 09:00:00,0.0,BTCUSDT
2024-09-19 10:00:00,0.0,BTCUSDT
2024-09-19 11:00:00,0.0,BTCUSDT
2024-09-19 12:00:00,0.0,BTCUSDT
2024-09-19 13:00:00,0.0,BTCUSDT
2024-09-19 14:00:00,0.0,BTCUSDT
2024-09-19 15:00:00,0.0,BTCUSDT
2024-09-19 16:00:00,-0.0002894684948281629,BTCUSDT
2024-09-19 17:00:00,0.0,BTCUSDT
2024-09-19 18:00:00,0.0,BTCUSDT
2024-09-19 19:00:00,0.0,BTCUSDT
2024-09-19 20:00:00,0.0,BTCUSDT
2024-09-19 21:00:00,0.0,BTCUSDT
2024-09-19 22:00:00,0.0,BTCUSDT
2024-09-19 23:00:00,0.0,BTCUSDT
2024-09-20 00:00:00,-0.0001479176025050057,BTCUSDT
2024-09-20 01:00:00,0.0,BTCUSDT
2024-09-20 02:00:00,0.0,BTCUSDT
2024-09-20 03:00:00,0.0,BTCUSDT
2024-09-20 04:00:00,0.0,BTCUSDT
2024-09-20 05:00:00,0.0,BTCUSDT
2024-09-20 06:00:00,0.0,BTCUSDT
2024-09-20 07:00:00,0.0,BTCUSDT
2024-09-20 08:00:00,0.0003466812152705339,BTCUSDT
2024-09-20 09:00:00,0.0,BTCUSDT
2024-09-20 10:00:00,0.0,BTCUSDT
2024-09-20 11:00:00,0.0,BTCUSDT
2024-09-20 12:00:00,0.0,BTCUSDT
2024-09-20 13:00:00,0.0,BTCUSDT
2024-09-20 14:00:00,0.0,BTCUSDT
2024-09-20 15:00:00,0.0,BTCUSDT
2024-09-20 16:00:00,0.00037840775031741826,BTCUSDT
2024-09-20 17:00:00,0.0,BTCUSDT
2024-09-20 18:00:00,0.0,BTCUSDT
2024-09-20 19:00:00,0.0,BTCUSDT
2024-09-20 20:00:00,0.0,BTCUSDT
2024-09-20 21:00:00,0.0,BTCUSDT
2024-09-20 22:00:00,0.0,BTCUSDT
2024-09-20 23:00:00,0.0,BTCUSDT
2024-09-21 00:00:00,0.00023818219147843855,BTCUSDT
2024-09-21 01:00:00,0.0,BTCUSDT
2024-09-21 02:00:00,0.0,BTCUSDT
2024-09-21 03:00:00,0.0,BTCUSDT
2024-09-21 04:00:00,0.0,BTCUSDT
2024-09-21 05:00:00,0.0,BTCUSDT
2024-09-21 06:00:00,0.0,BTCUSDT
2024-09-21 07:00:00,0.0,BTCUSDT
2024-09-21 08:00:00,0.00010635189131629016,BTCUSDT
2024-09-21 09:00:00,0.0,BTCUSDT
2024-09-21 10:00:00,0.0,BTCUSDT
2024-09-21 11:00:00,0.0,BTCUSDT
2024-09-21 12:00:00,0.0,BTCUSDT
2024-09-21 13:00:00,0.0,BTCUSDT
2024-09-21 14:00:00,0.0,BTCUSDT
2024-09-21 15:00:00,0.0,BTCUSDT
2024-09-21 16:00:00,-0.00017075093494195177,BTCUSDT
2024-09-21 17:00:00,0.0,BTCUSDT
2024-09-21 18:00:00,0.0,BTCUSDT
2024-09-21 19:00:00,0.0,BTCUSDT
2024-09-21 20:00:00,0.0,BTCUSDT
2024-09-21 21:00:00,0.0,BTCUSDT
2024-09-21 22:00:00,0.0,BTCUSDT
2024-09-21 23:00:00,0.0,BTCUSDT
2024-09-22 00:00:00,0.00027967191366939714,BTCUSDT
2024-09-22 01:00:00,0.0,BTCUSDT
2024-09-22 02:00:00,0.0,BTCUSDT
2024-09-22 03:00:00,0.0,BTCUSDT
2024-09-22 04:00:00,0.0,BTCUSDT
2024-09-22 05:00:00,0.0,BTCUSDT
2024-09-22 06:00:00,0.0,BTCUSDT
2024-09-22 07:00:00,0.0,BTCUSDT
2024-09-22 08:00:00,-6.417578448193735e-05,BTCUSDT
2024-09-22 09:00:00,0.0,BTCUSDT
2024-09-22 10:00:00,0.0,BTCUSDT
2024-09-22 11:00:00,0.0,BTCUSDT
2024-09-22 12:00:00,0.0,BTCUSDT
2024-09-22 13:00:00,0.0,BTCUSDT
2024-09-22 14:00:00,0.0,BTCUSDT
2024-09-22 15:00:00,0.0,BTCUSDT
2024-09-22 16:00:00,0.0001715322733262179,BTCUSDT
2024-09-22 17:00:00,0.0,BTCUSDT
2024-09-22 18:00:00,0.0,BTCUSDT
2024-09-22 19:00:00,0.0,BTCUSDT
2024-09-22 20:00:00,0.0,BTCUSDT
2024-09-22 21:00:00,0.0,BTCUSDT
2024-09-22 22:00:00,0.0,BTCUSDT
2024-09-22 23:00:00,0.0,BTCUSDT
2024-09-23 00:00:00,0.00018789053809159813,BTCUSDT
2024-09-23 01:00:00,0.0,BTCUSDT
2024-09-23 02:00:00,0.0,BTCUSDT
2024-09-23 03:00:00,0.0,BTCUSDT
2024-09-23 04:00:00,0.0,BTCUSDT
2024-09-23 05:00:00,0.0,BTCUSDT
2024-09-23 06:00:00,0.0,BTCUSDT
2024-09-23 07:00:00,0.0,BTCUSDT
2024-09-23 08:00:00,-0.00021802836613605962,BTCUSDT
2024-09-23 09:00:00,0.0,BTCUSDT
2024-09-23 10:00:00,0.0,BTCUSDT
2024-09-23 11:00:00,0.0,BTCUSDT
2024-09-23 12:00:00,0.0,BTCUSDT
2024-09-23 13:00:00,0.0,BTCUSDT
2024-09-23 14:00:00,0.0,BTCUSDT
2024-09-23 15:00:00,0.0,BTCUSDT
2024-09-23 16:00:00,0.00016602275809418873,BTCUSDT
2024-09-23 17:00:00,0.0,BTCUSDT
2024-09-23 18:00:00,0.0,BTCUSDT
2024-09-23 19:00:00,0.0,BTCUSDT
2024-09-23 20:00:00,0.0,BTCUSDT
2024-09-23 21:00:00,0.0,BTCUSDT
2024-09-23 22:00:00,0.0,BTCUSDT
2024-09-23 23:00:00,0.0,BTCUSDT
2024-09-24 00:00:00,1.2452535519135081e-05,BTCUSDT
2024-09-24 01:00:00,0.0,BTCUSDT
2024-09-24 02:00:00,0.0,BTCUSDT
2024-09-24 03:00:00,0.0,BTCUSDT
2024-09-24 04:00:00,0.0,BTCUSDT
2024-09-24 05:00:00,0.0,BTCUSDT
2024-09-24 06:00:00,0.0,BTCUSDT
2024-09-24 07:00:00,0.0,BTCUSDT
2024-09-24 08:00:00,-0.00015687740721450288,BTCUSDT
2024-09-24 09:00:00,0.0,BTCUSDT
2024-09-24 10:00:00,0.0,BTCUSDT
2024-09-24 11:00:00,0.0,BTCUSDT
2024-09-24 12:00:00,0.0,BTCUSDT
2024-09-24 13:00:00,0.0,BTCUSDT
2024-09-24 14:00:00,0.0,BTCUSDT
2024-09-24 15:00:00,0.0,BTCUSDT
2024-09-24 16:00:00,-1.011741340014132e-05,BTCUSDT
2024-09-24 17:00:00,0.0,BTCUSDT
2024-09-24 18:00:00,0.0,BTCUSDT
2024-09-24 19:00:00,0.0,BTCUSDT
2024-09-24 20:00:00,0.0,BTCUSDT
2024-09-24 21:00:00,0.0,BTCUSDT
2024-09-24 22:00:00,0.0,BTCUSDT
2024-09-24 23:00:00,0.0,BTCUSDT
2024-09-25 00:00:00,-0.00019631615431027363,BTCUSDT
2024-09-25 01:00:00,0.0,BTCUSDT
2024-09-25 02:00:00,0.0,BTCUSDT
2024-09-25 03:00:00,0.0,BTCUSDT
2024-09-25 04:00:00,0.0,BTCUSDT
2024-09-25 05:00:00,0.0,BTCUSDT
2024-09-25 06:00:00,0.0,BTCUSDT
2024-09-25 07:00:00,0.0,BTCUSDT
2024-09-25 08:00:00,-0.0002799340561717763,BTCUSDT
2024-09-25 09:00:00,0.0,BTCUSDT
2024-09-25 10:00:00,0.0,BTCUSDT
2024-09-25 11:00:00,0.0,BTCUSDT
2024-09-25 12:00:00,0.0,BTCUSDT
2024-09-25 13:00:00,0.0,BTCUSDT
2024-09-25 14:00:00,0.0,BTCUSDT
2024-09-25 15:00:00,0.0,BTCUSDT
2024-09-25 16:00:00,-0.00035055867894626786,BTCUSDT
2024-09-25 17:00:00,0.0,BTCUSDT
2024-09-25 18:00:00,0.0,BTCUSDT
2024-09-25 19:00:00,0.0,BTCUSDT
2024-09-25 20:00:00,0.0,BTCUSDT
2024-09-25 21:00:00,0.0,BTCUSDT
2024-09-25 22:00:00,0.0,BTCUSDT
2024-09-25 23:00:00,0.0,BTCUSDT
2024-09-26 00:00:00,-0.0001363963992136438,BTCUSDT
2024-09-26 01:00:00,0.0,BTCUSDT
2024-09-26 02:00:00,0.0,BTCUSDT
2024-09-26 03:00:00,0.0,BTCUSDT
2024-09-26 04:00:00,0.0,BTCUSDT
2024-09-26 05:00:00,0.0,BTCUSDT
2024-09-26 06:00:00,0.0,BTCUSDT
2024-09-26 07:00:00,0.0,BTCUSDT
2024-09-26 08:00:00,-0.00014155187850867045,BTCUSDT
2024-09-26 09:00:00,0.0,BTCUSDT
2024-09-26 10:00:00,0.0,BTCUSDT
2024-09-26 11:00:00,0.0,BTCUSDT
2024-09-26 12:00:00,0.0,BTCUSDT
2024-09-26 13:00:00,0.0,BTCUSDT
2024-09-26 14:00:00,0.0,BTCUSDT
2024-09-26 15:00:00,0.0,BTCUSDT
2024-09-26 16:00:00,0.0001258736013407637,BTCUSDT
2024-09-26 17:00:00,0.0,BTCUSDT
2024-09-26 18:00:00,0.0,BTCUSDT
2024-09-26 19:00:00,0.0,BTCUSDT
2024-09-26 20:00:00,0.0,BTCUSDT
2024-09-26 21:00:00,0.0,BTCUSDT
2024-09-26 22:00:00,0.0,BTCUSDT
2024-09-26 23:00:00,0.0,BTCUSDT
2024-09-27 00:00:00,0.00023864352033174083,BTCUSDT
2024-09-27 01:00:00,0.0,BTCUSDT
2024-09-27 02:00:00,0.0,BTCUSDT
2024-09-27 03:00:00,0.0,BTCUSDT
2024-09-27 04:00:00,0.0,BTCUSDT
2024-09-27 05:00:00,0.0,BTCUSDT
2024-09-27 06:00:00,0.0,BTCUSDT
2024-09-27 07:00:00,0.0,BTCUSDT
2024-09-27 08:00:00,0.00018045361544025962,BTCUSDT
2024-09-27 09:00:00,0.0,BTCUSDT
2024-09-27 10:00:00,0.0,BTCUSDT
2024-09-27 11:00:00,0.0,BTCUSDT
2024-09-27 12:00:00,0.0,BTCUSDT
2024-09-27 13:00:00,0.0,BTCUSDT
2024-09-27 14:00:00,0.0,BTCUSDT
2024-09-27 15:00:00,0.0,BTCUSDT
2024-09-27 16:00:00,0.00029945311353177457,BTCUSDT
2024-09-27 17:00:00,0.0,BTCUSDT
2024-09-27 18:00:00,0.0,BTCUSDT
2024-09-27 19:00:00,0.0,BTCUSDT
2024-09-27 20:00:00,0.0,BTCUSDT
2024-09-27 21:00:00,0.0,BTCUSDT
2024-09-27 22:00:00,0.0,BTCUSDT
2024-09-27 23:00:00,0.0,BTCUSDT
2024-09-28 00:00:00,0.0003130752544519206,BTCUSDT
2024-09-28 01:00:00,0.0,BTCUSDT
2024-09-28 02:00:00,0.0,BTCUSDT
2024-09-28 03:00:00,0.0,BTCUSDT
2024-09-28 04:00:00,0.0,BTCUSDT
2024-09-28 05:00:00,0.0,BTCUSDT
2024-09-28 06:00:00,0.0,BTCUSDT
2024-09-28 07:00:00,0.0,BTCUSDT
2024-09-28 08:00:00,-5.231757300724398e-05,BTCUSDT
2024-09-28 09:00:00,0.0,BTCUSDT
2024-09-28 10:00:00,0.0,BTCUSDT
2024-09-28 11:00:00,0.0,BTCUSDT
2024-09-28 12:00:00,0.0,BTCUSDT
2024-09-28 13:00:00,0.0,BTCUSDT
2024-09-28 14:00:00,0.0,BTCUSDT
2024-09-28 15:00:00,0.0,BTCUSDT
2024-09-28 16:00:00,3.0368520636537373e-05,BTCUSDT
2024-09-28 17:00:00,0.0,BTCUSDT
2024-09-28 18:00:00,0.0,BTCUSDT
2024-09-28 19:00:00,0.0,BTCUSDT
2024-09-28 20:00:00,0.0,BTCUSDT
2024-09-28 21:00:00,0.0,BTCUSDT
2024-09-28 22:00:00,0.0,BTCUSDT
2024-09-28 23:00:00,0.0,BTCUSDT
2024-09-29 00:00:00,0.00010391992331552566,BTCUSDT
2024-09-29 01:00:00,0.0,BTCUSDT
2024-09-29 02:00:00,0.0,BTCUSDT
2024-09-29 03:00:00,0.0,BTCUSDT
2024-09-29 04:00:00,0.0,BTCUSDT
2024-09-29 05:00:00,0.0,BTCUSDT
2024-09-29 06:00:00,0.0,BTCUSDT
2024-09-29 07:00:00,0.0,BTCUSDT
2024-09-29 08:00:00,-9.019067661889434e-05,BTCUSDT
2024-09-29 09:00:00,0.0,BTCUSDT
2024-09-29 10:00:00,0.0,BTCUSDT
2024-09-29 11:00:00,0.0,BTCUSDT
2024-09-29 12:00:00,0.0,BTCUSDT
2024-09-29 13:00:00,0.0,BTCUSDT
2024-09-29 14:00:00,0.0,BTCUSDT
2024-09-29 15:00:00,0.0,BTCUSDT
2024-09-29 16:00:00,0.0001164883533269685,BTCUSDT
2024-09-29 17:00:00,0.0,BTCUSDT
2024-09-29 18:00:00,0.0,BTCUSDT
2024-09-29 19:00:00,0.0,BTCUSDT
2024-09-29 20:00:00,0.0,BTCUSDT
2024-09-29 21:00:00,0.0,BTCUSDT
2024-09-29 22:00:00,0.0,BTCUSDT
2024-09-29 23:00:00,0.0,BTCUSDT
2024-09-30 00:00:00,0.00017947940469184687,BTCUSDT
2024-09-30 01:00:00,0.0,BTCUSDT
2024-09-30 02:00:00,0.0,BTCUSDT
2024-09-30 03:00:00,0.0,BTCUSDT
2024-09-30 04:00:00,0.0,BTCUSDT
2024-09-30 05:00:00,0.0,BTCUSDT
2024-09-30 06:00:00,0.0,BTCUSDT
2024-09-30 07:00:00,0.0,BTCUSDT
2024-09-30 08:00:00,3.942295124020138e-05,BTCUSDT
2024-09-30 09:00:00,0.0,BTCUSDT
2024-09-30 10:00:00,0.0,BTCUSDT
2024-09-30 11:00:00,0.0,BTCUSDT
2024-09-30 12:00:00,0.0,BTCUSDT
2024-09-30 13:00:00,0.0,BTCUSDT
2024-09-30 14:00:00,0.0,BTCUSDT
2024-09-30 15:00:00,0.0,BTCUSDT
2024-09-30 16:00:00,0.00014367779750883484,BTCUSDT
2024-09-30 17:00:00,0.0,BTCUSDT
2024-09-30 18:00:00,0.0,BTCUSDT
2024-09-30 19:00:00,0.0,BTCUSDT
2024-09-30 20:00:00,0.0,BTCUSDT
2024-09-30 21:00:00,0.0,BTCUSDT
2024-09-30 22:00:00,0.0,BTCUSDT
2024-09-30 23:00:00,0.0,BTCUSDT
2024-10-01 00:00:00,-2.1698780746240372e-05,BTCUSDT
2024-10-01 01:00:00,0.0,BTCUSDT
2024-10-01 02:00:00,0.0,BTCUSDT
2024-10-01 03:00:00,0.0,BTCUSDT
2024-10-01 04:00:00,0.0,BTCUSDT
2024-10-01 05:00:00,0.0,BTCUSDT
2024-10-01 06:00:00,0.0,BTCUSDT
2024-10-01 07:00:00,0.0,BTCUSDT
2024-10-01 08:00:00,0.00041883559124080246,BTCUSDT
2024-10-01 09:00:00,0.0,BTCUSDT
2024-10-01 10:00:00,0.0,BTCUSDT
2024-10-01 11:00:00,0.0,BTCUSDT
2024-10-01 12:00:00,0.0,BTCUSDT
2024-10-01 13:00:00,0.0,BTCUSDT
2024-10-01 14:00:00,0.0,BTCUSDT
2024-10-01 15:00:00,0.0,BTCUSDT
2024-10-01 16:00:00,0.0003939568517574991,BTCUSDT
2024-10-01 17:00:00,0.0,BTCUSDT
2024-10-01 18:00:00,0.0,BTCUSDT
2024-10-01 19:00:00,0.0,BTCUSDT
2024-10-01 20:00:00,0.0,BTCUSDT
2024-10-01 21:00:00,0.0,BTCUSDT
2024-10-01 22:00:00,0.0,BTCUSDT
2024-10-01 23:00:00,0.0,BTCUSDT
2024-10-02 00:00:00,-0.0001578961174419375,BTCUSDT
2024-10-02 01:00:00,0.0,BTCUSDT
2024-10-02 02:00:00,0.0,BTCUSDT
2024-10-02 03:00:00,0.0,BTCUSDT
2024-10-02 04:00:00,0.0,BTCUSDT
2024-10-02 05:00:00,0.0,BTCUSDT
2024-10-02 06:00:00,0.0,BTCUSDT
2024-10-02 07:00:00,0.0,BTCUSDT
2024-10-02 08:00:00,-5.743481399739926e-05,BTCUSDT
2024-10-02 09:00:00,0.0,BTCUSDT
2024-10-02 10:00:00,0.0,BTCUSDT
2024-10-02 11:00:00,0.0,BTCUSDT
2024-10-02 12:00:00,0.0,BTCUSDT
2024-10-02 13:00:00,0.0,BTCUSDT
2024-10-02 14:00:00,0.0,BTCUSDT
2024-10-02 15:00:00,0.0,BTCUSDT
2024-10-02 16:00:00,0.0003179073166153281,BTCUSDT
2024-10-02 17:00:00,0.0,BTCUSDT
2024-10-02 18:00:00,0.0,BTCUSDT
2024-10-02 19:00:00,0.0,BTCUSDT
2024-10-02 20:00:00,0.0,BTCUSDT
2024-10-02 21:00:00,0.0,BTCUSDT
2024-10-02 22:00:00,0.0,BTCUSDT
2024-10-02 23:00:00,0.0,BTCUSDT
2024-10-03 00:00:00,-3.090671419966197e-05,BTCUSDT
2024-10-03 01:00:00,0.0,BTCUSDT
2024-10-03 02:00:00,0.0,BTCUSDT
2024-10-03 03:00:00,0.0,BTCUSDT
2024-10-03 04:00:00,0.0,BTCUSDT
2024-10-03 05:00:00,0.0,BTCUSDT
2024-10-03 06:00:00,0.0,BTCUSDT
2024-10-03 07:00:00,0.0,BTCUSDT
2024-10-03 08:00:00,2.1323540451068595e-05,BTCUSDT
2024-10-03 09:00:00,0.0,BTCUSDT
2024-10-03 10:00:00,0.0,BTCUSDT
2024-10-03 11:00:00,0.0,BTCUSDT
2024-10-03 12:00:00,0.0,BTCUSDT
2024-10-03 13:00:00,0.0,BTCUSDT
2024-10-03 14:00:00,0.0,BTCUSDT
2024-10-03 15:00:00,0.0,BTCUSDT
2024-10-03 16:00:00,-0.00011980784490637184,BTCUSDT
2024-10-03 17:00:00,0.0,BTCUSDT
2024-10-03 18:00:00,0.0,BTCUSDT
2024-10-03 19:00:00,0.0,BTCUSDT
2024-10-03 20:00:00,0.0,BTCUSDT
2024-10-03 21:00:00,0.0,BTCUSDT
2024-10-03 22:00:00,0.0,BTCUSDT
2024-10-03 23:00:00,0.0,BTCUSDT
2024-10-04 00:00:00,0.00032124631177199377,BTCUSDT
2024-10-04 01:00:00,0.0,BTCUSDT
2024-10-04 02:00:00,0.0,BTCUSDT
2024-10-04 03:00:00,0.0,BTCUSDT
2024-10-04 04:00:00,0.0,BTCUSDT
2024-10-04 05:00:00,0.0,BTCUSDT
2024-10-04 06:00:00,0.0,BTCUSDT
2024-10-04 07:00:00,0.0,BTCUSDT
2024-10-04 08:00:00,-0.00015385822104862086,BTCUSDT
2024-10-04 09:00:00,0.0,BTCUSDT
2024-10-04 10:00:00,0.0,BTCUSDT
2024-10-04 11:00:00,0.0,BTCUSDT
2024-10-04 12:00:00,0.0,BTCUSDT
2024-10-04 13:00:00,0.0,BTCUSDT
2024-10-04 14:00:00,0.0,BTCUSDT
2024-10-04 15:00:00,0.0,BTCUSDT
2024-10-04 16:00:00,-4.399790664438783e-05,BTCUSDT
2024-10-04 17:00:00,0.0,BTCUSDT
2024-10-04 18:00:00,0.0,BTCUSDT
2024-10-04 19:00:00,0.0,BTCUSDT
2024-10-04 20:00:00,0.0,BTCUSDT
2024-10-04 21:00:00,0.0,BTCUSDT
2024-10-04 22:00:00,0.0,BTCUSDT
2024-10-04 23:00:00,0.0,BTCUSDT
2024-10-05 00:00:00,0.00017380328756503343,BTCUSDT
2024-10-05 01:00:00,0.0,BTCUSDT
2024-10-05 02:00:00,0.0,BTCUSDT
2024-10-05 03:00:00,0.0,BTCUSDT
2024-10-05 04:00:00,0.0,BTCUSDT
2024-10-05 05:00:00,0.0,BTCUSDT
2024-10-05 06:00:00,0.0,BTCUSDT
2024-10-05 07:00:00,0.0,BTCUSDT
2024-10-05 08:00:00,3.6946733216748853e-05,BTCUSDT
2024-10-05 09:00:00,0.0,BTCUSDT
2024-10-05 10:00:00,0.0,BTCUSDT
2024-10-05 11:00:00,0.0,BTCUSDT
2024-10-05 12:00:00,0.0,BTCUSDT
2024-10-05 13:00:00,0.0,BTCUSDT
2024-10-05 14:00:00,0.0,BTCUSDT
2024-10-05 15:00:00,0.0,BTCUSDT
2024-10-05 16:00:00,-0.000251087579462142,BTCUSDT
2024-10-05 17:00:00,0.0,BTCUSDT
2024-10-05 18:00:00,0.0,BTCUSDT
2024-10-05 19:00:00,0.0,BTCUSDT
2024-10-05 20:00:00,0.0,BTCUSDT
2024-10-05 21:00:00,0.0,BTCUSDT
2024-10-05 22:00:00,0.0,BTCUSDT
2024-10-05 23:00:00,0.0,BTCUSDT
2024-10-06 00:00:00,0.0002994118712907283,BTCUSDT
2024-10-06 01:00:00,0.0,BTCUSDT
2024-10-06 02:00:00,0.0,BTCUSDT
2024-10-06 03:00:00,0.0,BTCUSDT
2024-10-06 04:00:00,0.0,BTCUSDT
2024-10-06 05:00:00,0.0,BTCUSDT
2024-10-06 06:00:00,0.0,BTCUSDT
2024-10-06 07:00:00,0.0,BTCUSDT
2024-10-06 08:00:00,5.0126074965503756e-05,BTCUSDT
2024-10-06 09:00:00,0.0,BTCUSDT
2024-10-06 10:00:00,0.0,BTCUSDT
2024-10-06 11:00:00,0.0,BTCUSDT
2024-10-06 12:00:00,0.0,BTCUSDT
2024-10-06 13:00:00,0.0,BTCUSDT
2024-10-06 14:00:00,0.0,BTCUSDT
2024-10-06 15:00:00,0.0,BTCUSDT
2024-10-06 16:00:00,0.0003868619338704152,BTCUSDT
2024-10-06 17:00:00,0.0,BTCUSDT
2024-10-06 18:00:00,0.0,BTCUSDT
2024-10-06 19:00:00,0.0,BTCUSDT
2024-10-06 20:00:00,0.0,BTCUSDT
2024-10-06 21:00:00,0.0,BTCUSDT
2024-10-06 22:00:00,0.0,BTCUSDT
2024-10-06 23:00:00,0.0,BTCUSDT
2024-10-07 00:00:00,0.00021365467543055686,BTCUSDT
2024-10-07 01:00:00,0.0,BTCUSDT
2024-10-07 02:00:00,0.0,BTCUSDT
2024-10-07 03:00:00,0.0,BTCUSDT
2024-10-07 04:00:00,0.0,BTCUSDT
2024-10-07 05:00:00,0.0,BTCUSDT
2024-10-07 06:00:00,0.0,BTCUSDT
2024-10-07 07:00:00,0.0,BTCUSDT
2024-10-07 08:00:00,-0.00010896726278061425,BTCUSDT
2024-10-07 09:00:00,0.0,BTCUSDT
2024-10-07 10:00:00,0.0,BTCUSDT
2024-10-07 11:00:00,0.0,BTCUSDT
2024-10-07 12:00:00,0.0,BTCUSDT
2024-10-07 13:00:00,0.0,BTCUSDT
2024-10-07 14:00:00,0.0,BTCUSDT
2024-10-07 15:00:00,0.0,BTCUSDT
2024-10-07 16:00:00,0.0002623411143226531,BTCUSDT
2024-10-07 17:00:00,0.0,BTCUSDT
2024-10-07 18:00:00,0.0,BTCUSDT
2024-10-07 19:00:00,0.0,BTCUSDT
2024-10-07 20:00:00,0.0,BTCUSDT
2024-10-07 21:00:00,0.0,BTCUSDT
2024-10-07 22:00:00,0.0,BTCUSDT
2024-10-07 23:00:00,0.0,BTCUSDT
2024-10-08 00:00:00,-0.0001002629308395934,BTCUSDT
2024-10-08 01:00:00,0.0,BTCUSDT
2024-10-08 02:00:00,0.0,BTCUSDT
2024-10-08 03:00:00,0.0,BTCUSDT
2024-10-08 04:00:00,0.0,BTCUSDT
2024-10-08 05:00:00,0.0,BTCUSDT
2024-10-08 06:00:00,0.0,BTCUSDT
2024-10-08 07:00:00,0.0,BTCUSDT
2024-10-08 08:00:00,4.709082025905557e-05,BTCUSDT
2024-10-08 09:00:00,0.0,BTCUSDT
2024-10-08 10:00:00,0.0,BTCUSDT
2024-10-08 11:00:00,0.0,BTCUSDT
2024-10-08 12:00:00,0.0,BTCUSDT
2024-10-08 13:00:00,0.0,BTCUSDT
2024-10-08 14:00:00,0.0,BTCUSDT
2024-10-08 15:00:00,0.0,BTCUSDT
2024-10-08 16:00:00,0.00026394794345161897,BTCUSDT
2024-10-08 17:00:00,0.0,BTCUSDT
2024-10-08 18:00:00,0.0,BTCUSDT
2024-10-08 19:00:00,0.0,BTCUSDT
2024-10-08 20:00:00,0.0,BTCUSDT
2024-10-08 21:00:00,0.0,BTCUSDT
2024-10-08 22:00:00,0.0,BTCUSDT
2024-10-08 23:00:00,0.0,BTCUSDT
2024-10-09 00:00:00,0.00043011459264656956,BTCUSDT
2024-10-09 01:00:00,0.0,BTCUSDT
2024-10-09 02:00:00,0.0,BTCUSDT
2024-10-09 03:00:00,0.0,BTCUSDT
2024-10-09 04:00:00,0.0,BTCUSDT
2024-10-09 05:00:00,0.0,BTCUSDT
2024-10-09 06:00:00,0.0,BTCUSDT
2024-10-09 07:00:00,0.0,BTCUSDT
2024-10-09 08:00:00,0.000274430621136811,BTCUSDT
2024-10-09 09:00:00,0.0,BTCUSDT
2024-10-09 10:00:00,0.0,BTCUSDT
2024-10-09 11:00:00,0.0,BTCUSDT
2024-10-09 12:00:00,0.0,BTCUSDT
2024-10-09 13:00:00,0.0,BTCUSDT
2024-10-09 14:00:00,0.0,BTCUSDT
2024-10-09 15:00:00,0.0,BTCUSDT
2024-10-09 16:00:00,0.0002368900955272856,BTCUSDT
2024-10-09 17:00:00,0.0,BTCUSDT
2024-10-09 18:00:00,0.0,BTCUSDT
2024-10-09 19:00:00,0.0,BTCUSDT
2024-10-09 20:00:00,0.0,BTCUSDT
2024-10-09 21:00:00,0.0,BTCUSDT
2024-10-09 22:00:00,0.0,BTCUSDT
2024-10-09 23:00:00,0.0,BTCUSDT
2024-10-10 00:00:00,0.00027801154649509196,BTCUSDT
2024-10-10 01:00:00,0.0,BTCUSDT
2024-10-10 02:00:00,0.0,BTCUSDT
2024-10-10 03:00:00,0.0,BTCUSDT
2024-10-10 04:00:00,0.0,BTCUSDT
2024-10-10 05:00:00,0.0,BTCUSDT
2024-10-10 06:00:00,0.0,BTCUSDT
2024-10-10 07:00:00,0.0,BTCUSDT
2024-10-10 08:00:00,-8.979056555373563e-05,BTCUSDT
2024-10-10 09:00:00,0.0,BTCUSDT
2024-10-10 10:00:00,0.0,BTCUSDT
2024-10-10 11:00:00,0.0,BTCUSDT
2024-10-10 12:00:00,0.0,BTCUSDT
2024-10-10 13:00:00,0.0,BTCUSDT
2024-10-10 14:00:00,0.0,BTCUSDT
2024-10-10 15:00:00,0.0,BTCUSDT
2024-10-10 16:00:00,2.4873267856531962e-05,BTCUSDT
2024-10-10 17:00:00,0.0,BTCUSDT
2024-10-10 18:00:00,0.0,BTCUSDT
2024-10-10 19:00:00,0.0,BTCUSDT
2024-10-10 20:00:00,0.0,BTCUSDT
2024-10-10 21:00:00,0.0,BTCUSDT
2024-10-10 22:00:00,0.0,BTCUSDT
2024-10-10 23:00:00,0.0,BTCUSDT
2024-10-11 00:00:00,-0.00029290720762058497,BTCUSDT
2024-10-11 01:00:00,0.0,BTCUSDT
2024-10-11 02:00:00,0.0,BTCUSDT
2024-10-11 03:00:00,0.0,BTCUSDT
2024-10-11 04:00:00,0.0,BTCUSDT
2024-10-11 05:00:00,0.0,BTCUSDT
2024-10-11 06:00:00,0.0,BTCUSDT
2024-10-11 07:00:00,0.0,BTCUSDT
2024-10-11 08:00:00,0.00024985651137589027,BTCUSDT
2024-10-11 09:00:00,0.0,BTCUSDT
2024-10-11 10:00:00,0.0,BTCUSDT
2024-10-11 11:00:00,0.0,BTCUSDT
2024-10-11 12:00:00,0.0,BTCUSDT
2024-10-11 13:00:00,0.0,BTCUSDT
2024-10-11 14:00:00,0.0,BTCUSDT
2024-10-11 15:00:00,0.0,BTCUSDT
2024-10-11 16:00:00,-0.00013039950951582863,BTCUSDT
2024-10-11 17:00:00,0.0,BTCUSDT
2024-10-11 18:00:00,0.0,BTCUSDT
2024-10-11 19:00:00,0.0,BTCUSDT
2024-10-11 20:00:00,0.0,BTCUSDT
2024-10-11 21:00:00,0.0,BTCUSDT
2024-10-11 22:00:00,0.0,BTCUSDT
2024-10-11 23:00:00,0.0,BTCUSDT
2024-10-12 00:00:00,-2.724474253038596e-05,BTCUSDT
2024-10-12 01:00:00,0.0,BTCUSDT
2024-10-12 02:00:00,0.0,BTCUSDT
2024-10-12 03:00:00,0.0,BTCUSDT
2024-10-12 04:00:00,0.0,BTCUSDT
2024-10-12 05:00:00,0.0,BTCUSDT
2024-10-12 06:00:00,0.0,BTCUSDT
2024-10-12 07:00:00,0.0,BTCUSDT
2024-10-12 08:00:00,0.0006059855498503906,BTCUSDT
2024-10-12 09:00:00,0.0,BTCUSDT
2024-10-12 10:00:00,0.0,BTCUSDT
2024-10-12 11:00:00,0.0,BTCUSDT
2024-10-12 12:00:00,0.0,BTCUSDT
2024-10-12 13:00:00,0.0,BTCUSDT
2024-10-12 14:00:00,0.0,BTCUSDT
2024-10-12 15:00:00,0.0,BTCUSDT
2024-10-12 16:00:00,0.00013028147812495553,BTCUSDT
2024-10-12 17:00:00,0.0,BTCUSDT
2024-10-12 18:00:00,0.0,BTCUSDT
2024-10-12 19:00:00,0.0,BTCUSDT
2024-10-12 20:00:00,0.0,BTCUSDT
2024-10-12 21:00:00,0.0,BTCUSDT
2024-10-12 22:00:00,0.0,BTCUSDT
2024-10-12 23:00:00,0.0,BTCUSDT
2024-10-13 00:00:00,9.769698238467099e-05,BTCUSDT
2024-10-13 01:00:00,0.0,BTCUSDT
2024-10-13 02:00:00,0.0,BTCUSDT
2024-10-13 03:00:00,0.0,BTCUSDT
2024-10-13 04:00:00,0.0,BTCUSDT
2024-10-13 05:00:00,0.0,BTCUSDT
2024-10-13 06:00:00,0.0,BTCUSDT
2024-10-13 07:00:00,0.0,BTCUSDT
2024-10-13 08:00:00,-0.00016998512757225462,BTCUSDT
2024-10-13 09:00:00,0.0,BTCUSDT
2024-10-13 10:00:00,0.0,BTCUSDT
2024-10-13 11:00:00,0.0,BTCUSDT
2024-10-13 12:00:00,0.0,BTCUSDT
2024-10-13 13:00:00,0.0,BTCUSDT
2024-10-13 14:00:00,0.0,BTCUSDT
2024-10-13 15:00:00,0.0,BTCUSDT
2024-10-13 16:00:00,0.00013739804194493288,BTCUSDT
2024-10-13 17:00:00,0.0,BTCUSDT
2024-10-13 18:00:00,0.0,BTCUSDT
2024-10-13 19:00:00,0.0,BTCUSDT
2024-10-13 20:00:00,0.0,BTCUSDT
2024-10-13 21:00:00,0.0,BTCUSDT
2024-10-13 22:00:00,0.0,BTCUSDT
2024-10-13 23:00:00,0.0,BTCUSDT
2024-10-14 00:00:00,-2.6654540942054516e-05,BTCUSDT
2024-10-14 01:00:00,0.0,BTCUSDT
2024-10-14 02:00:00,0.0,BTCUSDT
2024-10-14 03:00:00,0.0,BTCUSDT
2024-10-14 04:00:00,0.0,BTCUSDT
2024-10-14 05:00:00,0.0,BTCUSDT
2024-10-14 06:00:00,0.0,BTCUSDT
2024-10-14 07:00:00,0.0,BTCUSDT
2024-10-14 08:00:00,-4.4042404201357995e-05,BTCUSDT
2024-10-14 09:00:00,0.0,BTCUSDT
2024-10-14 10:00:00,0.0,BTCUSDT
2024-10-14 11:00:00,0.0,BTCUSDT
2024-10-14 12:00:00,0.0,BTCUSDT
2024-10-14 13:00:00,0.0,BTCUSDT
2024-10-14 14:00:00,0.0,BTCUSDT
2024-10-14 15:00:00,0.0,BTCUSDT
2024-10-14 16:00:00,2.6559213157650345e-05,BTCUSDT
2024-10-14 17:00:00,0.0,BTCUSDT
2024-10-14 18:00:00,0.0,BTCUSDT
2024-10-14 19:00:00,0.0,BTCUSDT
2024-10-14 20:00:00,0.0,BTCUSDT
2024-10-14 21:00:00,0.0,BTCUSDT
2024-10-14 22:00:00,0.0,BTCUSDT
2024-10-14 23:00:00,0.0,BTCUSDT
2024-10-15 00:00:00,-3.730775063075379e-05,BTCUSDT
2024-10-15 01:00:00,0.0,BTCUSDT
2024-10-15 02:00:00,0.0,BTCUSDT
2024-10-15 03:00:00,0.0,BTCUSDT
2024-10-15 04:00:00,0.0,BTCUSDT
2024-10-15 05:00:00,0.0,BTCUSDT
2024-10-15 06:00:00,0.0,BTCUSDT
2024-10-15 07:00:00,0.0,BTCUSDT
2024-10-15 08:00:00,0.0001514746212834699,BTCUSDT
2024-10-15 09:00:00,0.0,BTCUSDT
2024-10-15 10:00:00,0.0,BTCUSDT
2024-10-15 11:00:00,0.0,BTCUSDT
2024-10-15 12:00:00,0.0,BTCUSDT
2024-10-15 13:00:00,0.0,BTCUSDT
2024-10-15 14:00:00,0.0,BTCUSDT
2024-10-15 15:00:00,0.0,BTCUSDT
2024-10-15 16:00:00,8.65445070172931e-05,BTCUSDT
2024-10-15 17:00:00,0.0,BTCUSDT
2024-10-15 18:00:00,0.0,BTCUSDT
2024-10-15 19:00:00,0.0,BTCUSDT
2024-10-15 20:00:00,0.0,BTCUSDT
2024-10-15 21:00:00,0.0,BTCUSDT
2024-10-15 22:00:00,0.0,BTCUSDT
2024-10-15 23:00:00,0.0,BTCUSDT
2024-10-16 00:00:00,0.0003893126582502735,BTCUSDT
2024-10-16 01:00:00,0.0,BTCUSDT
2024-10-16 02:00:00,0.0,BTCUSDT
2024-10-16 03:00:00,0.0,BTCUSDT
2024-10-16 04:00:00,0.0,BTCUSDT
2024-10-16 05:00:00,0.0,BTCUSDT
2024-10-16 06:00:00,0.0,BTCUSDT
2024-10-16 07:00:00,0.0,BTCUSDT
2024-10-16 08:00:00,-0.0002588383733098873,BTCUSDT
2024-10-16 09:00:00,0.0,BTCUSDT
2024-10-16 10:00:00,0.0,BTCUSDT
2024-10-16 11:00:00,0.0,BTCUSDT
2024-10-16 12:00:00,0.0,BTCUSDT
2024-10-16 13:00:00,0.0,BTCUSDT
2024-10-16 14:00:00,0.0,BTCUSDT
2024-10-16 15:00:00,0.0,BTCUSDT
2024-10-16 16:00:00,-0.0001929949492209778,BTCUSDT
2024-10-16 17:00:00,0.0,BTCUSDT
2024-10-16 18:00:00,0.0,BTCUSDT
2024-10-16 19:00:00,0.0,BTCUSDT
2024-10-16 20:00:00,0.0,BTCUSDT
2024-10-16 21:00:00,0.0,BTCUSDT
2024-10-16 22:00:00,0.0,BTCUSDT
2024-10-16 23:00:00,0.0,BTCUSDT
2024-10-17 00:00:00,0.0003233362550135045,BTCUSDT
2024-10-17 01:00:00,0.0,BTCUSDT
2024-10-17 02:00:00,0.0,BTCUSDT
2024-10-17 03:00:00,0.0,BTCUSDT
2024-10-17 04:00:00,0.0,BTCUSDT
2024-10-17 05:00:00,0.0,BTCUSDT
2024-10-17 06:00:00,0.0,BTCUSDT
2024-10-17 07:00:00,0.0,BTCUSDT
2024-10-17 08:00:00,8.831397620050236e-05,BTCUSDT
2024-10-17 09:00:00,0.0,BTCUSDT
2024-10-17 10:00:00,0.0,BTCUSDT
2024-10-17 11:00:00,0.0,BTCUSDT
2024-10-17 12:00:00,0.0,BTCUSDT
2024-10-17 13:00:00,0.0,BTCUSDT
2024-10-17 14:00:00,0.0,BTCUSDT
2024-10-17 15:00:00,0.0,BTCUSDT
2024-10-17 16:00:00,0.00016419951273720465,BTCUSDT
2024-10-17 17:00:00,0.0,BTCUSDT
2024-10-17 18:00:00,0.0,BTCUSDT
2024-10-17 19:00:00,0.0,BTCUSDT
2024-10-17 20:00:00,0.0,BTCUSDT
2024-10-17 21:00:00,0.0,BTCUSDT
2024-10-17 22:00:00,0.0,BTCUSDT
2024-10-17 23:00:00,0.0,BTCUSDT
2024-10-18 00:00:00,-0.0001508321973991208,BTCUSDT
2024-10-18 01:00:00,0.0,BTCUSDT
2024-10-18 02:00:00,0.0,BTCUSDT
2024-10-18 03:00:00,0.0,BTCUSDT
2024-10-18 04:00:00,0.0,BTCUSDT
2024-10-18 05:00:00,0.0,BTCUSDT
2024-10-18 06:00:00,0.0,BTCUSDT
2024-10-18 07:00:00,0.0,BTCUSDT
2024-10-18 08:00:00,0.00028917763131092785,BTCUSDT
2024-10-18 09:00:00,0.0,BTCUSDT
2024-10-18 10:00:00,0.0,BTCUSDT
2024-10-18 11:00:00,0.0,BTCUSDT
2024-10-18 12:00:00,0.0,BTCUSDT
2024-10-18 13:00:00,0.0,BTCUSDT
2024-10-18 14:00:00,0.0,BTCUSDT
2024-10-18 15:00:00,0.0,BTCUSDT
2024-10-18 16:00:00,0.00025703701646207525,BTCUSDT
2024-10-18 17:00:00,0.0,BTCUSDT
2024-10-18 18:00:00,0.0,BTCUSDT
2024-10-18 19:00:00,0.0,BTCUSDT
2024-10-18 20:00:00,0.0,BTCUSDT
2024-10-18 21:00:00,0.0,BTCUSDT
2024-10-18 22:00:00,0.0,BTCUSDT
2024-10-18 23:00:00,0.0,BTCUSDT
2024-10-19 00:00:00,0.00036931433252205924,BTCUSDT
2024-10-19 01:00:00,0.0,BTCUSDT
2024-10-19 02:00:00,0.0,BTCUSDT
2024-10-19 03:00:00,0.0,BTCUSDT
2024-10-19 04:00:00,0.0,BTCUSDT
2024-10-19 05:00:00,0.0,BTCUSDT
2024-10-19 06:00:00,0.0,BTCUSDT
2024-10-19 07:00:00,0.0,BTCUSDT
2024-10-19 08:00:00,9.298070664308112e-05,BTCUSDT
2024-10-19 09:00:00,0.0,BTCUSDT
2024-10-19 10:00:00,0.0,BTCUSDT
2024-10-19 11:00:00,0.0,BTCUSDT
2024-10-19 12:00:00,0.0,BTCUSDT
2024-10-19 13:00:00,0.0,BTCUSDT
2024-10-19 14:00:00,0.0,BTCUSDT
2024-10-19 15:00:00,0.0,BTCUSDT
2024-10-19 16:00:00,0.0003274762195257828,BTCUSDT
2024-10-19 17:00:00,0.0,BTCUSDT
2024-10-19 18:00:00,0.0,BTCUSDT
2024-10-19 19:00:00,0.0,BTCUSDT
2024-10-19 20:00:00,0.0,BTCUSDT
2024-10-19 21:00:00,0.0,BTCUSDT
2024-10-19 22:00:00,0.0,BTCUSDT
2024-10-19 23:00:00,0.0,BTCUSDT
2024-10-20 00:00:00,0.0002001834658171715,BTCUSDT
2024-10-20 01:00:00,0.0,BTCUSDT
2024-10-20 02:00:00,0.0,BTCUSDT
2024-10-20 03:00:00,0.0,BTCUSDT
2024-10-20 04:00:00,0.0,BTCUSDT
2024-10-20 05:00:00,0.0,BTCUSDT
2024-10-20 06:00:00,0.0,BTCUSDT
2024-10-20 07:00:00,0.0,BTCUSDT
2024-10-20 08:00:00,0.00025327769531447987,BTCUSDT
2024-10-20 09:00:00,0.0,BTCUSDT
2024-10-20 10:00:00,0.0,BTCUSDT
2024-10-20 11:00:00,0.0,BTCUSDT
2024-10-20 12:00:00,0.0,BTCUSDT
2024-10-20 13:00:00,0.0,BTCUSDT
2024-10-20 14:00:00,0.0,BTCUSDT
2024-10-20 15:00:00,0.0,BTCUSDT
2024-10-20 16:00:00,-0.0001543097041784568,BTCUSDT
2024-10-20 17:00:00,0.0,BTCUSDT
2024-10-20 18:00:00,0.0,BTCUSDT
2024-10-20 19:00:00,0.0,BTCUSDT
2024-10-20 20:00:00,0.0,BTCUSDT
2024-10-20 21:00:00,0.0,BTCUSDT
2024-10-20 22:00:00,0.0,BTCUSDT
2024-10-20 23:00:00,0.0,BTCUSDT
2024-10-21 00:00:00,4.5926660647766054e-05,BTCUSDT
2024-10-21 01:00:00,0.0,BTCUSDT
2024-10-21 02:00:00,0.0,BTCUSDT
2024-10-21 03:00:00,0.0,BTCUSDT
2024-10-21 04:00:00,0.0,BTCUSDT
2024-10-21 05:00:00,0.0,BTCUSDT
2024-10-21 06:00:00,0.0,BTCUSDT
2024-10-21 07:00:00,0.0,BTCUSDT
2024-10-21 08:00:00,0.00014724472925284663,BTCUSDT
2024-10-21 09:00:00,0.0,BTCUSDT
2024-10-21 10:00:00,0.0,BTCUSDT
2024-10-21 11:00:00,0.0,BTCUSDT
2024-10-21 12:00:00,0.0,BTCUSDT
2024-10-21 13:00:00,0.0,BTCUSDT
2024-10-21 14:00:00,0.0,BTCUSDT
2024-10-21 15:00:00,0.0,BTCUSDT
2024-10-21 16:00:00,-0.00017441583745392286,BTCUSDT
2024-10-21 17:00:00,0.0,BTCUSDT
2024-10-21 18:00:00,0.0,BTCUSDT
2024-10-21 19:00:00,0.0,BTCUSDT
2024-10-21 20:00:00,0.0,BTCUSDT
2024-10-21 21:00:00,0.0,BTCUSDT
2024-10-21 22:00:00,0.0,BTCUSDT
2024-10-21 23:00:00,0.0,BTCUSDT
2024-10-22 00:00:00,0.00016858527546426854,BTCUSDT
2024-10-22 01:00:00,0.0,BTCUSDT
2024-10-22 02:00:00,0.0,BTCUSDT
2024-10-22 03:00:00,0.0,BTCUSDT
2024-10-22 04:00:00,0.0,BTCUSDT
2024-10-22 05:00:00,0.0,BTCUSDT
2024-10-22 06:00:00,0.0,BTCUSDT
2024-10-22 07:00:00,0.0,BTCUSDT
2024-10-22 08:00:00,0.00011061186258652382,BTCUSDT
2024-10-22 09:00:00,0.0,BTCUSDT
2024-10-22 10:00:00,0.0,BTCUSDT
2024-10-22 11:00:00,0.0,BTCUSDT
2024-10-22 12:00:00,0.0,BTCUSDT
2024-10-22 13:00:00,0.0,BTCUSDT
2024-10-22 14:00:00,0.0,BTCUSDT
2024-10-22 15:00:00,0.0,BTCUSDT
2024-10-22 16:00:00,0.0006421588598081066,BTCUSDT
2024-10-22 17:00:00,0.0,BTCUSDT
2024-10-22 18:00:00,0.0,BTCUSDT
2024-10-22 19:00:00,0.0,BTCUSDT
2024-10-22 20:00:00,0.0,BTCUSDT
2024-10-22 21:00:00,0.0,BTCUSDT
2024-10-22 22:00:00,0.0,BTCUSDT
2024-10-22 23:00:00,0.0,BTCUSDT
2024-10-23 00:00:00,0.0002266450620230187,BTCUSDT
2024-10-23 01:00:00,0.0,BTCUSDT
2024-10-23 02:00:00,0.0,BTCUSDT
2024-10-23 03:00:00,0.0,BTCUSDT
2024-10-23 04:00:00,0.0,BTCUSDT
2024-10-23 05:00:00,0.0,BTCUSDT
2024-10-23 06:00:00,0.0,BTCUSDT
2024-10-23 07:00:00,0.0,BTCUSDT
2024-10-23 08:00:00,0.0003628149963049209,BTCUSDT
2024-10-23 09:00:00,0.0,BTCUSDT
2024-10-23 10:00:00,0.0,BTCUSDT
2024-10-23 11:00:00,0.0,BTCUSDT
2024-10-23 12:00:00,0.0,BTCUSDT
2024-10-23 13:00:00,0.0,BTCUSDT
2024-10-23 14:00:00,0.0,BTCUSDT
2024-10-23 15:00:00,0.0,BTCUSDT
2024-10-23 16:00:00,1.2842054075272807e-05,BTCUSDT
2024-10-23 17:00:00,0.0,BTCUSDT
2024-10-23 18:00:00,0.0,BTCUSDT
2024-10-23 19:00:00,0.0,BTCUSDT
2024-10-23 20:00:00,0.0,BTCUSDT
2024-10-23 21:00:00,0.0,BTCUSDT
2024-10-23 22:00:00,0.0,BTCUSDT
2024-10-23 23:00:00,0.0,BTCUSDT
2024-10-24 00:00:00,0.00013868971499835924,BTCUSDT
2024-10-24 01:00:00,0.0,BTCUSDT
2024-10-24 02:00:00,0.0,BTCUSDT
2024-10-24 03:00:00,0.0,BTCUSDT
2024-10-24 04:00:00,0.0,BTCUSDT
2024-10-24 05:00:00,0.0,BTCUSDT
2024-10-24 06:00:00,0.0,BTCUSDT
2024-10-24 07:00:00,0.0,BTCUSDT
2024-10-24 08:00:00,-3.0505658643329025e-05,BTCUSDT
2024-10-24 09:00:00,0.0,BTCUSDT
2024-10-24 10:00:00,0.0,BTCUSDT
2024-10-24 11:00:00,0.0,BTCUSDT
2024-10-24 12:00:00,0.0,BTCUSDT
2024-10-24 13:00:00,0.0,BTCUSDT
2024-10-24 14:00:00,0.0,BTCUSDT
2024-10-24 15:00:00,0.0,BTCUSDT
2024-10-24 16:00:00,0.00016194535582720045,BTCUSDT
2024-10-24 17:00:00,0.0,BTCUSDT
2024-10-24 18:00:00,0.0,BTCUSDT
2024-10-24 19:00:00,0.0,BTCUSDT
2024-10-24 20:00:00,0.0,BTCUSDT
2024-10-24 21:00:00,0.0,BTCUSDT
2024-10-24 22:00:00,0.0,BTCUSDT
2024-10-24 23:00:00,0.0,BTCUSDT
2024-10-25 00:00:00,-7.533941712385858e-05,BTCUSDT
2024-10-25 01:00:00,0.0,BTCUSDT
2024-10-25 02:00:00,0.0,BTCUSDT
2024-10-25 03:00:00,0.0,BTCUSDT
2024-10-25 04:00:00,0.0,BTCUSDT
2024-10-25 05:00:00,0.0,BTCUSDT
2024-10-25 06:00:00,0.0,BTCUSDT
2024-10-25 07:00:00,0.0,BTCUSDT
2024-10-25 08:00:00,0.00015444734506547762,BTCUSDT
2024-10-25 09:00:00,0.0,BTCUSDT
2024-10-25 10:00:00,0.0,BTCUSDT
2024-10-25 11:00:00,0.0,BTCUSDT
2024-10-25 12:00:00,0.0,BTCUSDT
2024-10-25 13:00:00,0.0,BTCUSDT
2024-10-25 14:00:00,0.0,BTCUSDT
2024-10-25 15:00:00,0.0,BTCUSDT
2024-10-25 16:00:00,0.00031704445273232634,BTCUSDT
2024-10-25 17:00:00,0.0,BTCUSDT
2024-10-25 18:00:00,0.0,BTCUSDT
2024-10-25 19:00:00,0.0,BTCUSDT
2024-10-25 20:00:00,0.0,BTCUSDT
2024-10-25 21:00:00,0.0,BTCUSDT
2024-10-25 22:00:00,0.0,BTCUSDT
2024-10-25 23:00:00,0.0,BTCUSDT
2024-10-26 00:00:00,0.0003374155357483511,BTCUSDT
2024-10-26 01:00:00,0.0,BTCUSDT
2024-10-26 02:00:00,0.0,BTCUSDT
2024-10-26 03:00:00,0.0,BTCUSDT
2024-10-26 04:00:00,0.0,BTCUSDT
2024-10-26 05:00:00,0.0,BTCUSDT
2024-10-26 06:00:00,0.0,BTCUSDT
2024-10-26 07:00:00,0.0,BTCUSDT
2024-10-26 08:00:00,0.0001086061946642563,BTCUSDT
2024-10-26 09:00:00,0.0,BTCUSDT
2024-10-26 10:00:00,0.0,BTCUSDT
2024-10-26 11:00:00,0.0,BTCUSDT
2024-10-26 12:00:00,0.0,BTCUSDT
2024-10-26 13:00:00,0.0,BTCUSDT
2024-10-26 14:00:00,0.0,BTCUSDT
2024-10-26 15:00:00,0.0,BTCUSDT
2024-10-26 16:00:00,8.36211240855014e-05,BTCUSDT
2024-10-26 17:00:00,0.0,BTCUSDT
2024-10-26 18:00:00,0.0,BTCUSDT
2024-10-26 19:00:00,0.0,BTCUSDT
2024-10-26 20:00:00,0.0,BTCUSDT
2024-10-26 21:00:00,0.0,BTCUSDT
2024-10-26 22:00:00,0.0,BTCUSDT
2024-10-26 23:00:00,0.0,BTCUSDT
2024-10-27 00:00:00,0.00012793033484317934,BTCUSDT
2024-10-27 01:00:00,0.0,BTCUSDT
2024-10-27 02:00:00,0.0,BTCUSDT
2024-10-27 03:00:00,0.0,BTCUSDT
2024-10-27 04:00:00,0.0,BTCUSDT
2024-10-27 05:00:00,0.0,BTCUSDT
2024-10-27 06:00:00,0.0,BTCUSDT
2024-10-27 07:00:00,0.0,BTCUSDT
2024-10-27 08:00:00,-0.00015407240926501727,BTCUSDT
2024-10-27 09:00:00,0.0,BTCUSDT
2024-10-27 10:00:00,0.0,BTCUSDT
2024-10-27 11:00:00,0.0,BTCUSDT
2024-10-27 12:00:00,0.0,BTCUSDT
2024-10-27 13:00:00,0.0,BTCUSDT
2024-10-27 14:00:00,0.0,BTCUSDT
2024-10-27 15:00:00,0.0,BTCUSDT
2024-10-27 16:00:00,-1.827894596760948e-05,BTCUSDT
2024-10-27 17:00:00,0.0,BTCUSDT
2024-10-27 18:00:00,0.0,BTCUSDT
2024-10-27 19:00:00,0.0,BTCUSDT
2024-10-27 20:00:00,0.0,BTCUSDT
2024-10-27 21:00:00,0.0,BTCUSDT
2024-10-27 22:00:00,0.0,BTCUSDT
2024-10-27 23:00:00,0.0,BTCUSDT
2024-10-28 00:00:00,9.75912894080137e-05,BTCUSDT
2024-10-28 01:00:00,0.0,BTCUSDT
2024-10-28 02:00:00,0.0,BTCUSDT
2024-10-28 03:00:00,0.0,BTCUSDT
2024-10-28 04:00:00,0.0,BTCUSDT
2024-10-28 05:00:00,0.0,BTCUSDT
2024-10-28 06:00:00,0.0,BTCUSDT
2024-10-28 07:00:00,0.0,BTCUSDT
2024-10-28 08:00:00,0.00014902285687452358,BTCUSDT
2024-10-28 09:00:00,0.0,BTCUSDT
2024-10-28 10:00:00,0.0,BTCUSDT
2024-10-28 11:00:00,0.0,BTCUSDT
2024-10-28 12:00:00,0.0,BTCUSDT
2024-10-28 13:00:00,0.0,BTCUSDT
2024-10-28 14:00:00,0.0,BTCUSDT
2024-10-28 15:00:00,0.0,BTCUSDT
2024-10-28 16:00:00,0.00023764106129057653,BTCUSDT
2024-10-28 17:00:00,0.0,BTCUSDT
2024-10-28 18:00:00,0.0,BTCUSDT
2024-10-28 19:00:00,0.0,BTCUSDT
2024-10-28 20:00:00,0.0,BTCUSDT
2024-10-28 21:00:00,0.0,BTCUSDT
2024-10-28 22:00:00,0.0,BTCUSDT
2024-10-28 23:00:00,0.0,BTCUSDT
2024-10-29 00:00:00,-0.0002834697772020598,BTCUSDT
2024-10-29 01:00:00,0.0,BTCUSDT
2024-10-29 02:00:00,0.0,BTCUSDT
2024-10-29 03:00:00,0.0,BTCUSDT
2024-10-29 04:00:00,0.0,BTCUSDT
2024-10-29 05:00:00,0.0,BTCUSDT
2024-10-29 06:00:00,0.0,BTCUSDT
2024-10-29 07:00:00,0.0,BTCUSDT
2024-10-29 08:00:00,8.338213445136338e-05,BTCUSDT
2024-10-29 09:00:00,0.0,BTCUSDT
2024-10-29 10:00:00,0.0,BTCUSDT
2024-10-29 11:00:00,0.0,BTCUSDT
2024-10-29 12:00:00,0.0,BTCUSDT
2024-10-29 13:00:00,0.0,BTCUSDT
2024-10-29 14:00:00,0.0,BTCUSDT
2024-10-29 15:00:00,0.0,BTCUSDT
2024-10-29 16:00:00,7.05720990371786e-05,BTCUSDT
2024-10-29 17:00:00,0.0,BTCUSDT
2024-10-29 18:00:00,0.0,BTCUSDT
2024-10-29 19:00:00,0.0,BTCUSDT
2024-10-29 20:00:00,0.0,BTCUSDT
2024-10-29 21:00:00,0.0,BTCUSDT
2024-10-29 22:00:00,0.0,BTCUSDT
2024-10-29 23:00:00,0.0,BTCUSDT
2024-10-30 00:00:00,0.00028099240829884,BTCUSDT
2024-10-30 01:00:00,0.0,BTCUSDT
2024-10-30 02:00:00,0.0,BTCUSDT
2024-10-30 03:00:00,0.0,BTCUSDT
2024-10-30 04:00:00,0.0,BTCUSDT
2024-10-30 05:00:00,0.0,BTCUSDT
2024-10-30 06:00:00,0.0,BTCUSDT
2024-10-30 07:00:00,0.0,BTCUSDT
2024-10-30 08:00:00,-5.499256481279696e-05,BTCUSDT
2024-10-30 09:00:00,0.0,BTCUSDT
2024-10-30 10:00:00,0.0,BTCUSDT
2024-10-30 11:00:00,0.0,BTCUSDT
2024-10-30 12:00:00,0.0,BTCUSDT
2024-10-30 13:00:00,0.0,BTCUSDT
2024-10-30 14:00:00,0.0,BTCUSDT
2024-10-30 15:00:00,0.0,BTCUSDT
2024-10-30 16:00:00,0.00027268745603797575,BTCUSDT
2024-10-30 17:00:00,0.0,BTCUSDT
2024-10-30 18:00:00,0.0,BTCUSDT
2024-10-30 19:00:00,0.0,BTCUSDT
2024-10-30 20:00:00,0.0,BTCUSDT
2024-10-30 21:00:00,0.0,BTCUSDT
2024-10-30 22:00:00,0.0,BTCUSDT
2024-10-30 23:00:00,0.0,BTCUSDT
2024-10-31 00:00:00,-6.49224019530044e-05,BTCUSDT
2024-10-31 01:00:00,0.0,BTCUSDT
2024-10-31 02:00:00,0.0,BTCUSDT
2024-10-31 03:00:00,0.0,BTCUSDT
2024-10-31 04:00:00,0.0,BTCUSDT
2024-10-31 05:00:00,0.0,BTCUSDT
2024-10-31 06:00:00,0.0,BTCUSDT
2024-10-31 07:00:00,0.0,BTCUSDT
2024-10-31 08:00:00,0.0001912498977057066,BTCUSDT
2024-10-31 09:00:00,0.0,BTCUSDT
2024-10-31 10:00:00,0.0,BTCUSDT
2024-10-31 11:00:00,0.0,BTCUSDT
2024-10-31 12:00:00,0.0,BTCUSDT
2024-10-31 13:00:00,0.0,BTCUSDT
2024-10-31 14:00:00,0.0,BTCUSDT
2024-10-31 15:00:00,0.0,BTCUSDT
2024-10-31 16:00:00,0.00014478537478932127,BTCUSDT
2024-10-31 17:00:00,0.0,BTCUSDT
2024-10-31 18:00:00,0.0,BTCUSDT
2024-10-31 19:00:00,0.0,BTCUSDT
2024-10-31 20:00:00,0.0,BTCUSDT
2024-10-31 21:00:00,0.0,BTCUSDT
2024-10-31 22:00:00,0.0,BTCUSDT
2024-10-31 23:00:00,0.0,BTCUSDT
2024-11-01 00:00:00,0.00022706583904324128,BTCUSDT
2024-11-01 01:00:00,0.0,BTCUSDT
2024-11-01 02:00:00,0.0,BTCUSDT
2024-11-01 03:00:00,0.0,BTCUSDT
2024-11-01 04:00:00,0.0,BTCUSDT
2024-11-01 05:00:00,0.0,BTCUSDT
2024-11-01 06:00:00,0.0,BTCUSDT
2024-11-01 07:00:00,0.0,BTCUSDT
2024-11-01 08:00:00,-0.00017512681775727238,BTCUSDT
2024-11-01 09:00:00,0.0,BTCUSDT
2024-11-01 10:00:00,0.0,BTCUSDT
2024-11-01 11:00:00,0.0,BTCUSDT
2024-11-01 12:00:00,0.0,BTCUSDT
2024-11-01 13:00:00,0.0,BTCUSDT
2024-11-01 14:00:00,0.0,BTCUSDT
2024-11-01 15:00:00,0.0,BTCUSDT
2024-11-01 16:00:00,9.268399202463085e-05,BTCUSDT
2024-11-01 17:00:00,0.0,BTCUSDT
2024-11-01 18:00:00,0.0,BTCUSDT
2024-11-01 19:00:00,0.0,BTCUSDT
2024-11-01 20:00:00,0.0,BTCUSDT
2024-11-01 21:00:00,0.0,BTCUSDT
2024-11-01 22:00:00,0.0,BTCUSDT
2024-11-01 23:00:00,0.0,BTCUSDT
2024-11-02 00:00:00,9.739427131267079e-06,BTCUSDT
2024-11-02 01:00:00,0.0,BTCUSDT
2024-11-02 02:00:00,0.0,BTCUSDT
2024-11-02 03:00:00,0.0,BTCUSDT
2024-11-02 04:00:00,0.0,BTCUSDT
2024-11-02 05:00:00,0.0,BTCUSDT
2024-11-02 06:00:00,0.0,BTCUSDT
2024-11-02 07:00:00,0.0,BTCUSDT
2024-11-02 08:00:00,-5.737507341911717e-07,BTCUSDT
2024-11-02 09:00:00,0.0,BTCUSDT
2024-11-02 10:00:00,0.0,BTCUSDT
2024-11-02 11:00:00,0.0,BTCUSDT
2024-11-02 12:00:00,0.0,BTCUSDT
2024-11-02 13:00:00,0.0,BTCUSDT
2024-11-02 14:00:00,0.0,BTCUSDT
2024-11-02 15:00:00,0.0,BTCUSDT
2024-11-02 16:00:00,-5.193460355051067e-05,BTCUSDT
2024-11-02 17:00:00,0.0,BTCUSDT
2024-11-02 18:00:00,0.0,BTCUSDT
2024-11-02 19:00:00,0.0,BTCUSDT
2024-11-02 20:00:00,0.0,BTCUSDT
2024-11-02 21:00:00,0.0,BTCUSDT
2024-11-02 22:00:00,0.0,BTCUSDT
2024-11-02 23:00:00,0.0,BTCUSDT
2024-11-03 00:00:00,-0.00015717280345594302,BTCUSDT
2024-11-03 01:00:00,0.0,BTCUSDT
2024-11-03 02:00:00,0.0,BTCUSDT
2024-11-03 03:00:00,0.0,BTCUSDT
2024-11-03 04:00:00,0.0,BTCUSDT
2024-11-03 05:00:00,0.0,BTCUSDT
2024-11-03 06:00:00,0.0,BTCUSDT
2024-11-03 07:00:00,0.0,BTCUSDT
2024-11-03 08:00:00,0.00019285024762460073,BTCUSDT
2024-11-03 09:00:00,0.0,BTCUSDT
2024-11-03 10:00:00,0.0,BTCUSDT
2024-11-03 11:00:00,0.0,BTCUSDT
2024-11-03 12:00:00,0.0,BTCUSDT
2024-11-03 13:00:00,0.0,BTCUSDT
2024-11-03 14:00:00,0.0,BTCUSDT
2024-11-03 15:00:00,0.0,BTCUSDT
2024-11-03 16:00:00,5.020526894386496e-05,BTCUSDT
2024-11-03 17:00:00,0.0,BTCUSDT
2024-11-03 18:00:00,0.0,BTCUSDT
2024-11-03 19:00:00,0.0,BTCUSDT
2024-11-03 20:00:00,0.0,BTCUSDT
2024-11-03 21:00:00,0.0,BTCUSDT
2024-11-03 22:00:00,0.0,BTCUSDT
2024-11-03 23:00:00,0.0,BTCUSDT
2024-11-04 00:00:00,-0.00016155531302953217,BTCUSDT
2024-11-04 01:00:00,0.0,BTCUSDT
2024-11-04 02:00:00,0.0,BTCUSDT
2024-11-04 03:00:00,0.0,BTCUSDT
2024-11-04 04:00:00,0.0,BTCUSDT
2024-11-04 05:00:00,0.0,BTCUSDT
2024-11-04 06:00:00,0.0,BTCUSDT
2024-11-04 07:00:00,0.0,BTCUSDT
2024-11-04 08:00:00,-2.6028566028469378e-05,BTCUSDT
2024-11-04 09:00:00,0.0,BTCUSDT
2024-11-04 10:00:00,0.0,BTCUSDT
2024-11-04 11:00:00,0.0,BTCUSDT
2024-11-04 12:00:00,0.0,BTCUSDT
2024-11-04 13:00:00,0.0,BTCUSDT
2024-11-04 14:00:00,0.0,BTCUSDT
2024-11-04 15:00:00,0.0,BTCUSDT
2024-11-04 16:00:00,-0.0002750014774943873,BTCUSDT
2024-11-04 17:00:00,0.0,BTCUSDT
2024-11-04 18:00:00,0.0,BTCUSDT
2024-11-04 19:00:00,0.0,BTCUSDT
2024-11-04 20:00:00,0.0,BTCUSDT
2024-11-04 21:00:00,0.0,BTCUSDT
2024-11-04 22:00:00,0.0,BTCUSDT
2024-11-04 23:00:00,0.0,BTCUSDT
2024-11-05 00:00:00,0.00025640547751482556,BTCUSDT
2024-11-05 01:00:00,0.0,BTCUSDT
2024-11-05 02:00:00,0.0,BTCUSDT
2024-11-05 03:00:00,0.0,BTCUSDT
2024-11-05 04:00:00,0.0,BTCUSDT
2024-11-05 05:00:00,0.0,BTCUSDT
2024-11-05 06:00:00,0.0,BTCUSDT
2024-11-05 07:00:00,0.0,BTCUSDT
2024-11-05 08:00:00,-0.0002588287022397201,BTCUSDT
2024-11-05 09:00:00,0.0,BTCUSDT
2024-11-05 10:00:00,0.0,BTCUSDT
2024-11-05 11:00:00,0.0,BTCUSDT
2024-11-05 12:00:00,0.0,BTCUSDT
2024-11-05 13:00:00,0.0,BTCUSDT
2024-11-05 14:00:00,0.0,BTCUSDT
2024-11-05 15:00:00,0.0,BTCUSDT
2024-11-05 16:00:00,0.00019225441686356623,BTCUSDT
2024-11-05 17:00:00,0.0,BTCUSDT
2024-11-05 18:00:00,0.0,BTCUSDT
2024-11-05 19:00:00,0.0,BTCUSDT
2024-11-05 20:00:00,0.0,BTCUSDT
2024-11-05 21:00:00,0.0,BTCUSDT
2024-11-05 22:00:00,0.0,BTCUSDT
2024-11-05 23:00:00,0.0,BTCUSDT
2024-11-06 00:00:00,0.0004529827611101543,BTCUSDT
2024-11-06 01:00:00,0.0,BTCUSDT
2024-11-06 02:00:00,0.0,BTCUSDT
2024-11-06 03:00:00,0.0,BTCUSDT
2024-11-06 04:00:00,0.0,BTCUSDT
2024-11-06 05:00:00,0.0,BTCUSDT
2024-11-06 06:00:00,0.0,BTCUSDT
2024-11-06 07:00:00,0.0,BTCUSDT
2024-11-06 08:00:00,0.0003474361600578018,BTCUSDT
2024-11-06 09:00:00,0.0,BTCUSDT
2024-11-06 10:00:00,0.0,BTCUSDT
2024-11-06 11:00:00,0.0,BTCUSDT
2024-11-06 12:00:00,0.0,BTCUSDT
2024-11-06 13:00:00,0.0,BTCUSDT
2024-11-06 14:00:00,0.0,BTCUSDT
2024-11-06 15:00:00,0.0,BTCUSDT
2024-11-06 16:00:00,-8.193795768166686e-05,BTCUSDT
2024-11-06 17:00:00,0.0,BTCUSDT
2024-11-06 18:00:00,0.0,BTCUSDT
2024-11-06 19:00:00,0.0,BTCUSDT
2024-11-06 20:00:00,0.0,BTCUSDT
2024-11-06 21:00:00,0.0,BTCUSDT
2024-11-06 22:00:00,0.0,BTCUSDT
2024-11-06 23:00:00,0.0,BTCUSDT
2024-11-07 00:00:00,0.0005222592668199169,BTCUSDT
2024-11-07 01:00:00,0.0,BTCUSDT
2024-11-07 02:00:00,0.0,BTCUSDT
2024-11-07 03:00:00,0.0,BTCUSDT
2024-11-07 04:00:00,0.0,BTCUSDT
2024-11-07 05:00:00,0.0,BTCUSDT
2024-11-07 06:00:00,0.0,BTCUSDT
2024-11-07 07:00:00,0.0,BTCUSDT
2024-11-07 08:00:00,-0.00014729565731846981,BTCUSDT
2024-11-07 09:00:00,0.0,BTCUSDT
2024-11-07 10:00:00,0.0,BTCUSDT
2024-11-07 11:00:00,0.0,BTCUSDT
2024-11-07 12:00:00,0.0,BTCUSDT
2024-11-07 13:00:00,0.0,BTCUSDT
2024-11-07 14:00:00,0.0,BTCUSDT
2024-11-07 15:00:00,0.0,BTCUSDT
2024-11-07 16:00:00,5.4901315333072786e-05,BTCUSDT
2024-11-07 17:00:00,0.0,BTCUSDT
2024-11-07 18:00:00,0.0,BTCUSDT
2024-11-07 19:00:00,0.0,BTCUSDT
2024-11-07 20:00:00,0.0,BTCUSDT
2024-11-07 21:00:00,0.0,BTCUSDT
2024-11-07 22:00:00,0.0,BTCUSDT
2024-11-07 23:00:00,0.0,BTCUSDT
2024-11-08 00:00:00,0.0001501256464206604,BTCUSDT
2024-11-08 01:00:00,0.0,BTCUSDT
2024-11-08 02:00:00,0.0,BTCUSDT
2024-11-08 03:00:00,0.0,BTCUSDT
2024-11-08 04:00:00,0.0,BTCUSDT
2024-11-08 05:00:00,0.0,BTCUSDT
2024-11-08 06:00:00,0.0,BTCUSDT
2024-11-08 07:00:00,0.0,BTCUSDT
2024-11-08 08:00:00,-3.2233283742869425e-06,BTCUSDT
2024-11-08 09:00:00,0.0,BTCUSDT
2024-11-08 10:00:00,0.0,BTCUSDT
2024-11-08 11:00:00,0.0,BTCUSDT
2024-11-08 12:00:00,0.0,BTCUSDT
2024-11-08 13:00:00,0.0,BTCUSDT
2024-11-08 14:00:00,0.0,BTCUSDT
2024-11-08 15:00:00,0.0,BTCUSDT
2024-11-08 16:00:00,-3.346667624329608e-05,BTCUSDT
2024-11-08 17:00:00,0.0,BTCUSDT
2024-11-08 18:00:00,0.0,BTCUSDT
2024-11-08 19:00:00,0.0,BTCUSDT
2024-11-08 20:00:00,0.0,BTCUSDT
2024-11-08 21:00:00,0.0,BTCUSDT
2024-11-08 22:00:00,0.0,BTCUSDT
2024-11-08 23:00:00,0.0,BTCUSDT
2024-11-09 00:00:00,0.00014344158750568018,BTCUSDT
2024-11-09 01:00:00,0.0,BTCUSDT
2024-11-09 02:00:00,0.0,BTCUSDT
2024-11-09 03:00:00,0.0,BTCUSDT
2024-11-09 04:00:00,0.0,BTCUSDT
2024-11-09 05:00:00,0.0,BTCUSDT
2024-11-09 06:00:00,0.0,BTCUSDT
2024-11-09 07:00:00,0.0,BTCUSDT
2024-11-09 08:00:00,0.0002970799422900099,BTCUSDT
2024-11-09 09:00:00,0.0,BTCUSDT
2024-11-09 10:00:00,0.0,BTCUSDT
2024-11-09 11:00:00,0.0,BTCUSDT
2024-11-09 12:00:00,0.0,BTCUSDT
2024-11-09 13:00:00,0.0,BTCUSDT
2024-11-09 14:00:00,0.0,BTCUSDT
2024-11-09 15:00:00,0.0,BTCUSDT
2024-11-09 16:00:00,-0.00019703723253998646,BTCUSDT
2024-11-09 17:00:00,0.0,BTCUSDT
2024-11-09 18:00:00,0.0,BTCUSDT
2024-11-09 19:00:00,0.0,BTCUSDT
2024-11-09 20:00:00,0.0,BTCUSDT
2024-11-09 21:00:00,0.0,BTCUSDT
2024-11-09 22:00:00,0.0,BTCUSDT
2024-11-09 23:00:00,0.0,BTCUSDT
2024-11-10 00:00:00,1.3708871088023028e-05,BTCUSDT
2024-11-10 01:00:00,0.0,BTCUSDT
2024-11-10 02:00:00,0.0,BTCUSDT
2024-11-10 03:00:00,0.0,BTCUSDT
2024-11-10 04:00:00,0.0,BTCUSDT
2024-11-10 05:00:00,0.0,BTCUSDT
2024-11-10 06:00:00,0.0,BTCUSDT
2024-11-10 07:00:00,0.0,BTCUSDT
2024-11-10 08:00:00,0.00031163401876482035,BTCUSDT
2024-11-10 09:00:00,0.0,BTCUSDT
2024-11-10 10:00:00,0.0,BTCUSDT
2024-11-10 11:00:00,0.0,BTCUSDT
2024-11-10 12:00:00,0.0,BTCUSDT
2024-11-10 13:00:00,0.0,BTCUSDT
2024-11-10 14:00:00,0.0,BTCUSDT
2024-11-10 15:00:00,0.0,BTCUSDT
2024-11-10 16:00:00,-0.00020511434161221676,BTCUSDT
2024-11-10 17:00:00,0.0,BTCUSDT
2024-11-10 18:00:00,0.0,BTCUSDT
2024-11-10 19:00:00,0.0,BTCUSDT
2024-11-10 20:00:00,0.0,BTCUSDT
2024-11-10 21:00:00,0.0,BTCUSDT
2024-11-10 22:00:00,0.0,BTCUSDT
2024-11-10 23:00:00,0.0,BTCUSDT
2024-11-11 00:00:00,-0.00020653679418474683,BTCUSDT
2024-11-11 01:00:00,0.0,BTCUSDT
2024-11-11 02:00:00,0.0,BTCUSDT
2024-11-11 03:00:00,0.0,BTCUSDT
2024-11-11 04:00:00,0.0,BTCUSDT
2024-11-11 05:00:00,0.0,BTCUSDT
2024-11-11 06:00:00,0.0,BTCUSDT
2024-11-11 07:00:00,0.0,BTCUSDT
2024-11-11 08:00:00,0.0003353066507575531,BTCUSDT
2024-11-11 09:00:00,0.0,BTCUSDT
2024-11-11 10:00:00,0.0,BTCUSDT
2024-11-11 11:00:00,0.0,BTCUSDT
2024-11-11 12:00:00,0.0,BTCUSDT
2024-11-11 13:00:00,0.0,BTCUSDT
2024-11-11 14:00:00,0.0,BTCUSDT
2024-11-11 15:00:00,0.0,BTCUSDT
2024-11-11 16:00:00,-0.00033058270315150317,BTCUSDT
2024-11-11 17:00:00,0.0,BTCUSDT
2024-11-11 18:00:00,0.0,BTCUSDT
2024-11-11 19:00:00,0.0,BTCUSDT
2024-11-11 20:00:00,0.0,BTCUSDT
2024-11-11 21:00:00,0.0,BTCUSDT
2024-11-11 22:00:00,0.0,BTCUSDT
2024-11-11 23:00:00,0.0,BTCUSDT
2024-11-12 00:00:00,0.00023250720667972261,BTCUSDT
2024-11-12 01:00:00,0.0,BTCUSDT
2024-11-12 02:00:00,0.0,BTCUSDT
2024-11-12 03:00:00,0.0,BTCUSDT
2024-11-12 04:00:00,0.0,BTCUSDT
2024-11-12 05:00:00,0.0,BTCUSDT
2024-11-12 06:00:00,0.0,BTCUSDT
2024-11-12 07:00:00,0.0,BTCUSDT
2024-11-12 08:00:00,-5.1099776626789835e-05,BTCUSDT
2024-11-12 09:00:00,0.0,BTCUSDT
2024-11-12 10:00:00,0.0,BTCUSDT
2024-11-12 11:00:00,0.0,BTCUSDT
2024-11-12 12:00:00,0.0,BTCUSDT
2024-11-12 13:00:00,0.0,BTCUSDT
2024-11-12 14:00:00,0.0,BTCUSDT
2024-11-12 15:00:00,0.0,BTCUSDT
2024-11-12 16:00:00,7.42245242622493e-05,BTCUSDT
2024-11-12 17:00:00,0.0,BTCUSDT
2024-11-12 18:00:00,0.0,BTCUSDT
2024-11-12 19:00:00,0.0,BTCUSDT
2024-11-12 20:00:00,0.0,BTCUSDT
2024-11-12 21:00:00,0.0,BTCUSDT
2024-11-12 22:00:00,0.0,BTCUSDT
2024-11-12 23:00:00,0.0,BTCUSDT
2024-11-13 00:00:00,2.4918510703207623e-05,BTCUSDT
2024-11-13 01:00:00,0.0,BTCUSDT
2024-11-13 02:00:00,0.0,BTCUSDT
2024-11-13 03:00:00,0.0,BTCUSDT
2024-11-13 04:00:00,0.0,BTCUSDT
2024-11-13 05:00:00,0.0,BTCUSDT
2024-11-13 06:00:00,0.0,BTCUSDT
2024-11-13 07:00:00,0.0,BTCUSDT
2024-11-13 08:00:00,0.0001325593236199825,BTCUSDT
2024-11-13 09:00:00,0.0,BTCUSDT
2024-11-13 10:00:00,0.0,BTCUSDT
2024-11-13 11:00:00,0.0,BTCUSDT
2024-11-13 12:00:00,0.0,BTCUSDT
2024-11-13 13:00:00,0.0,BTCUSDT
2024-11-13 14:00:00,0.0,BTCUSDT
2024-11-13 15:00:00,0.0,BTCUSDT
2024-11-13 16:00:00,0.0006443824295812987,BTCUSDT
2024-11-13 17:00:00,0.0,BTCUSDT
2024-11-13 18:00:00,0.0,BTCUSDT
2024-11-13 19:00:00,0.0,BTCUSDT
2024-11-13 20:00:00,0.0,BTCUSDT
2024-11-13 21:00:00,0.0,BTCUSDT
2024-11-13 22:00:00,0.0,BTCUSDT
2024-11-13 23:00:00,0.0,BTCUSDT
2024-11-14 00:00:00,0.0002930653334322253,BTCUSDT
2024-11-14 01:00:00,0.0,BTCUSDT
2024-11-14 02:00:00,0.0,BTCUSDT
2024-11-14 03:00:00,0.0,BTCUSDT
2024-11-14 04:00:00,0.0,BTCUSDT
2024-11-14 05:00:00,0.0,BTCUSDT
2024-11-14 06:00:00,0.0,BTCUSDT
2024-11-14 07:00:00,0.0,BTCUSDT
2024-11-14 08:00:00,-0.0003136751430862065,BTCUSDT
2024-11-14 09:00:00,0.0,BTCUSDT
2024-11-14 10:00:00,0.0,BTCUSDT
2024-11-14 11:00:00,0.0,BTCUSDT
2024-11-14 12:00:00,0.0,BTCUSDT
2024-11-14 13:00:00,0.0,BTCUSDT
2024-11-14 14:00:00,0.0,BTCUSDT
2024-11-14 15:00:00,0.0,BTCUSDT
2024-11-14 16:00:00,-9.944565748775523e-05,BTCUSDT
2024-11-14 17:00:00,0.0,BTCUSDT
2024-11-14 18:00:00,0.0,BTCUSDT
2024-11-14 19:00:00,0.0,BTCUSDT
2024-11-14 20:00:00,0.0,BTCUSDT
2024-11-14 21:00:00,0.0,BTCUSDT
2024-11-14 22:00:00,0.0,BTCUSDT
2024-11-14 23:00:00,0.0,BTCUSDT
2024-11-15 00:00:00,0.00040399040118285984,BTCUSDT
2024-11-15 01:00:00,0.0,BTCUSDT
2024-11-15 02:00:00,0.0,BTCUSDT
2024-11-15 03:00:00,0.0,BTCUSDT
2024-11-15 04:00:00,0.0,BTCUSDT
2024-11-15 05:00:00,0.0,BTCUSDT
2024-11-15 06:00:00,0.0,BTCUSDT
2024-11-15 07:00:00,0.0,BTCUSDT
2024-11-15 08:00:00,0.00027863766944145034,BTCUSDT
2024-11-15 09:00:00,0.0,BTCUSDT
2024-11-15 10:00:00,0.0,BTCUSDT
2024-11-15 11:00:00,0.0,BTCUSDT
2024-11-15 12:00:00,0.0,BTCUSDT
2024-11-15 13:00:00,0.0,BTCUSDT
2024-11-15 14:00:00,0.0,BTCUSDT
2024-11-15 15:00:00,0.0,BTCUSDT
2024-11-15 16:00:00,0.00016686541091070068,BTCUSDT
2024-11-15 17:00:00,0.0,BTCUSDT
2024-11-15 18:00:00,0.0,BTCUSDT
2024-11-15 19:00:00,0.0,BTCUSDT
2024-11-15 20:00:00,0.0,BTCUSDT
2024-11-15 21:00:00,0.0,BTCUSDT
2024-11-15 22:00:00,0.0,BTCUSDT
2024-11-15 23:00:00,0.0,BTCUSDT
2024-11-16 00:00:00,0.00020655664186452485,BTCUSDT
2024-11-16 01:00:00,0.0,BTCUSDT
2024-11-16 02:00:00,0.0,BTCUSDT
2024-11-16 03:00:00,0.0,BTCUSDT
2024-11-16 04:00:00,0.0,BTCUSDT
2024-11-16 05:00:00,0.0,BTCUSDT
2024-11-16 06:00:00,0.0,BTCUSDT
2024-11-16 07:00:00,0.0,BTCUSDT
2024-11-16 08:00:00,5.322043990928121e-05,BTCUSDT
2024-11-16 09:00:00,0.0,BTCUSDT
2024-11-16 10:00:00,0.0,BTCUSDT
2024-11-16 11:00:00,0.0,BTCUSDT
2024-11-16 12:00:00,0.0,BTCUSDT
2024-11-16 13:00:00,0.0,BTCUSDT
2024-11-16 14:00:00,0.0,BTCUSDT
2024-11-16 15:00:00,0.0,BTCUSDT
2024-11-16 16:00:00,0.000306330754915035,BTCUSDT
2024-11-16 17:00:00,0.0,BTCUSDT
2024-11-16 18:00:00,0.0,BTCUSDT
2024-11-16 19:00:00,0.0,BTCUSDT
2024-11-16 20:00:00,0.0,BTCUSDT
2024-11-16 21:00:00,0.0,BTCUSDT
2024-11-16 22:00:00,0.0,BTCUSDT
2024-11-16 23:00:00,0.0,BTCUSDT
2024-11-17 00:00:00,-5.2352074136529126e-05,BTCUSDT
2024-11-17 01:00:00,0.0,BTCUSDT
2024-11-17 02:00:00,0.0,BTCUSDT
2024-11-17 03:00:00,0.0,BTCUSDT
2024-11-17 04:00:00,0.0,BTCUSDT
2024-11-17 05:00:00,0.0,BTCUSDT
2024-11-17 06:00:00,0.0,BTCUSDT
2024-11-17 07:00:00,0.0,BTCUSDT
2024-11-17 08:00:00,5.0532807220716373e-05,BTCUSDT
2024-11-17 09:00:00,0.0,BTCUSDT
2024-11-17 10:00:00,0.0,BTCUSDT
2024-11-17 11:00:00,0.0,BTCUSDT
2024-11-17 12:00:00,0.0,BTCUSDT
2024-11-17 13:00:00,0.0,BTCUSDT
2024-11-17 14:00:00,0.0,BTCUSDT
2024-11-17 15:00:00,0.0,BTCUSDT
2024-11-17 16:00:00,6.55917281469055e-05,BTCUSDT
2024-11-17 17:00:00,0.0,BTCUSDT
2024-11-17 18:00:00,0.0,BTCUSDT
2024-11-17 19:00:00,0.0,BTCUSDT
2024-11-17 20:00:00,0.0,BTCUSDT
2024-11-17 21:00:00,0.0,BTCUSDT
2024-11-17 22:00:00,0.0,BTCUSDT
2024-11-17 23:00:00,0.0,BTCUSDT
2024-11-18 00:00:00,0.00017452963729601103,BTCUSDT
2024-11-18 01:00:00,0.0,BTCUSDT
2024-11-18 02:00:00,0.0,BTCUSDT
2024-11-18 03:00:00,0.0,BTCUSDT
2024-11-18 04:00:00,0.0,BTCUSDT
2024-11-18 05:00:00,0.0,BTCUSDT
2024-11-18 06:00:00,0.0,BTCUSDT
2024-11-18 07:00:00,0.0,BTCUSDT
2024-11-18 08:00:00,0.0006420663288669786,BTCUSDT
2024-11-18 09:00:00,0.0,BTCUSDT
2024-11-18 10:00:00,0.0,BTCUSDT
2024-11-18 11:00:00,0.0,BTCUSDT
2024-11-18 12:00:00,0.0,BTCUSDT
2024-11-18 13:00:00,0.0,BTCUSDT
2024-11-18 14:00:00,0.0,BTCUSDT
2024-11-18 15:00:00,0.0,BTCUSDT
2024-11-18 16:00:00,0.00017714216810629048,BTCUSDT
2024-11-18 17:00:00,0.0,BTCUSDT
2024-11-18 18:00:00,0.0,BTCUSDT
2024-11-18 19:00:00,0.0,BTCUSDT
2024-11-18 20:00:00,0.0,BTCUSDT
2024-11-18 21:00:00,0.0,BTCUSDT
2024-11-18 22:00:00,0.0,BTCUSDT
2024-11-18 23:00:00,0.0,BTCUSDT
2024-11-19 00:00:00,0.0002620054477012233,BTCUSDT
2024-11-19 01:00:00,0.0,BTCUSDT
2024-11-19 02:00:00,0.0,BTCUSDT
2024-11-19 03:00:00,0.0,BTCUSDT
2024-11-19 04:00:00,0.0,BTCUSDT
2024-11-19 05:00:00,0.0,BTCUSDT
2024-11-19 06:00:00,0.0,BTCUSDT
2024-11-19 07:00:00,0.0,BTCUSDT
2024-11-19 08:00:00,0.0003628453151407158,BTCUSDT
2024-11-19 09:00:00,0.0,BTCUSDT
2024-11-19 10:00:00,0.0,BTCUSDT
2024-11-19 11:00:00,0.0,BTCUSDT
2024-11-19 12:00:00,0.0,BTCUSDT
2024-11-19 13:00:00,0.0,BTCUSDT
2024-11-19 14:00:00,0.0,BTCUSDT
2024-11-19 15:00:00,0.0,BTCUSDT
2024-11-19 16:00:00,0.00023876469077182042,BTCUSDT
2024-11-19 17:00:00,0.0,BTCUSDT
2024-11-19 18:00:00,0.0,BTCUSDT
2024-11-19 19:00:00,0.0,BTCUSDT
2024-11-19 20:00:00,0.0,BTCUSDT
2024-11-19 21:00:00,0.0,BTCUSDT
2024-11-19 22:00:00,0.0,BTCUSDT
2024-11-19 23:00:00,0.0,BTCUSDT
2024-11-20 00:00:00,0.00030801157815867785,BTCUSDT
2024-11-20 01:00:00,0.0,BTCUSDT
2024-11-20 02:00:00,0.0,BTCUSDT
2024-11-20 03:00:00,0.0,BTCUSDT
2024-11-20 04:00:00,0.0,BTCUSDT
2024-11-20 05:00:00,0.0,BTCUSDT
2024-11-20 06:00:00,0.0,BTCUSDT
2024-11-20 07:00:00,0.0,BTCUSDT
2024-11-20 08:00:00,0.00013868127343794339,BTCUSDT
2024-11-20 09:00:00,0.0,BTCUSDT
2024-11-20 10:00:00,0.0,BTCUSDT
2024-11-20 11:00:00,0.0,BTCUSDT
2024-11-20 12:00:00,0.0,BTCUSDT
2024-11-20 13:00:00,0.0,BTCUSDT
2024-11-20 14:00:00,0.0,BTCUSDT
2024-11-20 15:00:00,0.0,BTCUSDT
2024-11-20 16:00:00,-8.501692409572702e-05,BTCUSDT
2024-11-20 17:00:00,0.0,BTCUSDT
2024-11-20 18:00:00,0.0,BTCUSDT
2024-11-20 19:00:00,0.0,BTCUSDT
2024-11-20 20:00:00,0.0,BTCUSDT
2024-11-20 21:00:00,0.0,BTCUSDT
2024-11-20 22:00:00,0.0,BTCUSDT
2024-11-20 23:00:00,0.0,BTCUSDT
2024-11-21 00:00:00,-6.671965659328127e-05,BTCUSDT
2024-11-21 01:00:00,0.0,BTCUSDT
2024-11-21 02:00:00,0.0,BTCUSDT
2024-11-21 03:00:00,0.0,BTCUSDT
2024-11-21 04:00:00,0.0,BTCUSDT
2024-11-21 05:00:00,0.0,BTCUSDT
2024-11-21 06:00:00,0.0,BTCUSDT
2024-11-21 07:00:00,0.0,BTCUSDT
2024-11-21 08:00:00,0.00042785130334835043,BTCUSDT
2024-11-21 09:00:00,0.0,BTCUSDT
2024-11-21 10:00:00,0.0,BTCUSDT
2024-11-21 11:00:00,0.0,BTCUSDT
2024-11-21 12:00:00,0.0,BTCUSDT
2024-11-21 13:00:00,0.0,BTCUSDT
2024-11-21 14:00:00,0.0,BTCUSDT
2024-11-21 15:00:00,0.0,BTCUSDT
2024-11-21 16:00:00,-1.5790351469784628e-05,BTCUSDT
2024-11-21 17:00:00,0.0,BTCUSDT
2024-11-21 18:00:00,0.0,BTCUSDT
2024-11-21 19:00:00,0.0,BTCUSDT
2024-11-21 20:00:00,0.0,BTCUSDT
2024-11-21 21:00:00,0.0,BTCUSDT
2024-11-21 22:00:00,0.0,BTCUSDT
2024-11-21 23:00:00,0.0,BTCUSDT
2024-11-22 00:00:00,0.0002925005183906597,BTCUSDT
2024-11-22 01:00:00,0.0,BTCUSDT
2024-11-22 02:00:00,0.0,BTCUSDT
2024-11-22 03:00:00,0.0,BTCUSDT
2024-11-22 04:00:00,0.0,BTCUSDT
2024-11-22 05:00:00,0.0,BTCUSDT
2024-11-22 06:00:00,0.0,BTCUSDT
2024-11-22 07:00:00,0.0,BTCUSDT
2024-11-22 08:00:00,0.00022838942588874025,BTCUSDT
2024-11-22 09:00:00,0.0,BTCUSDT
2024-11-22 10:00:00,0.0,BTCUSDT
2024-11-22 11:00:00,0.0,BTCUSDT
2024-11-22 12:00:00,0.0,BTCUSDT
2024-11-22 13:00:00,0.0,BTCUSDT
2024-11-22 14:00:00,0.0,BTCUSDT
2024-11-22 15:00:00,0.0,BTCUSDT
2024-11-22 16:00:00,8.742122662002837e-05,BTCUSDT
2024-11-22 17:00:00,0.0,BTCUSDT
2024-11-22 18:00:00,0.0,BTCUSDT
2024-11-22 19:00:00,0.0,BTCUSDT
2024-11-22 20:00:00,0.0,BTCUSDT
2024-11-22 21:00:00,0.0,BTCUSDT
2024-11-22 22:00:00,0.0,BTCUSDT
2024-11-22 23:00:00,0.0,BTCUSDT
2024-11-23 00:00:00,-3.0131324267238996e-05,BTCUSDT
2024-11-23 01:00:00,0.0,BTCUSDT
2024-11-23 02:00:00,0.0,BTCUSDT
2024-11-23 03:00:00,0.0,BTCUSDT
2024-11-23 04:00:00,0.0,BTCUSDT
2024-11-23 05:00:00,0.0,BTCUSDT
2024-11-23 06:00:00,0.0,BTCUSDT
2024-11-23 07:00:00,0.0,BTCUSDT
2024-11-23 08:00:00,-0.00014120447428162377,BTCUSDT
2024-11-23 09:00:00,0.0,BTCUSDT
2024-11-23 10:00:00,0.0,BTCUSDT
2024-11-23 11:00:00,0.0,BTCUSDT
2024-11-23 12:00:00,0.0,BTCUSDT
2024-11-23 13:00:00,0.0,BTCUSDT
2024-11-23 14:00:00,0.0,BTCUSDT
2024-11-23 15:00:00,0.0,BTCUSDT
2024-11-23 16:00:00,8.224630995000616e-06,BTCUSDT
2024-11-23 17:00:00,0.0,BTCUSDT
2024-11-23 18:00:00,0.0,BTCUSDT
2024-11-23 19:00:00,0.0,BTCUSDT
2024-11-23 20:00:00,0.0,BTCUSDT
2024-11-23 21:00:00,0.0,BTCUSDT
2024-11-23 22:00:00,0.0,BTCUSDT
2024-11-23 23:00:00,0.0,BTCUSDT
2024-11-24 00:00:00,0.0006730424046171926,BTCUSDT
2024-11-24 01:00:00,0.0,BTCUSDT
2024-11-24 02:00:00,0.0,BTCUSDT
2024-11-24 03:00:00,0.0,BTCUSDT
2024-11-24 04:00:00,0.0,BTCUSDT
2024-11-24 05:00:00,0.0,BTCUSDT
2024-11-24 06:00:00,0.0,BTCUSDT
2024-11-24 07:00:00,0.0,BTCUSDT
2024-11-24 08:00:00,-0.00016401543754746033,BTCUSDT
2024-11-24 09:00:00,0.0,BTCUSDT
2024-11-24 10:00:00,0.0,BTCUSDT
2024-11-24 11:00:00,0.0,BTCUSDT
2024-11-24 12:00:00,0.0,BTCUSDT
2024-11-24 13:00:00,0.0,BTCUSDT
2024-11-24 14:00:00,0.0,BTCUSDT
2024-11-24 15:00:00,0.0,BTCUSDT
2024-11-24 16:00:00,0.00021690481036748695,BTCUSDT
2024-11-24 17:00:00,0.0,BTCUSDT
2024-11-24 18:00:00,0.0,BTCUSDT
2024-11-24 19:00:00,0.0,BTCUSDT
2024-11-24 20:00:00,0.0,BTCUSDT
2024-11-24 21:00:00,0.0,BTCUSDT
2024-11-24 22:00:00,0.0,BTCUSDT
2024-11-24 23:00:00,0.0,BTCUSDT
2024-11-25 00:00:00,0.0003660864688757633,BTCUSDT
2024-11-25 01:00:00,0.0,BTCUSDT
2024-11-25 02:00:00,0.0,BTCUSDT
2024-11-25 03:00:00,0.0,BTCUSDT
2024-11-25 04:00:00,0.0,BTCUSDT
2024-11-25 05:00:00,0.0,BTCUSDT
2024-11-25 06:00:00,0.0,BTCUSDT
2024-11-25 07:00:00,0.0,BTCUSDT
2024-11-25 08:00:00,0.0003225268610406604,BTCUSDT
2024-11-25 09:00:00,0.0,BTCUSDT
2024-11-25 10:00:00,0.0,BTCUSDT
2024-11-25 11:00:00,0.0,BTCUSDT
2024-11-25 12:00:00,0.0,BTCUSDT
2024-11-25 13:00:00,0.0,BTCUSDT
2024-11-25 14:00:00,0.0,BTCUSDT
2024-11-25 15:00:00,0.0,BTCUSDT
2024-11-25 16:00:00,5.7582066015914874e-05,BTCUSDT
2024-11-25 17:00:00,0.0,BTCUSDT
2024-11-25 18:00:00,0.0,BTCUSDT
2024-11-25 19:00:00,0.0,BTCUSDT
2024-11-25 20:00:00,0.0,BTCUSDT
2024-11-25 21:00:00,0.0,BTCUSDT
2024-11-25 22:00:00,0.0,BTCUSDT
2024-11-25 23:00:00,0.0,BTCUSDT
2024-11-26 00:00:00,0.00036212118256269264,BTCUSDT
2024-11-26 01:00:00,0.0,BTCUSDT
2024-11-26 02:00:00,0.0,BTCUSDT
2024-11-26 03:00:00,0.0,BTCUSDT
2024-11-26 04:00:00,0.0,BTCUSDT
2024-11-26 05:00:00,0.0,BTCUSDT
2024-11-26 06:00:00,0.0,BTCUSDT
2024-11-26 07:00:00,0.0,BTCUSDT
2024-11-26 08:00:00,0.00016274463657938142,BTCUSDT
2024-11-26 09:00:00,0.0,BTCUSDT
2024-11-26 10:00:00,0.0,BTCUSDT
2024-11-26 11:00:00,0.0,BTCUSDT
2024-11-26 12:00:00,0.0,BTCUSDT
2024-11-26 13:00:00,0.0,BTCUSDT
2024-11-26 14:00:00,0.0,BTCUSDT
2024-11-26 15:00:00,0.0,BTCUSDT
2024-11-26 16:00:00,-0.00034371399319021995,BTCUSDT
2024-11-26 17:00:00,0.0,BTCUSDT
2024-11-26 18:00:00,0.0,BTCUSDT
2024-11-26 19:00:00,0.0,BTCUSDT
2024-11-26 20:00:00,0.0,BTCUSDT
2024-11-26 21:00:00,0.0,BTCUSDT
2024-11-26 22:00:00,0.0,BTCUSDT
2024-11-26 23:00:00,0.0,BTCUSDT
2024-11-27 00:00:00,0.0001823131438328564,BTCUSDT
2024-11-27 01:00:00,0.0,BTCUSDT
2024-11-27 02:00:00,0.0,BTCUSDT
2024-11-27 03:00:00,0.0,BTCUSDT
2024-11-27 04:00:00,0.0,BTCUSDT
2024-11-27 05:00:00,0.0,BTCUSDT
2024-11-27 06:00:00,0.0,BTCUSDT
2024-11-27 07:00:00,0.0,BTCUSDT
2024-11-27 08:00:00,4.592572017284177e-05,BTCUSDT
2024-11-27 09:00:00,0.0,BTCUSDT
2024-11-27 10:00:00,0.0,BTCUSDT
2024-11-27 11:00:00,0.0,BTCUSDT
2024-11-27 12:00:00,0.0,BTCUSDT
2024-11-27 13:00:00,0.0,BTCUSDT
2024-11-27 14:00:00,0.0,BTCUSDT
2024-11-27 15:00:00,0.0,BTCUSDT
2024-11-27 16:00:00,-2.60916908370955e-05,BTCUSDT
2024-11-27 17:00:00,0.0,BTCUSDT
2024-11-27 18:00:00,0.0,BTCUSDT
2024-11-27 19:00:00,0.0,BTCUSDT
2024-11-27 20:00:00,0.0,BTCUSDT
2024-11-27 21:00:00,0.0,BTCUSDT
2024-11-27 22:00:00,0.0,BTCUSDT
2024-11-27 23:00:00,0.0,BTCUSDT
2024-11-28 00:00:00,1.9040924115941356e-05,BTCUSDT
2024-11-28 01:00:00,0.0,BTCUSDT
2024-11-28 02:00:00,0.0,BTCUSDT
2024-11-28 03:00:00,0.0,BTCUSDT
2024-11-28 04:00:00,0.0,BTCUSDT
2024-11-28 05:00:00,0.0,BTCUSDT
2024-11-28 06:00:00,0.0,BTCUSDT
2024-11-28 07:00:00,0.0,BTCUSDT
2024-11-28 08:00:00,-9.757318202795438e-05,BTCUSDT
2024-11-28 09:00:00,0.0,BTCUSDT
2024-11-28 10:00:00,0.0,BTCUSDT
2024-11-28 11:00:00,0.0,BTCUSDT
2024-11-28 12:00:00,0.0,BTCUSDT
2024-11-28 13:00:00,0.0,BTCUSDT
2024-11-28 14:00:00,0.0,BTCUSDT
2024-11-28 15:00:00,0.0,BTCUSDT
2024-11-28 16:00:00,0.00014763426122792566,BTCUSDT
2024-11-28 17:00:00,0.0,BTCUSDT
2024-11-28 18:00:00,0.0,BTCUSDT
2024-11-28 19:00:00,0.0,BTCUSDT
2024-11-28 20:00:00,0.0,BTCUSDT
2024-11-28 21:00:00,0.0,BTCUSDT
2024-11-28 22:00:00,0.0,BTCUSDT
2024-11-28 23:00:00,0.0,BTCUSDT
2024-11-29 00:00:00,0.00042779210551996665,BTCUSDT
2024-11-29 01:00:00,0.0,BTCUSDT
2024-11-29 02:00:00,0.0,BTCUSDT
2024-11-29 03:00:00,0.0,BTCUSDT
2024-11-29 04:00:00,0.0,BTCUSDT
2024-11-29 05:00:00,0.0,BTCUSDT
2024-11-29 06:00:00,0.0,BTCUSDT
2024-11-29 07:00:00,0.0,BTCUSDT
2024-11-29 08:00:00,9.33949472560879e-05,BTCUSDT
2024-11-29 09:00:00,0.0,BTCUSDT
2024-11-29 10:00:00,0.0,BTCUSDT
2024-11-29 11:00:00,0.0,BTCUSDT
2024-11-29 12:00:00,0.0,BTCUSDT
2024-11-29 13:00:00,0.0,BTCUSDT
2024-11-29 14:00:00,0.0,BTCUSDT
2024-11-29 15:00:00,0.0,BTCUSDT
2024-11-29 16:00:00,3.7432705389695565e-05,BTCUSDT
2024-11-29 17:00:00,0.0,BTCUSDT
2024-11-29 18:00:00,0.0,BTCUSDT
2024-11-29 19:00:00,0.0,BTCUSDT
2024-11-29 20:00:00,0.0,BTCUSDT
2024-11-29 21:00:00,0.0,BTCUSDT
2024-11-29 22:00:00,0.0,BTCUSDT
2024-11-29 23:00:00,0.0,BTCUSDT
2024-11-30 00:00:00,-4.6585207621707006e-05,BTCUSDT
2024-11-30 01:00:00,0.0,BTCUSDT
2024-11-30 02:00:00,0.0,BTCUSDT
2024-11-30 03:00:00,0.0,BTCUSDT
2024-11-30 04:00:00,0.0,BTCUSDT
2024-11-30 05:00:00,0.0,BTCUSDT
2024-11-30 06:00:00,0.0,BTCUSDT
2024-11-30 07:00:00,0.0,BTCUSDT
2024-11-30 08:00:00,-0.000527702933246808,BTCUSDT
2024-11-30 09:00:00,0.0,BTCUSDT
2024-11-30 10:00:00,0.0,BTCUSDT
2024-11-30 11:00:00,0.0,BTCUSDT
2024-11-30 12:00:00,0.0,BTCUSDT
2024-11-30 13:00:00,0.0,BTCUSDT
2024-11-30 14:00:00,0.0,BTCUSDT
2024-11-30 15:00:00,0.0,BTCUSDT
2024-11-30 16:00:00,0.000382271372349125,BTCUSDT
2024-11-30 17:00:00,0.0,BTCUSDT
2024-11-30 18:00:00,0.0,BTCUSDT
2024-11-30 19:00:00,0.0,BTCUSDT
2024-11-30 20:00:00,0.0,BTCUSDT
2024-11-30 21:00:00,0.0,BTCUSDT
2024-11-30 22:00:00,0.0,BTCUSDT
2024-11-30 23:00:00,0.0,BTCUSDT
2024-12-01 00:00:00,5.9532218625982496e-05,BTCUSDT
2024-12-01 01:00:00,0.0,BTCUSDT
2024-12-01 02:00:00,0.0,BTCUSDT
2024-12-01 03:00:00,0.0,BTCUSDT
2024-12-01 04:00:00,0.0,BTCUSDT
2024-12-01 05:00:00,0.0,BTCUSDT
2024-12-01 06:00:00,0.0,BTCUSDT
2024-12-01 07:00:00,0.0,BTCUSDT
2024-12-01 08:00:00,-0.00015862445008099413,BTCUSDT
2024-12-01 09:00:00,0.0,BTCUSDT
2024-12-01 10:00:00,0.0,BTCUSDT
2024-12-01 11:00:00,0.0,BTCUSDT
2024-12-01 12:00:00,0.0,BTCUSDT
2024-12-01 13:00:00,0.0,BTCUSDT
2024-12-01 14:00:00,0.0,BTCUSDT
2024-12-01 15:00:00,0.0,BTCUSDT
2024-12-01 16:00:00,0.00011580956043005585,BTCUSDT
2024-12-01 17:00:00,0.0,BTCUSDT
2024-12-01 18:00:00,0.0,BTCUSDT
2024-12-01 19:00:00,0.0,BTCUSDT
2024-12-01 20:00:00,0.0,BTCUSDT
2024-12-01 21:00:00,0.0,BTCUSDT
2024-12-01 22:00:00,0.0,BTCUSDT
2024-12-01 23:00:00,0.0,BTCUSDT
2024-12-02 00:00:00,-7.628674104539911e-05,BTCUSDT
2024-12-02 01:00:00,0.0,BTCUSDT
2024-12-02 02:00:00,0.0,BTCUSDT
2024-12-02 03:00:00,0.0,BTCUSDT
2024-12-02 04:00:00,0.0,BTCUSDT
2024-12-02 05:00:00,0.0,BTCUSDT
2024-12-02 06:00:00,0.0,BTCUSDT
2024-12-02 07:00:00,0.0,BTCUSDT
2024-12-02 08:00:00,-2.3673004008825988e-05,BTCUSDT
2024-12-02 09:00:00,0.0,BTCUSDT
2024-12-02 10:00:00,0.0,BTCUSDT
2024-12-02 11:00:00,0.0,BTCUSDT
2024-12-02 12:00:00,0.0,BTCUSDT
2024-12-02 13:00:00,0.0,BTCUSDT
2024-12-02 14:00:00,0.0,BTCUSDT
2024-12-02 15:00:00,0.0,BTCUSDT
2024-12-02 16:00:00,-3.9472845583234174e-05,BTCUSDT
2024-12-02 17:00:00,0.0,BTCUSDT
2024-12-02 18:00:00,0.0,BTCUSDT
2024-12-02 19:00:00,0.0,BTCUSDT
2024-12-02 20:00:00,0.0,BTCUSDT
2024-12-02 21:00:00,0.0,BTCUSDT
2024-12-02 22:00:00,0.0,BTCUSDT
2024-12-02 23:00:00,0.0,BTCUSDT
2024-12-03 00:00:00,0.0001880707987755827,BTCUSDT
2024-12-03 01:00:00,0.0,BTCUSDT
2024-12-03 02:00:00,0.0,BTCUSDT
2024-12-03 03:00:00,0.0,BTCUSDT
2024-12-03 04:00:00,0.0,BTCUSDT
2024-12-03 05:00:00,0.0,BTCUSDT
2024-12-03 06:00:00,0.0,BTCUSDT
2024-12-03 07:00:00,0.0,BTCUSDT
2024-12-03 08:00:00,0.0003307005699563088,BTCUSDT
2024-12-03 09:00:00,0.0,BTCUSDT
2024-12-03 10:00:00,0.0,BTCUSDT
2024-12-03 11:00:00,0.0,BTCUSDT
2024-12-03 12:00:00,0.0,BTCUSDT
2024-12-03 13:00:00,0.0,BTCUSDT
2024-12-03 14:00:00,0.0,BTCUSDT
2024-12-03 15:00:00,0.0,BTCUSDT
2024-12-03 16:00:00,-0.0001314831580430867,BTCUSDT
2024-12-03 17:00:00,0.0,BTCUSDT
2024-12-03 18:00:00,0.0,BTCUSDT
2024-12-03 19:00:00,0.0,BTCUSDT
2024-12-03 20:00:00,0.0,BTCUSDT
2024-12-03 21:00:00,0.0,BTCUSDT
2024-12-03 22:00:00,0.0,BTCUSDT
2024-12-03 23:00:00,0.0,BTCUSDT
2024-12-04 00:00:00,-0.0002513737398803004,BTCUSDT
2024-12-04 01:00:00,0.0,BTCUSDT
2024-12-04 02:00:00,0.0,BTCUSDT
2024-12-04 03:00:00,0.0,BTCUSDT
2024-12-04 04:00:00,0.0,BTCUSDT
2024-12-04 05:00:00,0.0,BTCUSDT
2024-12-04 06:00:00,0.0,BTCUSDT
2024-12-04 07:00:00,0.0,BTCUSDT
2024-12-04 08:00:00,0.00032805011053424097,BTCUSDT
2024-12-04 09:00:00,0.0,BTCUSDT
2024-12-04 10:00:00,0.0,BTCUSDT
2024-12-04 11:00:00,0.0,BTCUSDT
2024-12-04 12:00:00,0.0,BTCUSDT
2024-12-04 13:00:00,0.0,BTCUSDT
2024-12-04 14:00:00,0.0,BTCUSDT
2024-12-04 15:00:00,0.0,BTCUSDT
2024-12-04 16:00:00,6.356788322841518e-05,BTCUSDT
2024-12-04 17:00:00,0.0,BTCUSDT
2024-12-04 18:00:00,0.0,BTCUSDT
2024-12-04 19:00:00,0.0,BTCUSDT
2024-12-04 20:00:00,0.0,BTCUSDT
2024-12-04 21:00:00,0.0,BTCUSDT
2024-12-04 22:00:00,0.0,BTCUSDT
2024-12-04 23:00:00,0.0,BTCUSDT
2024-12-05 00:00:00,-8.170050230243822e-05,BTCUSDT
2024-12-05 01:00:00,0.0,BTCUSDT
2024-12-05 02:00:00,0.0,BTCUSDT
2024-12-05 03:00:00,0.0,BTCUSDT
2024-12-05 04:00:00,0.0,BTCUSDT
2024-12-05 05:00:00,0.0,BTCUSDT
2024-12-05 06:00:00,0.0,BTCUSDT
2024-12-05 07:00:00,0.0,BTCUSDT
2024-12-05 08:00:00,0.00031690010605818513,BTCUSDT
2024-12-05 09:00:00,0.0,BTCUSDT
2024-12-05 10:00:00,0.0,BTCUSDT
2024-12-05 11:00:00,0.0,BTCUSDT
2024-12-05 12:00:00,0.0,BTCUSDT
2024-12-05 13:00:00,0.0,BTCUSDT
2024-12-05 14:00:00,0.0,BTCUSDT
2024-12-05 15:00:00,0.0,BTCUSDT
2024-12-05 16:00:00,-8.845366594338925e-07,BTCUSDT
2024-12-05 17:00:00,0.0,BTCUSDT
2024-12-05 18:00:00,0.0,BTCUSDT
2024-12-05 19:00:00,0.0,BTCUSDT
2024-12-05 20:00:00,0.0,BTCUSDT
2024-12-05 21:00:00,0.0,BTCUSDT
2024-12-05 22:00:00,0.0,BTCUSDT
2024-12-05 23:00:00,0.0,BTCUSDT
2024-12-06 00:00:00,7.165825565963516e-05,BTCUSDT
2024-12-06 01:00:00,0.0,BTCUSDT
2024-12-06 02:00:00,0.0,BTCUSDT
2024-12-06 03:00:00,0.0,BTCUSDT
2024-12-06 04:00:00,0.0,BTCUSDT
2024-12-06 05:00:00,0.0,BTCUSDT
2024-12-06 06:00:00,0.0,BTCUSDT
2024-12-06 07:00:00,0.0,BTCUSDT
2024-12-06 08:00:00,-5.0640756318194165e-05,BTCUSDT
2024-12-06 09:00:00,0.0,BTCUSDT
2024-12-06 10:00:00,0.0,BTCUSDT
2024-12-06 11:00:00,0.0,BTCUSDT
2024-12-06 12:00:00,0.0,BTCUSDT
2024-12-06 13:00:00,0.0,BTCUSDT
2024-12-06 14:00:00,0.0,BTCUSDT
2024-12-06 15:00:00,0.0,BTCUSDT
2024-12-06 16:00:00,0.0004200195693640957,BTCUSDT
2024-12-06 17:00:00,0.0,BTCUSDT
2024-12-06 18:00:00,0.0,BTCUSDT
2024-12-06 19:00:00,0.0,BTCUSDT
2024-12-06 20:00:00,0.0,BTCUSDT
2024-12-06 21:00:00,0.0,BTCUSDT
2024-12-06 22:00:00,0.0,BTCUSDT
2024-12-06 23:00:00,0.0,BTCUSDT
2024-12-07 00:00:00,0.00011077946940664127,BTCUSDT
2024-12-07 01:00:00,0.0,BTCUSDT
2024-12-07 02:00:00,0.0,BTCUSDT
2024-12-07 03:00:00,0.0,BTCUSDT
2024-12-07 04:00:00,0.0,BTCUSDT
2024-12-07 05:00:00,0.0,BTCUSDT
2024-12-07 06:00:00,0.0,BTCUSDT
2024-12-07 07:00:00,0.0,BTCUSDT
2024-12-07 08:00:00,8.583263041678196e-05,BTCUSDT
2024-12-07 09:00:00,0.0,BTCUSDT
2024-12-07 10:00:00,0.0,BTCUSDT
2024-12-07 11:00:00,0.0,BTCUSDT
2024-12-07 12:00:00,0.0,BTCUSDT
2024-12-07 13:00:00,0.0,BTCUSDT
2024-12-07 14:00:00,0.0,BTCUSDT
2024-12-07 15:00:00,0.0,BTCUSDT
2024-12-07 16:00:00,-0.0006673311096918739,BTCUSDT
2024-12-07 17:00:00,0.0,BTCUSDT
2024-12-07 18:00:00,0.0,BTCUSDT
2024-12-07 19:00:00,0.0,BTCUSDT
2024-12-07 20:00:00,0.0,BTCUSDT
2024-12-07 21:00:00,0.0,BTCUSDT
2024-12-07 22:00:00,0.0,BTCUSDT
2024-12-07 23:00:00,0.0,BTCUSDT
2024-12-08 00:00:00,-0.00011554414915832032,BTCUSDT
2024-12-08 01:00:00,0.0,BTCUSDT
2024-12-08 02:00:00,0.0,BTCUSDT
2024-12-08 03:00:00,0.0,BTCUSDT
2024-12-08 04:00:00,0.0,BTCUSDT
2024-12-08 05:00:00,0.0,BTCUSDT
2024-12-08 06:00:00,0.0,BTCUSDT
2024-12-08 07:00:00,0.0,BTCUSDT
2024-12-08 08:00:00,0.0003970954738545099,BTCUSDT
2024-12-08 09:00:00,0.0,BTCUSDT
2024-12-08 10:00:00,0.0,BTCUSDT
2024-12-08 11:00:00,0.0,BTCUSDT
2024-12-08 12:00:00,0.0,BTCUSDT
2024-12-08 13:00:00,0.0,BTCUSDT
2024-12-08 14:00:00,0.0,BTCUSDT
2024-12-08 15:00:00,0.0,BTCUSDT
2024-12-08 16:00:00,0.0002842051679461987,BTCUSDT
2024-12-08 17:00:00,0.0,BTCUSDT
2024-12-08 18:00:00,0.0,BTCUSDT
2024-12-08 19:00:00,0.0,BTCUSDT
2024-12-08 20:00:00,0.0,BTCUSDT
2024-12-08 21:00:00,0.0,BTCUSDT
2024-12-08 22:00:00,0.0,BTCUSDT
2024-12-08 23:00:00,0.0,BTCUSDT
2024-12-09 00:00:00,-0.00030892580076025367,BTCUSDT
2024-12-09 01:00:00,0.0,BTCUSDT
2024-12-09 02:00:00,0.0,BTCUSDT
2024-12-09 03:00:00,0.0,BTCUSDT
2024-12-09 04:00:00,0.0,BTCUSDT
2024-12-09 05:00:00,0.0,BTCUSDT
2024-12-09 06:00:00,0.0,BTCUSDT
2024-12-09 07:00:00,0.0,BTCUSDT
2024-12-09 08:00:00,0.00014256487973399374,BTCUSDT
2024-12-09 09:00:00,0.0,BTCUSDT
2024-12-09 10:00:00,0.0,BTCUSDT
2024-12-09 11:00:00,0.0,BTCUSDT
2024-12-09 12:00:00,0.0,BTCUSDT
2024-12-09 13:00:00,0.0,BTCUSDT
2024-12-09 14:00:00,0.0,BTCUSDT
2024-12-09 15:00:00,0.0,BTCUSDT
2024-12-09 16:00:00,0.0007754765838165293,BTCUSDT
2024-12-09 17:00:00,0.0,BTCUSDT
2024-12-09 18:00:00,0.0,BTCUSDT
2024-12-09 19:00:00,0.0,BTCUSDT
2024-12-09 20:00:00,0.0,BTCUSDT
2024-12-09 21:00:00,0.0,BTCUSDT
2024-12-09 22:00:00,0.0,BTCUSDT
2024-12-09 23:00:00,0.0,BTCUSDT
2024-12-10 00:00:00,0.0003243378284775838,BTCUSDT
2024-12-10 01:00:00,0.0,BTCUSDT
2024-12-10 02:00:00,0.0,BTCUSDT
2024-12-10 03:00:00,0.0,BTCUSDT
2024-12-10 04:00:00,0.0,BTCUSDT
2024-12-10 05:00:00,0.0,BTCUSDT
2024-12-10 06:00:00,0.0,BTCUSDT
2024-12-10 07:00:00,0.0,BTCUSDT
2024-12-10 08:00:00,-0.00034316448500413367,BTCUSDT
2024-12-10 09:00:00,0.0,BTCUSDT
2024-12-10 10:00:00,0.0,BTCUSDT
2024-12-10 11:00:00,0.0,BTCUSDT
2024-12-10 12:00:00,0.0,BTCUSDT
2024-12-10 13:00:00,0.0,BTCUSDT
2024-12-10 14:00:00,0.0,BTCUSDT
2024-12-10 15:00:00,0.0,BTCUSDT
2024-12-10 16:00:00,-6.4287780346204134e-06,BTCUSDT
2024-12-10 17:00:00,0.0,BTCUSDT
2024-12-10 18:00:00,0.0,BTCUSDT
2024-12-10 19:00:00,0.0,BTCUSDT
2024-12-10 20:00:00,0.0,BTCUSDT
2024-12-10 21:00:00,0.0,BTCUSDT
2024-12-10 22:00:00,0.0,BTCUSDT
2024-12-10 23:00:00,0.0,BTCUSDT
2024-12-11 00:00:00,3.6664090813150104e-05,BTCUSDT
2024-12-11 01:00:00,0.0,BTCUSDT
2024-12-11 02:00:00,0.0,BTCUSDT
2024-12-11 03:00:00,0.0,BTCUSDT
2024-12-11 04:00:00,0.0,BTCUSDT
2024-12-11 05:00:00,0.0,BTCUSDT
2024-12-11 06:00:00,0.0,BTCUSDT
2024-12-11 07:00:00,0.0,BTCUSDT
2024-12-11 08:00:00,-2.671790309876253e-05,BTCUSDT
2024-12-11 09:00:00,0.0,BTCUSDT
2024-12-11 10:00:00,0.0,BTCUSDT
2024-12-11 11:00:00,0.0,BTCUSDT
2024-12-11 12:00:00,0.0,BTCUSDT
2024-12-11 13:00:00,0.0,BTCUSDT
2024-12-11 14:00:00,0.0,BTCUSDT
2024-12-11 15:00:00,0.0,BTCUSDT
2024-12-11 16:00:00,0.0004948157375490048,BTCUSDT
2024-12-11 17:00:00,0.0,BTCUSDT
2024-12-11 18:00:00,0.0,BTCUSDT
2024-12-11 19:00:00,0.0,BTCUSDT
2024-12-11 20:00:00,0.0,BTCUSDT
2024-12-11 21:00:00,0.0,BTCUSDT
2024-12-11 22:00:00,0.0,BTCUSDT
2024-12-11 23:00:00,0.0,BTCUSDT
2024-12-12 00:00:00,0.0002662997733863324,BTCUSDT
2024-12-12 01:00:00,0.0,BTCUSDT
2024-12-12 02:00:00,0.0,BTCUSDT
2024-12-12 03:00:00,0.0,BTCUSDT
2024-12-12 04:00:00,0.0,BTCUSDT
2024-12-12 05:00:00,0.0,BTCUSDT
2024-12-12 06:00:00,0.0,BTCUSDT
2024-12-12 07:00:00,0.0,BTCUSDT
2024-12-12 08:00:00,0.00014841413405759348,BTCUSDT
2024-12-12 09:00:00,0.0,BTCUSDT
2024-12-12 10:00:00,0.0,BTCUSDT
2024-12-12 11:00:00,0.0,BTCUSDT
2024-12-12 12:00:00,0.0,BTCUSDT
2024-12-12 13:00:00,0.0,BTCUSDT
2024-12-12 14:00:00,0.0,BTCUSDT
2024-12-12 15:00:00,0.0,BTCUSDT
2024-12-12 16:00:00,-0.0003020433309132126,BTCUSDT
2024-12-12 17:00:00,0.0,BTCUSDT
2024-12-12 18:00:00,0.0,BTCUSDT
2024-12-12 19:00:00,0.0,BTCUSDT
2024-12-12 20:00:00,0.0,BTCUSDT
2024-12-12 21:00:00,0.0,BTCUSDT
2024-12-12 22:00:00,0.0,BTCUSDT
2024-12-12 23:00:00,0.0,BTCUSDT
2024-12-13 00:00:00,0.00011130212969311128,BTCUSDT
2024-12-13 01:00:00,0.0,BTCUSDT
2024-12-13 02:00:00,0.0,BTCUSDT
2024-12-13 03:00:00,0.0,BTCUSDT
2024-12-13 04:00:00,0.0,BTCUSDT
2024-12-13 05:00:00,0.0,BTCUSDT
2024-12-13 06:00:00,0.0,BTCUSDT
2024-12-13 07:00:00,0.0,BTCUSDT
2024-12-13 08:00:00,-9.405426518164778e-05,BTCUSDT
2024-12-13 09:00:00,0.0,BTCUSDT
2024-12-13 10:00:00,0.0,BTCUSDT
2024-12-13 11:00:00,0.0,BTCUSDT
2024-12-13 12:00:00,0.0,BTCUSDT
2024-12-13 13:00:00,0.0,BTCUSDT
2024-12-13 14:00:00,0.0,BTCUSDT
2024-12-13 15:00:00,0.0,BTCUSDT
2024-12-13 16:00:00,-0.000297989253964225,BTCUSDT
2024-12-13 17:00:00,0.0,BTCUSDT
2024-12-13 18:00:00,0.0,BTCUSDT
2024-12-13 19:00:00,0.0,BTCUSDT
2024-12-13 20:00:00,0.0,BTCUSDT
2024-12-13 21:00:00,0.0,BTCUSDT
2024-12-13 22:00:00,0.0,BTCUSDT
2024-12-13 23:00:00,0.0,BTCUSDT
2024-12-14 00:00:00,0.0001857522517761528,BTCUSDT
2024-12-14 01:00:00,0.0,BTCUSDT
2024-12-14 02:00:00,0.0,BTCUSDT
2024-12-14 03:00:00,0.0,BTCUSDT
2024-12-14 04:00:00,0.0,BTCUSDT
2024-12-14 05:00:00,0.0,BTCUSDT
2024-12-14 06:00:00,0.0,BTCUSDT
2024-12-14 07:00:00,0.0,BTCUSDT
2024-12-14 08:00:00,0.00023104672570275212,BTCUSDT
2024-12-14 09:00:00,0.0,BTCUSDT
2024-12-14 10:00:00,0.0,BTCUSDT
2024-12-14 11:00:00,0.0,BTCUSDT
2024-12-14 12:00:00,0.0,BTCUSDT
2024-12-14 13:00:00,0.0,BTCUSDT
2024-12-14 14:00:00,0.0,BTCUSDT
2024-12-14 15:00:00,0.0,BTCUSDT
2024-12-14 16:00:00,0.0004252861469217719,BTCUSDT
2024-12-14 17:00:00,0.0,BTCUSDT
2024-12-14 18:00:00,0.0,BTCUSDT
2024-12-14 19:00:00,0.0,BTCUSDT
2024-12-14 20:00:00,0.0,BTCUSDT
2024-12-14 21:00:00,0.0,BTCUSDT
2024-12-14 22:00:00,0.0,BTCUSDT
2024-12-14 23:00:00,0.0,BTCUSDT
2024-12-15 00:00:00,-0.0001728941707234562,BTCUSDT
2024-12-15 01:00:00,0.0,BTCUSDT
2024-12-15 02:00:00,0.0,BTCUSDT
2024-12-15 03:00:00,0.0,BTCUSDT
2024-12-15 04:00:00,0.0,BTCUSDT
2024-12-15 05:00:00,0.0,BTCUSDT
2024-12-15 06:00:00,0.0,BTCUSDT
2024-12-15 07:00:00,0.0,BTCUSDT
2024-12-15 08:00:00,0.00012468583634072975,BTCUSDT
2024-12-15 09:00:00,0.0,BTCUSDT
2024-12-15 10:00:00,0.0,BTCUSDT
2024-12-15 11:00:00,0.0,BTCUSDT
2024-12-15 12:00:00,0.0,BTCUSDT
2024-12-15 13:00:00,0.0,BTCUSDT
2024-12-15 14:00:00,0.0,BTCUSDT
2024-12-15 15:00:00,0.0,BTCUSDT
2024-12-15 16:00:00,0.00041482935720648176,BTCUSDT
2024-12-15 17:00:00,0.0,BTCUSDT
2024-12-15 18:00:00,0.0,BTCUSDT
2024-12-15 19:00:00,0.0,BTCUSDT
2024-12-15 20:00:00,0.0,BTCUSDT
2024-12-15 21:00:00,0.0,BTCUSDT
2024-12-15 22:00:00,0.0,BTCUSDT
2024-12-15 23:00:00,0.0,BTCUSDT
2024-12-16 00:00:00,0.00014677302020184942,BTCUSDT
2024-12-16 01:00:00,0.0,BTCUSDT
2024-12-16 02:00:00,0.0,BTCUSDT
2024-12-16 03:00:00,0.0,BTCUSDT
2024-12-16 04:00:00,0.0,BTCUSDT
2024-12-16 05:00:00,0.0,BTCUSDT
2024-12-16 06:00:00,0.0,BTCUSDT
2024-12-16 07:00:00,0.0,BTCUSDT
2024-12-16 08:00:00,-2.541856495445921e-05,BTCUSDT
2024-12-16 09:00:00,0.0,BTCUSDT
2024-12-16 10:00:00,0.0,BTCUSDT
2024-12-16 11:00:00,0.0,BTCUSDT
2024-12-16 12:00:00,0.0,BTCUSDT
2024-12-16 13:00:00,0.0,BTCUSDT
2024-12-16 14:00:00,0.0,BTCUSDT
2024-12-16 15:00:00,0.0,BTCUSDT
2024-12-16 16:00:00,8.70455480404247e-05,BTCUSDT
2024-12-16 17:00:00,0.0,BTCUSDT
2024-12-16 18:00:00,0.0,BTCUSDT
2024-12-16 19:00:00,0.0,BTCUSDT
2024-12-16 20:00:00,0.0,BTCUSDT
2024-12-16 21:00:00,0.0,BTCUSDT
2024-12-16 22:00:00,0.0,BTCUSDT
2024-12-16 23:00:00,0.0,BTCUSDT
2024-12-17 00:00:00,0.0002226920331343674,BTCUSDT
2024-12-17 01:00:00,0.0,BTCUSDT
2024-12-17 02:00:00,0.0,BTCUSDT
2024-12-17 03:00:00,0.0,BTCUSDT
2024-12-17 04:00:00,0.0,BTCUSDT
2024-12-17 05:00:00,0.0,BTCUSDT
2024-12-17 06:00:00,0.0,BTCUSDT
2024-12-17 07:00:00,0.0,BTCUSDT
2024-12-17 08:00:00,-2.73690428540779e-05,BTCUSDT
2024-12-17 09:00:00,0.0,BTCUSDT
2024-12-17 10:00:00,0.0,BTCUSDT
2024-12-17 11:00:00,0.0,BTCUSDT
2024-12-17 12:00:00,0.0,BTCUSDT
2024-12-17 13:00:00,0.0,BTCUSDT
2024-12-17 14:00:00,0.0,BTCUSDT
2024-12-17 15:00:00,0.0,BTCUSDT
2024-12-17 16:00:00,-5.9131026765161526e-05,BTCUSDT
2024-12-17 17:00:00,0.0,BTCUSDT
2024-12-17 18:00:00,0.0,BTCUSDT
2024-12-17 19:00:00,0.0,BTCUSDT
2024-12-17 20:00:00,0.0,BTCUSDT
2024-12-17 21:00:00,0.0,BTCUSDT
2024-12-17 22:00:00,0.0,BTCUSDT
2024-12-17 23:00:00,0.0,BTCUSDT
2024-12-18 00:00:00,-5.7314418311570035e-05,BTCUSDT
2024-12-18 01:00:00,0.0,BTCUSDT
2024-12-18 02:00:00,0.0,BTCUSDT
2024-12-18 03:00:00,0.0,BTCUSDT
2024-12-18 04:00:00,0.0,BTCUSDT
2024-12-18 05:00:00,0.0,BTCUSDT
2024-12-18 06:00:00,0.0,BTCUSDT
2024-12-18 07:00:00,0.0,BTCUSDT
2024-12-18 08:00:00,0.0003014608714946525,BTCUSDT
2024-12-18 09:00:00,0.0,BTCUSDT
2024-12-18 10:00:00,0.0,BTCUSDT
2024-12-18 11:00:00,0.0,BTCUSDT
2024-12-18 12:00:00,0.0,BTCUSDT
2024-12-18 13:00:00,0.0,BTCUSDT
2024-12-18 14:00:00,0.0,BTCUSDT
2024-12-18 15:00:00,0.0,BTCUSDT
2024-12-18 16:00:00,0.000297721758699835,BTCUSDT
2024-12-18 17:00:00,0.0,BTCUSDT
2024-12-18 18:00:00,0.0,BTCUSDT
2024-12-18 19:00:00,0.0,BTCUSDT
2024-12-18 20:00:00,0.0,BTCUSDT
2024-12-18 21:00:00,0.0,BTCUSDT
2024-12-18 22:00:00,0.0,BTCUSDT
2024-12-18 23:00:00,0.0,BTCUSDT
2024-12-19 00:00:00,-3.167654358808909e-05,BTCUSDT
2024-12-19 01:00:00,0.0,BTCUSDT
2024-12-19 02:00:00,0.0,BTCUSDT
2024-12-19 03:00:00,0.0,BTCUSDT
2024-12-19 04:00:00,0.0,BTCUSDT
2024-12-19 05:00:00,0.0,BTCUSDT
2024-12-19 06:00:00,0.0,BTCUSDT
2024-12-19 07:00:00,0.0,BTCUSDT
2024-12-19 08:00:00,3.564945920195833e-05,BTCUSDT
2024-12-19 09:00:00,0.0,BTCUSDT
2024-12-19 10:00:00,0.0,BTCUSDT
2024-12-19 11:00:00,0.0,BTCUSDT
2024-12-19 12:00:00,0.0,BTCUSDT
2024-12-19 13:00:00,0.0,BTCUSDT
2024-12-19 14:00:00,0.0,BTCUSDT
2024-12-19 15:00:00,0.0,BTCUSDT
2024-12-19 16:00:00,0.00021422824840761475,BTCUSDT
2024-12-19 17:00:00,0.0,BTCUSDT
2024-12-19 18:00:00,0.0,BTCUSDT
2024-12-19 19:00:00,0.0,BTCUSDT
2024-12-19 20:00:00,0.0,BTCUSDT
2024-12-19 21:00:00,0.0,BTCUSDT
2024-12-19 22:00:00,0.0,BTCUSDT
2024-12-19 23:00:00,0.0,BTCUSDT
2024-12-20 00:00:00,0.00020709174948192673,BTCUSDT
2024-12-20 01:00:00,0.0,BTCUSDT
2024-12-20 02:00:00,0.0,BTCUSDT
2024-12-20 03:00:00,0.0,BTCUSDT
2024-12-20 04:00:00,0.0,BTCUSDT
2024-12-20 05:00:00,0.0,BTCUSDT
2024-12-20 06:00:00,0.0,BTCUSDT
2024-12-20 07:00:00,0.0,BTCUSDT
2024-12-20 08:00:00,-0.0001744819475122614,BTCUSDT
2024-12-20 09:00:00,0.0,BTCUSDT
2024-12-20 10:00:00,0.0,BTCUSDT
2024-12-20 11:00:00,0.0,BTCUSDT
2024-12-20 12:00:00,0.0,BTCUSDT
2024-12-20 13:00:00,0.0,BTCUSDT
2024-12-20 14:00:00,0.0,BTCUSDT
2024-12-20 15:00:00,0.0,BTCUSDT
2024-12-20 16:00:00,0.00014756590815166718,BTCUSDT
2024-12-20 17:00:00,0.0,BTCUSDT
2024-12-20 18:00:00,0.0,BTCUSDT
2024-12-20 19:00:00,0.0,BTCUSDT
2024-12-20 20:00:00,0.0,BTCUSDT
2024-12-20 21:00:00,0.0,BTCUSDT
2024-12-20 22:00:00,0.0,BTCUSDT
2024-12-20 23:00:00,0.0,BTCUSDT
2024-12-21 00:00:00,5.327860780342692e-05,BTCUSDT
2024-12-21 01:00:00,0.0,BTCUSDT
2024-12-21 02:00:00,0.0,BTCUSDT
2024-12-21 03:00:00,0.0,BTCUSDT
2024-12-21 04:00:00,0.0,BTCUSDT
2024-12-21 05:00:00,0.0,BTCUSDT
2024-12-21 06:00:00,0.0,BTCUSDT
2024-12-21 07:00:00,0.0,BTCUSDT
2024-12-21 08:00:00,0.0003020758626566527,BTCUSDT
2024-12-21 09:00:00,0.0,BTCUSDT
2024-12-21 10:00:00,0.0,BTCUSDT
2024-12-21 11:00:00,0.0,BTCUSDT
2024-12-21 12:00:00,0.0,BTCUSDT
2024-12-21 13:00:00,0.0,BTCUSDT
2024-12-21 14:00:00,0.0,BTCUSDT
2024-12-21 15:00:00,0.0,BTCUSDT
2024-12-21 16:00:00,0.00022770866345351985,BTCUSDT
2024-12-21 17:00:00,0.0,BTCUSDT
2024-12-21 18:00:00,0.0,BTCUSDT
2024-12-21 19:00:00,0.0,BTCUSDT
2024-12-21 20:00:00,0.0,BTCUSDT
2024-12-21 21:00:00,0.0,BTCUSDT
2024-12-21 22:00:00,0.0,BTCUSDT
2024-12-21 23:00:00,0.0,BTCUSDT
2024-12-22 00:00:00,0.00011215707450026058,BTCUSDT
2024-12-22 01:00:00,0.0,BTCUSDT
2024-12-22 02:00:00,0.0,BTCUSDT
2024-12-22 03:00:00,0.0,BTCUSDT
2024-12-22 04:00:00,0.0,BTCUSDT
2024-12-22 05:00:00,0.0,BTCUSDT
2024-12-22 06:00:00,0.0,BTCUSDT
2024-12-22 07:00:00,0.0,BTCUSDT
2024-12-22 08:00:00,0.00020539627827275065,BTCUSDT
2024-12-22 09:00:00,0.0,BTCUSDT
2024-12-22 10:00:00,0.0,BTCUSDT
2024-12-22 11:00:00,0.0,BTCUSDT
2024-12-22 12:00:00,0.0,BTCUSDT
2024-12-22 13:00:00,0.0,BTCUSDT
2024-12-22 14:00:00,0.0,BTCUSDT
2024-12-22 15:00:00,0.0,BTCUSDT
2024-12-22 16:00:00,1.9758158691064463e-05,BTCUSDT
2024-12-22 17:00:00,0.0,BTCUSDT
2024-12-22 18:00:00,0.0,BTCUSDT
2024-12-22 19:00:00,0.0,BTCUSDT
2024-12-22 20:00:00,0.0,BTCUSDT
2024-12-22 21:00:00,0.0,BTCUSDT
2024-12-22 22:00:00,0.0,BTCUSDT
2024-12-22 23:00:00,0.0,BTCUSDT
2024-12-23 00:00:00,0.00018916777504584934,BTCUSDT
2024-12-23 01:00:00,0.0,BTCUSDT
2024-12-23 02:00:00,0.0,BTCUSDT
2024-12-23 03:00:00,0.0,BTCUSDT
2024-12-23 04:00:00,0.0,BTCUSDT
2024-12-23 05:00:00,0.0,BTCUSDT
2024-12-23 06:00:00,0.0,BTCUSDT
2024-12-23 07:00:00,0.0,BTCUSDT
2024-12-23 08:00:00,0.00010327484838625875,BTCUSDT
2024-12-23 09:00:00,0.0,BTCUSDT
2024-12-23 10:00:00,0.0,BTCUSDT
2024-12-23 11:00:00,0.0,BTCUSDT
2024-12-23 12:00:00,0.0,BTCUSDT
2024-12-23 13:00:00,0.0,BTCUSDT
2024-12-23 14:00:00,0.0,BTCUSDT
2024-12-23 15:00:00,0.0,BTCUSDT
2024-12-23 16:00:00,4.68159851608896e-05,BTCUSDT
2024-12-23 17:00:00,0.0,BTCUSDT
2024-12-23 18:00:00,0.0,BTCUSDT
2024-12-23 19:00:00,0.0,BTCUSDT
2024-12-23 20:00:00,0.0,BTCUSDT
2024-12-23 21:00:00,0.0,BTCUSDT
2024-12-23 22:00:00,0.0,BTCUSDT
2024-12-23 23:00:00,0.0,BTCUSDT
2024-12-24 00:00:00,0.00048717220513612094,BTCUSDT
2024-12-24 01:00:00,0.0,BTCUSDT
2024-12-24 02:00:00,0.0,BTCUSDT
2024-12-24 03:00:00,0.0,BTCUSDT
2024-12-24 04:00:00,0.0,BTCUSDT
2024-12-24 05:00:00,0.0,BTCUSDT
2024-12-24 06:00:00,0.0,BTCUSDT
2024-12-24 07:00:00,0.0,BTCUSDT
2024-12-24 08:00:00,2.3163666858604898e-05,BTCUSDT
2024-12-24 09:00:00,0.0,BTCUSDT
2024-12-24 10:00:00,0.0,BTCUSDT
2024-12-24 11:00:00,0.0,BTCUSDT
2024-12-24 12:00:00,0.0,BTCUSDT
2024-12-24 13:00:00,0.0,BTCUSDT
2024-12-24 14:00:00,0.0,BTCUSDT
2024-12-24 15:00:00,0.0,BTCUSDT
2024-12-24 16:00:00,-0.0004017914356990152,BTCUSDT
2024-12-24 17:00:00,0.0,BTCUSDT
2024-12-24 18:00:00,0.0,BTCUSDT
2024-12-24 19:00:00,0.0,BTCUSDT
2024-12-24 20:00:00,0.0,BTCUSDT
2024-12-24 21:00:00,0.0,BTCUSDT
2024-12-24 22:00:00,0.0,BTCUSDT
2024-12-24 23:00:00,0.0,BTCUSDT
2024-12-25 00:00:00,-0.00019944647889683466,BTCUSDT
2024-12-25 01:00:00,0.0,BTCUSDT
2024-12-25 02:00:00,0.0,BTCUSDT
2024-12-25 03:00:00,0.0,BTCUSDT
2024-12-25 04:00:00,0.0,BTCUSDT
2024-12-25 05:00:00,0.0,BTCUSDT
2024-12-25 06:00:00,0.0,BTCUSDT
2024-12-25 07:00:00,0.0,BTCUSDT
2024-12-25 08:00:00,0.00030439255533562835,BTCUSDT
2024-12-25 09:00:00,0.0,BTCUSDT
2024-12-25 10:00:00,0.0,BTCUSDT
2024-12-25 11:00:00,0.0,BTCUSDT
2024-12-25 12:00:00,0.0,BTCUSDT
2024-12-25 13:00:00,0.0,BTCUSDT
2024-12-25 14:00:00,0.0,BTCUSDT
2024-12-25 15:00:00,0.0,BTCUSDT
2024-12-25 16:00:00,0.00040308276306964184,BTCUSDT
2024-12-25 17:00:00,0.0,BTCUSDT
2024-12-25 18:00:00,0.0,BTCUSDT
2024-12-25 19:00:00,0.0,BTCUSDT
2024-12-25 20:00:00,0.0,BTCUSDT
2024-12-25 21:00:00,0.0,BTCUSDT
2024-12-25 22:00:00,0.0,BTCUSDT
2024-12-25 23:00:00,0.0,BTCUSDT
2024-12-26 00:00:00,0.0004234089849043365,BTCUSDT
2024-12-26 01:00:00,0.0,BTCUSDT
2024-12-26 02:00:00,0.0,BTCUSDT
2024-12-26 03:00:00,0.0,BTCUSDT
2024-12-26 04:00:00,0.0,BTCUSDT
2024-12-26 05:00:00,0.0,BTCUSDT
2024-12-26 06:00:00,0.0,BTCUSDT
2024-12-26 07:00:00,0.0,BTCUSDT
2024-12-26 08:00:00,0.00014938121268332237,BTCUSDT
2024-12-26 09:00:00,0.0,BTCUSDT
2024-12-26 10:00:00,0.0,BTCUSDT
2024-12-26 11:00:00,0.0,BTCUSDT
2024-12-26 12:00:00,0.0,BTCUSDT
2024-12-26 13:00:00,0.0,BTCUSDT
2024-12-26 14:00:00,0.0,BTCUSDT
2024-12-26 15:00:00,0.0,BTCUSDT
2024-12-26 16:00:00,2.881301658260585e-05,BTCUSDT
2024-12-26 17:00:00,0.0,BTCUSDT
2024-12-26 18:00:00,0.0,BTCUSDT
2024-12-26 19:00:00,0.0,BTCUSDT
2024-12-26 20:00:00,0.0,BTCUSDT
2024-12-26 21:00:00,0.0,BTCUSDT
2024-12-26 22:00:00,0.0,BTCUSDT
2024-12-26 23:00:00,0.0,BTCUSDT
2024-12-27 00:00:00,3.502841470029078e-05,BTCUSDT
2024-12-27 01:00:00,0.0,BTCUSDT
2024-12-27 02:00:00,0.0,BTCUSDT
2024-12-27 03:00:00,0.0,BTCUSDT
2024-12-27 04:00:00,0.0,BTCUSDT
2024-12-27 05:00:00,0.0,BTCUSDT
2024-12-27 06:00:00,0.0,BTCUSDT
2024-12-27 07:00:00,0.0,BTCUSDT
2024-12-27 08:00:00,8.651068828896358e-05,BTCUSDT
2024-12-27 09:00:00,0.0,BTCUSDT
2024-12-27 10:00:00,0.0,BTCUSDT
2024-12-27 11:00:00,0.0,BTCUSDT
2024-12-27 12:00:00,0.0,BTCUSDT
2024-12-27 13:00:00,0.0,BTCUSDT
2024-12-27 14:00:00,0.0,BTCUSDT
2024-12-27 15:00:00,0.0,BTCUSDT
2024-12-27 16:00:00,-0.00012482437177215467,BTCUSDT
2024-12-27 17:00:00,0.0,BTCUSDT
2024-12-27 18:00:00,0.0,BTCUSDT
2024-12-27 19:00:00,0.0,BTCUSDT
2024-12-27 20:00:00,0.0,BTCUSDT
2024-12-27 21:00:00,0.0,BTCUSDT
2024-12-27 22:00:00,0.0,BTCUSDT
2024-12-27 23:00:00,0.0,BTCUSDT
2024-12-28 00:00:00,0.0005074421279436716,BTCUSDT
2024-12-28 01:00:00,0.0,BTCUSDT
2024-12-28 02:00:00,0.0,BTCUSDT
2024-12-28 03:00:00,0.0,BTCUSDT
2024-12-28 04:00:00,0.0,BTCUSDT
2024-12-28 05:00:00,0.0,BTCUSDT
2024-12-28 06:00:00,0.0,BTCUSDT
2024-12-28 07:00:00,0.0,BTCUSDT
2024-12-28 08:00:00,0.0005691248323792882,BTCUSDT
2024-12-28 09:00:00,0.0,BTCUSDT
2024-12-28 10:00:00,0.0,BTCUSDT
2024-12-28 11:00:00,0.0,BTCUSDT
2024-12-28 12:00:00,0.0,BTCUSDT
2024-12-28 13:00:00,0.0,BTCUSDT
2024-12-28 14:00:00,0.0,BTCUSDT
2024-12-28 15:00:00,0.0,BTCUSDT
2024-12-28 16:00:00,0.00044886222294862225,BTCUSDT
2024-12-28 17:00:00,0.0,BTCUSDT
2024-12-28 18:00:00,0.0,BTCUSDT
2024-12-28 19:00:00,0.0,BTCUSDT
2024-12-28 20:00:00,0.0,BTCUSDT
2024-12-28 21:00:00,0.0,BTCUSDT
2024-12-28 22:00:00,0.0,BTCUSDT
2024-12-28 23:00:00,0.0,BTCUSDT
2024-12-29 00:00:00,-0.00013357306145834205,BTCUSDT
2024-12-29 01:00:00,0.0,BTCUSDT
2024-12-29 02:00:00,0.0,BTCUSDT
2024-12-29 03:00:00,0.0,BTCUSDT
2024-12-29 04:00:00,0.0,BTCUSDT
2024-12-29 05:00:00,0.0,BTCUSDT
2024-12-29 06:00:00,0.0,BTCUSDT
2024-12-29 07:00:00,0.0,BTCUSDT
2024-12-29 08:00:00,3.809802281455415e-05,BTCUSDT
2024-12-29 09:00:00,0.0,BTCUSDT
2024-12-29 10:00:00,0.0,BTCUSDT
2024-12-29 11:00:00,0.0,BTCUSDT
2024-12-29 12:00:00,0.0,BTCUSDT
2024-12-29 13:00:00,0.0,BTCUSDT
2024-12-29 14:00:00,0.0,BTCUSDT
2024-12-29 15:00:00,0.0,BTCUSDT
2024-12-29 16:00:00,0.0001826294951905245,BTCUSDT
2024-12-29 17:00:00,0.0,BTCUSDT
2024-12-29 18:00:00,0.0,BTCUSDT
2024-12-29 19:00:00,0.0,BTCUSDT
2024-12-29 20:00:00,0.0,BTCUSDT
2024-12-29 21:00:00,0.0,BTCUSDT
2024-12-29 22:00:00,0.0,BTCUSDT
2024-12-29 23:00:00,0.0,BTCUSDT
2024-12-30 00:00:00,0.00014142788735571371,BTCUSDT
2024-12-30 01:00:00,0.0,BTCUSDT
2024-12-30 02:00:00,0.0,BTCUSDT
2024-12-30 03:00:00,0.0,BTCUSDT
2024-12-30 04:00:00,0.0,BTCUSDT
2024-12-30 05:00:00,0.0,BTCUSDT
2024-12-30 06:00:00,0.0,BTCUSDT
2024-12-30 07:00:00,0.0,BTCUSDT
2024-12-30 08:00:00,0.0005102493886538927,BTCUSDT
2024-12-30 09:00:00,0.0,BTCUSDT
2024-12-30 10:00:00,0.0,BTCUSDT
2024-12-30 11:00:00,0.0,BTCUSDT
2024-12-30 12:00:00,0.0,BTCUSDT
2024-12-30 13:00:00,0.0,BTCUSDT
2024-12-30 14:00:00,0.0,BTCUSDT
2024-12-30 15:00:00,0.0,BTCUSDT
2024-12-30 16:00:00,0.00022381663387760205,BTCUSDT
2024-12-30 17:00:00,0.0,BTCUSDT
2024-12-30 18:00:00,0.0,BTCUSDT
2024-12-30 19:00:00,0.0,BTCUSDT
2024-12-30 20:00:00,0.0,BTCUSDT
2024-12-30 21:00:00,0.0,BTCUSDT
2024-12-30 22:00:00,0.0,BTCUSDT
2024-12-30 23:00:00,0.0,BTCUSDT
2024-12-31 00:00:00,0.00029428247153447194,BTCUSDT
2024-12-31 01:00:00,0.0,BTCUSDT
2024-12-31 02:00:00,0.0,BTCUSDT
2024-12-31 03:00:00,0.0,BTCUSDT
2024-12-31 04:00:00,0.0,BTCUSDT
2024-12-31 05:00:00,0.0,BTCUSDT
2024-12-31 06:00:00,0.0,BTCUSDT
2024-12-31 07:00:00,0.0,BTCUSDT
2024-12-31 08:00:00,0.00011049147737788879,BTCUSDT
2024-12-31 09:00:00,0.0,BTCUSDT
2024-12-31 10:00:00,0.0,BTCUSDT
2024-12-31 11:00:00,0.0,BTCUSDT
2024-12-31 12:00:00,0.0,BTCUSDT
2024-12-31 13:00:00,0.0,BTCUSDT
2024-12-31 14:00:00,0.0,BTCUSDT
2024-12-31 15:00:00,0.0,BTCUSDT
2024-12-31 16:00:00,3.1332964829510154e-05,BTCUSDT
2024-12-31 17:00:00,0.0,BTCUSDT
2024-12-31 18:00:00,0.0,BTCUSDT
2024-12-31 19:00:00,0.0,BTCUSDT
2024-12-31 20:00:00,0.0,BTCUSDT
2024-12-31 21:00:00,0.0,BTCUSDT
2024-12-31 22:00:00,0.0,BTCUSDT
2024-12-31 23:00:00,0.0,BTCUSDT
2025-01-01 00:00:00,-0.00014078272979327604,BTCUSDT
2025-01-01 01:00:00,0.0,BTCUSDT
2025-01-01 02:00:00,0.0,BTCUSDT
2025-01-01 03:00:00,0.0,BTCUSDT
2025-01-01 04:00:00,0.0,BTCUSDT
2025-01-01 05:00:00,0.0,BTCUSDT
2025-01-01 06:00:00,0.0,BTCUSDT
2025-01-01 07:00:00,0.0,BTCUSDT
2025-01-01 08:00:00,0.00011264642930262025,BTCUSDT
2025-01-01 09:00:00,0.0,BTCUSDT
2025-01-01 10:00:00,0.0,BTCUSDT
2025-01-01 11:00:00,0.0,BTCUSDT
2025-01-01 12:00:00,0.0,BTCUSDT
2025-01-01 13:00:00,0.0,BTCUSDT
2025-01-01 14:00:00,0.0,BTCUSDT
2025-01-01 15:00:00,0.0,BTCUSDT
2025-01-01 16:00:00,-6.318190702971062e-05,BTCUSDT
2025-01-01 17:00:00,0.0,BTCUSDT
2025-01-01 18:00:00,0.0,BTCUSDT
2025-01-01 19:00:00,0.0,BTCUSDT
2025-01-01 20:00:00,0.0,BTCUSDT
2025-01-01 21:00:00,0.0,BTCUSDT
2025-01-01 22:00:00,0.0,BTCUSDT
2025-01-01 23:00:00,0.0,BTCUSDT
2025-01-02 00:00:00,0.00019744363892608543,BTCUSDT
2025-01-02 01:00:00,0.0,BTCUSDT
2025-01-02 02:00:00,0.0,BTCUSDT
2025-01-02 03:00:00,0.0,BTCUSDT
2025-01-02 04:00:00,0.0,BTCUSDT
2025-01-02 05:00:00,0.0,BTCUSDT
2025-01-02 06:00:00,0.0,BTCUSDT
2025-01-02 07:00:00,0.0,BTCUSDT
2025-01-02 08:00:00,4.632624017252385e-05,BTCUSDT
2025-01-02 09:00:00,0.0,BTCUSDT
2025-01-02 10:00:00,0.0,BTCUSDT
2025-01-02 11:00:00,0.0,BTCUSDT
2025-01-02 12:00:00,0.0,BTCUSDT
2025-01-02 13:00:00,0.0,BTCUSDT
2025-01-02 14:00:00,0.0,BTCUSDT
2025-01-02 15:00:00,0.0,BTCUSDT
2025-01-02 16:00:00,0.00027672135719883383,BTCUSDT
2025-01-02 17:00:00,0.0,BTCUSDT
2025-01-02 18:00:00,0.0,BTCUSDT
2025-01-02 19:00:00,0.0,BTCUSDT
2025-01-02 20:00:00,0.0,BTCUSDT
2025-01-02 21:00:00,0.0,BTCUSDT
2025-01-02 22:00:00,0.0,BTCUSDT
2025-01-02 23:00:00,0.0,BTCUSDT
2025-01-03 00:00:00,2.664735423680653e-06,BTCUSDT
2025-01-03 01:00:00,0.0,BTCUSDT
2025-01-03 02:00:00,0.0,BTCUSDT
2025-01-03 03:00:00,0.0,BTCUSDT
2025-01-03 04:00:00,0.0,BTCUSDT
2025-01-03 05:00:00,0.0,BTCUSDT
2025-01-03 06:00:00,0.0,BTCUSDT
2025-01-03 07:00:00,0.0,BTCUSDT
2025-01-03 08:00:00,-4.133382081462809e-05,BTCUSDT
2025-01-03 09:00:00,0.0,BTCUSDT
2025-01-03 10:00:00,0.0,BTCUSDT
2025-01-03 11:00:00,0.0,BTCUSDT
2025-01-03 12:00:00,0.0,BTCUSDT
2025-01-03 13:00:00,0.0,BTCUSDT
2025-01-03 14:00:00,0.0,BTCUSDT
2025-01-03 15:00:00,0.0,BTCUSDT
2025-01-03 16:00:00,1.0976142295731348e-07,BTCUSDT
2025-01-03 17:00:00,0.0,BTCUSDT
2025-01-03 18:00:00,0.0,BTCUSDT
2025-01-03 19:00:00,0.0,BTCUSDT
2025-01-03 20:00:00,0.0,BTCUSDT
2025-01-03 21:00:00,0.0,BTCUSDT
2025-01-03 22:00:00,0.0,BTCUSDT
2025-01-03 23:00:00,0.0,BTCUSDT
2025-01-04 00:00:00,0.00014157210021341614,BTCUSDT
2025-01-04 01:00:00,0.0,BTCUSDT
2025-01-04 02:00:00,0.0,BTCUSDT
2025-01-04 03:00:00,0.0,BTCUSDT
2025-01-04 04:00:00,0.0,BTCUSDT
2025-01-04 05:00:00,0.0,BTCUSDT
2025-01-04 06:00:00,0.0,BTCUSDT
2025-01-04 07:00:00,0.0,BTCUSDT
2025-01-04 08:00:00,0.00019427825255299817,BTCUSDT
2025-01-04 09:00:00,0.0,BTCUSDT
2025-01-04 10:00:00,0.0,BTCUSDT
2025-01-04 11:00:00,0.0,BTCUSDT
2025-01-04 12:00:00,0.0,BTCUSDT
2025-01-04 13:00:00,0.0,BTCUSDT
2025-01-04 14:00:00,0.0,BTCUSDT
2025-01-04 15:00:00,0.0,BTCUSDT
2025-01-04 16:00:00,-0.0002536313823506464,BTCUSDT
2025-01-04 17:00:00,0.0,BTCUSDT
2025-01-04 18:00:00,0.0,BTCUSDT
2025-01-04 19:00:00,0.0,BTCUSDT
2025-01-04 20:00:00,0.0,BTCUSDT
2025-01-04 21:00:00,0.0,BTCUSDT
2025-01-04 22:00:00,0.0,BTCUSDT
2025-01-04 23:00:00,0.0,BTCUSDT
2025-01-05 00:00:00,-0.0003312890754010066,BTCUSDT
2025-01-05 01:00:00,0.0,BTCUSDT
2025-01-05 02:00:00,0.0,BTCUSDT
2025-01-05 03:00:00,0.0,BTCUSDT
2025-01-05 04:00:00,0.0,BTCUSDT
2025-01-05 05:00:00,0.0,BTCUSDT
2025-01-05 06:00:00,0.0,BTCUSDT
2025-01-05 07:00:00,0.0,BTCUSDT
2025-01-05 08:00:00,8.634275844714188e-05,BTCUSDT
2025-01-05 09:00:00,0.0,BTCUSDT
2025-01-05 10:00:00,0.0,BTCUSDT
2025-01-05 11:00:00,0.0,BTCUSDT
2025-01-05 12:00:00,0.0,BTCUSDT
2025-01-05 13:00:00,0.0,BTCUSDT
2025-01-05 14:00:00,0.0,BTCUSDT
2025-01-05 15:00:00,0.0,BTCUSDT
2025-01-05 16:00:00,0.000206068580334116,BTCUSDT
2025-01-05 17:00:00,0.0,BTCUSDT
2025-01-05 18:00:00,0.0,BTCUSDT
2025-01-05 19:00:00,0.0,BTCUSDT
2025-01-05 20:00:00,0.0,BTCUSDT
2025-01-05 21:00:00,0.0,BTCUSDT
2025-01-05 22:00:00,0.0,BTCUSDT
2025-01-05 23:00:00,0.0,BTCUSDT
2025-01-06 00:00:00,1.5233292358703363e-05,BTCUSDT
2025-01-06 01:00:00,0.0,BTCUSDT
2025-01-06 02:00:00,0.0,BTCUSDT
2025-01-06 03:00:00,0.0,BTCUSDT
2025-01-06 04:00:00,0.0,BTCUSDT
2025-01-06 05:00:00,0.0,BTCUSDT
2025-01-06 06:00:00,0.0,BTCUSDT
2025-01-06 07:00:00,0.0,BTCUSDT
2025-01-06 08:00:00,5.539486374671956e-05,BTCUSDT
2025-01-06 09:00:00,0.0,BTCUSDT
2025-01-06 10:00:00,0.0,BTCUSDT
2025-01-06 11:00:00,0.0,BTCUSDT
2025-01-06 12:00:00,0.0,BTCUSDT
2025-01-06 13:00:00,0.0,BTCUSDT
2025-01-06 14:00:00,0.0,BTCUSDT
2025-01-06 15:00:00,0.0,BTCUSDT
2025-01-06 16:00:00,0.0004366629151855059,BTCUSDT
2025-01-06 17:00:00,0.0,BTCUSDT
2025-01-06 18:00:00,0.0,BTCUSDT
2025-01-06 19:00:00,0.0,BTCUSDT
2025-01-06 20:00:00,0.0,BTCUSDT
2025-01-06 21:00:00,0.0,BTCUSDT
2025-01-06 22:00:00,0.0,BTCUSDT
2025-01-06 23:00:00,0.0,BTCUSDT
2025-01-07 00:00:00,-0.00010086756525878129,BTCUSDT
2025-01-07 01:00:00,0.0,BTCUSDT
2025-01-07 02:00:00,0.0,BTCUSDT
2025-01-07 03:00:00,0.0,BTCUSDT
2025-01-07 04:00:00,0.0,BTCUSDT
2025-01-07 05:00:00,0.0,BTCUSDT
2025-01-07 06:00:00,0.0,BTCUSDT
2025-01-07 07:00:00,0.0,BTCUSDT
2025-01-07 08:00:00,-9.770580157318009e-05,BTCUSDT
2025-01-07 09:00:00,0.0,BTCUSDT
2025-01-07 10:00:00,0.0,BTCUSDT
2025-01-07 11:00:00,0.0,BTCUSDT
2025-01-07 12:00:00,0.0,BTCUSDT
2025-01-07 13:00:00,0.0,BTCUSDT
2025-01-07 14:00:00,0.0,BTCUSDT
2025-01-07 15:00:00,0.0,BTCUSDT
2025-01-07 16:00:00,-9.760056360058818e-05,BTCUSDT
2025-01-07 17:00:00,0.0,BTCUSDT
2025-01-07 18:00:00,0.0,BTCUSDT
2025-01-07 19:00:00,0.0,BTCUSDT
2025-01-07 20:00:00,0.0,BTCUSDT
2025-01-07 21:00:00,0.0,BTCUSDT
2025-01-07 22:00:00,0.0,BTCUSDT
2025-01-07 23:00:00,0.0,BTCUSDT
2025-01-08 00:00:00,-8.7693421148217e-05,BTCUSDT
2025-01-08 01:00:00,0.0,BTCUSDT
2025-01-08 02:00:00,0.0,BTCUSDT
2025-01-08 03:00:00,0.0,BTCUSDT
2025-01-08 04:00:00,0.0,BTCUSDT
2025-01-08 05:00:00,0.0,BTCUSDT
2025-01-08 06:00:00,0.0,BTCUSDT
2025-01-08 07:00:00,0.0,BTCUSDT
2025-01-08 08:00:00,0.00019208312996856484,BTCUSDT
2025-01-08 09:00:00,0.0,BTCUSDT
2025-01-08 10:00:00,0.0,BTCUSDT
2025-01-08 11:00:00,0.0,BTCUSDT
2025-01-08 12:00:00,0.0,BTCUSDT
2025-01-08 13:00:00,0.0,BTCUSDT
2025-01-08 14:00:00,0.0,BTCUSDT
2025-01-08 15:00:00,0.0,BTCUSDT
2025-01-08 16:00:00,0.0002067390496012386,BTCUSDT
2025-01-08 17:00:00,0.0,BTCUSDT
2025-01-08 18:00:00,0.0,BTCUSDT
2025-01-08 19:00:00,0.0,BTCUSDT
2025-01-08 20:00:00,0.0,BTCUSDT
2025-01-08 21:00:00,0.0,BTCUSDT
2025-01-08 22:00:00,0.0,BTCUSDT
2025-01-08 23:00:00,0.0,BTCUSDT
2025-01-09 00:00:00,0.00016140784745036438,BTCUSDT
2025-01-09 01:00:00,0.0,BTCUSDT
2025-01-09 02:00:00,0.0,BTCUSDT
2025-01-09 03:00:00,0.0,BTCUSDT
2025-01-09 04:00:00,0.0,BTCUSDT
2025-01-09 05:00:00,0.0,BTCUSDT
2025-01-09 06:00:00,0.0,BTCUSDT
2025-01-09 07:00:00,0.0,BTCUSDT
2025-01-09 08:00:00,5.492970299116005e-05,BTCUSDT
2025-01-09 09:00:00,0.0,BTCUSDT
2025-01-09 10:00:00,0.0,BTCUSDT
2025-01-09 11:00:00,0.0,BTCUSDT
2025-01-09 12:00:00,0.0,BTCUSDT
2025-01-09 13:00:00,0.0,BTCUSDT
2025-01-09 14:00:00,0.0,BTCUSDT
2025-01-09 15:00:00,0.0,BTCUSDT
2025-01-09 16:00:00,6.907005868783331e-05,BTCUSDT
2025-01-09 17:00:00,0.0,BTCUSDT
2025-01-09 18:00:00,0.0,BTCUSDT
2025-01-09 19:00:00,0.0,BTCUSDT
2025-01-09 20:00:00,0.0,BTCUSDT
2025-01-09 21:00:00,0.0,BTCUSDT
2025-01-09 22:00:00,0.0,BTCUSDT
2025-01-09 23:00:00,0.0,BTCUSDT
2025-01-10 00:00:00,0.0002530804312026699,BTCUSDT
2025-01-10 01:00:00,0.0,BTCUSDT
2025-01-10 02:00:00,0.0,BTCUSDT
2025-01-10 03:00:00,0.0,BTCUSDT
2025-01-10 04:00:00,0.0,BTCUSDT
2025-01-10 05:00:00,0.0,BTCUSDT
2025-01-10 06:00:00,0.0,BTCUSDT
2025-01-10 07:00:00,0.0,BTCUSDT
2025-01-10 08:00:00,0.00016103016717499455,BTCUSDT
2025-01-10 09:00:00,0.0,BTCUSDT
2025-01-10 10:00:00,0.0,BTCUSDT
2025-01-10 11:00:00,0.0,BTCUSDT
2025-01-10 12:00:00,0.0,BTCUSDT
2025-01-10 13:00:00,0.0,BTCUSDT
2025-01-10 14:00:00,0.0,BTCUSDT
2025-01-10 15:00:00,0.0,BTCUSDT
2025-01-10 16:00:00,-0.0002401254499302756,BTCUSDT
2025-01-10 17:00:00,0.0,BTCUSDT
2025-01-10 18:00:00,0.0,BTCUSDT
2025-01-10 19:00:00,0.0,BTCUSDT
2025-01-10 20:00:00,0.0,BTCUSDT
2025-01-10 21:00:00,0.0,BTCUSDT
2025-01-10 22:00:00,0.0,BTCUSDT
2025-01-10 23:00:00,0.0,BTCUSDT
2025-01-11 00:00:00,0.00010945974862574559,BTCUSDT
2025-01-11 01:00:00,0.0,BTCUSDT
2025-01-11 02:00:00,0.0,BTCUSDT
2025-01-11 03:00:00,0.0,BTCUSDT
2025-01-11 04:00:00,0.0,BTCUSDT
2025-01-11 05:00:00,0.0,BTCUSDT
2025-01-11 06:00:00,0.0,BTCUSDT
2025-01-11 07:00:00,0.0,BTCUSDT
2025-01-11 08:00:00,0.00019783567012755874,BTCUSDT
2025-01-11 09:00:00,0.0,BTCUSDT
2025-01-11 10:00:00,0.0,BTCUSDT
2025-01-11 11:00:00,0.0,BTCUSDT
2025-01-11 12:00:00,0.0,BTCUSDT
2025-01-11 13:00:00,0.0,BTCUSDT
2025-01-11 14:00:00,0.0,BTCUSDT
2025-01-11 15:00:00,0.0,BTCUSDT
2025-01-11 16:00:00,0.00014333781949953464,BTCUSDT
2025-01-11 17:00:00,0.0,BTCUSDT
2025-01-11 18:00:00,0.0,BTCUSDT
2025-01-11 19:00:00,0.0,BTCUSDT
2025-01-11 20:00:00,0.0,BTCUSDT
2025-01-11 21:00:00,0.0,BTCUSDT
2025-01-11 22:00:00,0.0,BTCUSDT
2025-01-11 23:00:00,0.0,BTCUSDT
2025-01-12 00:00:00,6.133181006407544e-05,BTCUSDT
2025-01-12 01:00:00,0.0,BTCUSDT
2025-01-12 02:00:00,0.0,BTCUSDT
2025-01-12 03:00:00,0.0,BTCUSDT
2025-01-12 04:00:00,0.0,BTCUSDT
2025-01-12 05:00:00,0.0,BTCUSDT
2025-01-12 06:00:00,0.0,BTCUSDT
2025-01-12 07:00:00,0.0,BTCUSDT
2025-01-12 08:00:00,6.32919355967069e-05,BTCUSDT
2025-01-12 09:00:00,0.0,BTCUSDT
2025-01-12 10:00:00,0.0,BTCUSDT
2025-01-12 11:00:00,0.0,BTCUSDT
2025-01-12 12:00:00,0.0,BTCUSDT
2025-01-12 13:00:00,0.0,BTCUSDT
2025-01-12 14:00:00,0.0,BTCUSDT
2025-01-12 15:00:00,0.0,BTCUSDT
2025-01-12 16:00:00,0.00019127119462653927,BTCUSDT
2025-01-12 17:00:00,0.0,BTCUSDT
2025-01-12 18:00:00,0.0,BTCUSDT
2025-01-12 19:00:00,0.0,BTCUSDT
2025-01-12 20:00:00,0.0,BTCUSDT
2025-01-12 21:00:00,0.0,BTCUSDT
2025-01-12 22:00:00,0.0,BTCUSDT
2025-01-12 23:00:00,0.0,BTCUSDT
2025-01-13 00:00:00,-0.00021952394583369132,BTCUSDT
2025-01-13 01:00:00,0.0,BTCUSDT
2025-01-13 02:00:00,0.0,BTCUSDT
2025-01-13 03:00:00,0.0,BTCUSDT
2025-01-13 04:00:00,0.0,BTCUSDT
2025-01-13 05:00:00,0.0,BTCUSDT
2025-01-13 06:00:00,0.0,BTCUSDT
2025-01-13 07:00:00,0.0,BTCUSDT
2025-01-13 08:00:00,7.852427631799093e-05,BTCUSDT
2025-01-13 09:00:00,0.0,BTCUSDT
2025-01-13 10:00:00,0.0,BTCUSDT
2025-01-13 11:00:00,0.0,BTCUSDT
2025-01-13 12:00:00,0.0,BTCUSDT
2025-01-13 13:00:00,0.0,BTCUSDT
2025-01-13 14:00:00,0.0,BTCUSDT
2025-01-13 15:00:00,0.0,BTCUSDT
2025-01-13 16:00:00,7.377773226390347e-05,BTCUSDT
2025-01-13 17:00:00,0.0,BTCUSDT
2025-01-13 18:00:00,0.0,BTCUSDT
2025-01-13 19:00:00,0.0,BTCUSDT
2025-01-13 20:00:00,0.0,BTCUSDT
2025-01-13 21:00:00,0.0,BTCUSDT
2025-01-13 22:00:00,0.0,BTCUSDT
2025-01-13 23:00:00,0.0,BTCUSDT
2025-01-14 00:00:00,-0.0001525729507456356,BTCUSDT
2025-01-14 01:00:00,0.0,BTCUSDT
2025-01-14 02:00:00,0.0,BTCUSDT
2025-01-14 03:00:00,0.0,BTCUSDT
2025-01-14 04:00:00,0.0,BTCUSDT
2025-01-14 05:00:00,0.0,BTCUSDT
2025-01-14 06:00:00,0.0,BTCUSDT
2025-01-14 07:00:00,0.0,BTCUSDT
2025-01-14 08:00:00,-9.812464467545152e-05,BTCUSDT
2025-01-14 09:00:00,0.0,BTCUSDT
2025-01-14 10:00:00,0.0,BTCUSDT
2025-01-14 11:00:00,0.0,BTCUSDT
2025-01-14 12:00:00,0.0,BTCUSDT
2025-01-14 13:00:00,0.0,BTCUSDT
2025-01-14 14:00:00,0.0,BTCUSDT
2025-01-14 15:00:00,0.0,BTCUSDT
2025-01-14 16:00:00,0.00031243348951773205,BTCUSDT
2025-01-14 17:00:00,0.0,BTCUSDT
2025-01-14 18:00:00,0.0,BTCUSDT
2025-01-14 19:00:00,0.0,BTCUSDT
2025-01-14 20:00:00,0.0,BTCUSDT
2025-01-14 21:00:00,0.0,BTCUSDT
2025-01-14 22:00:00,0.0,BTCUSDT
2025-01-14 23:00:00,0.0,BTCUSDT
2025-01-15 00:00:00,-0.0003383957312559762,BTCUSDT
2025-01-15 01:00:00,0.0,BTCUSDT
2025-01-15 02:00:00,0.0,BTCUSDT
2025-01-15 03:00:00,0.0,BTCUSDT
2025-01-15 04:00:00,0.0,BTCUSDT
2025-01-15 05:00:00,0.0,BTCUSDT
2025-01-15 06:00:00,0.0,BTCUSDT
2025-01-15 07:00:00,0.0,BTCUSDT
2025-01-15 08:00:00,0.00021409721721593817,BTCUSDT
2025-01-15 09:00:00,0.0,BTCUSDT
2025-01-15 10:00:00,0.0,BTCUSDT
2025-01-15 11:00:00,0.0,BTCUSDT
2025-01-15 12:00:00,0.0,BTCUSDT
2025-01-15 13:00:00,0.0,BTCUSDT
2025-01-15 14:00:00,0.0,BTCUSDT
2025-01-15 15:00:00,0.0,BTCUSDT
2025-01-15 16:00:00,6.138358519867747e-05,BTCUSDT
2025-01-15 17:00:00,0.0,BTCUSDT
2025-01-15 18:00:00,0.0,BTCUSDT
2025-01-15 19:00:00,0.0,BTCUSDT
2025-01-15 20:00:00,0.0,BTCUSDT
2025-01-15 21:00:00,0.0,BTCUSDT
2025-01-15 22:00:00,0.0,BTCUSDT
2025-01-15 23:00:00,0.0,BTCUSDT
2025-01-16 00:00:00,1.4192550381466899e-05,BTCUSDT
2025-01-16 01:00:00,0.0,BTCUSDT
2025-01-16 02:00:00,0.0,BTCUSDT
2025-01-16 03:00:00,0.0,BTCUSDT
2025-01-16 04:00:00,0.0,BTCUSDT
2025-01-16 05:00:00,0.0,BTCUSDT
2025-01-16 06:00:00,0.0,BTCUSDT
2025-01-16 07:00:00,0.0,BTCUSDT
2025-01-16 08:00:00,0.0002990830380898949,BTCUSDT
2025-01-16 09:00:00,0.0,BTCUSDT
2025-01-16 10:00:00,0.0,BTCUSDT
2025-01-16 11:00:00,0.0,BTCUSDT
2025-01-16 12:00:00,0.0,BTCUSDT
2025-01-16 13:00:00,0.0,BTCUSDT
2025-01-16 14:00:00,0.0,BTCUSDT
2025-01-16 15:00:00,0.0,BTCUSDT
2025-01-16 16:00:00,-8.294601301433801e-06,BTCUSDT
2025-01-16 17:00:00,0.0,BTCUSDT
2025-01-16 18:00:00,0.0,BTCUSDT
2025-01-16 19:00:00,0.0,BTCUSDT
2025-01-16 20:00:00,0.0,BTCUSDT
2025-01-16 21:00:00,0.0,BTCUSDT
2025-01-16 22:00:00,0.0,BTCUSDT
2025-01-16 23:00:00,0.0,BTCUSDT
2025-01-17 00:00:00,0.00015452670286388286,BTCUSDT
2025-01-17 01:00:00,0.0,BTCUSDT
2025-01-17 02:00:00,0.0,BTCUSDT
2025-01-17 03:00:00,0.0,BTCUSDT
2025-01-17 04:00:00,0.0,BTCUSDT
2025-01-17 05:00:00,0.0,BTCUSDT
2025-01-17 06:00:00,0.0,BTCUSDT
2025-01-17 07:00:00,0.0,BTCUSDT
2025-01-17 08:00:00,0.0003515226225153302,BTCUSDT
2025-01-17 09:00:00,0.0,BTCUSDT
2025-01-17 10:00:00,0.0,BTCUSDT
2025-01-17 11:00:00,0.0,BTCUSDT
2025-01-17 12:00:00,0.0,BTCUSDT
2025-01-17 13:00:00,0.0,BTCUSDT
2025-01-17 14:00:00,0.0,BTCUSDT
2025-01-17 15:00:00,0.0,BTCUSDT
2025-01-17 16:00:00,6.576412604072013e-05,BTCUSDT
2025-01-17 17:00:00,0.0,BTCUSDT
2025-01-17 18:00:00,0.0,BTCUSDT
2025-01-17 19:00:00,0.0,BTCUSDT
2025-01-17 20:00:00,0.0,BTCUSDT
2025-01-17 21:00:00,0.0,BTCUSDT
2025-01-17 22:00:00,0.0,BTCUSDT
2025-01-17 23:00:00,0.0,BTCUSDT
2025-01-18 00:00:00,0.0002236136987860084,BTCUSDT
2025-01-18 01:00:00,0.0,BTCUSDT
2025-01-18 02:00:00,0.0,BTCUSDT
2025-01-18 03:00:00,0.0,BTCUSDT
2025-01-18 04:00:00,0.0,BTCUSDT
2025-01-18 05:00:00,0.0,BTCUSDT
2025-01-18 06:00:00,0.0,BTCUSDT
2025-01-18 07:00:00,0.0,BTCUSDT
2025-01-18 08:00:00,0.0004328384109567799,BTCUSDT
2025-01-18 09:00:00,0.0,BTCUSDT
2025-01-18 10:00:00,0.0,BTCUSDT
2025-01-18 11:00:00,0.0,BTCUSDT
2025-01-18 12:00:00,0.0,BTCUSDT
2025-01-18 13:00:00,0.0,BTCUSDT
2025-01-18 14:00:00,0.0,BTCUSDT
2025-01-18 15:00:00,0.0,BTCUSDT
2025-01-18 16:00:00,0.0001494542904217512,BTCUSDT
2025-01-18 17:00:00,0.0,BTCUSDT
2025-01-18 18:00:00,0.0,BTCUSDT
2025-01-18 19:00:00,0.0,BTCUSDT
2025-01-18 20:00:00,0.0,BTCUSDT
2025-01-18 21:00:00,0.0,BTCUSDT
2025-01-18 22:00:00,0.0,BTCUSDT
2025-01-18 23:00:00,0.0,BTCUSDT
2025-01-19 00:00:00,0.0003413071446908605,BTCUSDT
2025-01-19 01:00:00,0.0,BTCUSDT
2025-01-19 02:00:00,0.0,BTCUSDT
2025-01-19 03:00:00,0.0,BTCUSDT
2025-01-19 04:00:00,0.0,BTCUSDT
2025-01-19 05:00:00,0.0,BTCUSDT
2025-01-19 06:00:00,0.0,BTCUSDT
2025-01-19 07:00:00,0.0,BTCUSDT
2025-01-19 08:00:00,-0.00019885270581324776,BTCUSDT
2025-01-19 09:00:00,0.0,BTCUSDT
2025-01-19 10:00:00,0.0,BTCUSDT
2025-01-19 11:00:00,0.0,BTCUSDT
2025-01-19 12:00:00,0.0,BTCUSDT
2025-01-19 13:00:00,0.0,BTCUSDT
2025-01-19 14:00:00,0.0,BTCUSDT
2025-01-19 15:00:00,0.0,BTCUSDT
2025-01-19 16:00:00,0.00011378122662419443,BTCUSDT
2025-01-19 17:00:00,0.0,BTCUSDT
2025-01-19 18:00:00,0.0,BTCUSDT
2025-01-19 19:00:00,0.0,BTCUSDT
2025-01-19 20:00:00,0.0,BTCUSDT
2025-01-19 21:00:00,0.0,BTCUSDT
2025-01-19 22:00:00,0.0,BTCUSDT
2025-01-19 23:00:00,0.0,BTCUSDT
2025-01-20 00:00:00,0.00025638850709038365,BTCUSDT
2025-01-20 01:00:00,0.0,BTCUSDT
2025-01-20 02:00:00,0.0,BTCUSDT
2025-01-20 03:00:00,0.0,BTCUSDT
2025-01-20 04:00:00,0.0,BTCUSDT
2025-01-20 05:00:00,0.0,BTCUSDT
2025-01-20 06:00:00,0.0,BTCUSDT
2025-01-20 07:00:00,0.0,BTCUSDT
2025-01-20 08:00:00,0.0003659588730410152,BTCUSDT
2025-01-20 09:00:00,0.0,BTCUSDT
2025-01-20 10:00:00,0.0,BTCUSDT
2025-01-20 11:00:00,0.0,BTCUSDT
2025-01-20 12:00:00,0.0,BTCUSDT
2025-01-20 13:00:00,0.0,BTCUSDT
2025-01-20 14:00:00,0.0,BTCUSDT
2025-01-20 15:00:00,0.0,BTCUSDT
2025-01-20 16:00:00,-6.717405112366118e-05,BTCUSDT
2025-01-20 17:00:00,0.0,BTCUSDT
2025-01-20 18:00:00,0.0,BTCUSDT
2025-01-20 19:00:00,0.0,BTCUSDT
2025-01-20 20:00:00,0.0,BTCUSDT
2025-01-20 21:00:00,0.0,BTCUSDT
2025-01-20 22:00:00,0.0,BTCUSDT
2025-01-20 23:00:00,0.0,BTCUSDT
2025-01-21 00:00:00,-8.662381773722834e-05,BTCUSDT
2025-01-21 01:00:00,0.0,BTCUSDT
2025-01-21 02:00:00,0.0,BTCUSDT
2025-01-21 03:00:00,0.0,BTCUSDT
2025-01-21 04:00:00,0.0,BTCUSDT
2025-01-21 05:00:00,0.0,BTCUSDT
2025-01-21 06:00:00,0.0,BTCUSDT
2025-01-21 07:00:00,0.0,BTCUSDT
2025-01-21 08:00:00,-0.00010020190889656286,BTCUSDT
2025-01-21 09:00:00,0.0,BTCUSDT
2025-01-21 10:00:00,0.0,BTCUSDT
2025-01-21 11:00:00,0.0,BTCUSDT
2025-01-21 12:00:00,0.0,BTCUSDT
2025-01-21 13:00:00,0.0,BTCUSDT
2025-01-21 14:00:00,0.0,BTCUSDT
2025-01-21 15:00:00,0.0,BTCUSDT
2025-01-21 16:00:00,0.0003287132089857226,BTCUSDT
2025-01-21 17:00:00,0.0,BTCUSDT
2025-01-21 18:00:00,0.0,BTCUSDT
2025-01-21 19:00:00,0.0,BTCUSDT
2025-01-21 20:00:00,0.0,BTCUSDT
2025-01-21 21:00:00,0.0,BTCUSDT
2025-01-21 22:00:00,0.0,BTCUSDT
2025-01-21 23:00:00,0.0,BTCUSDT
2025-01-22 00:00:00,0.000104024225916172,BTCUSDT
2025-01-22 01:00:00,0.0,BTCUSDT
2025-01-22 02:00:00,0.0,BTCUSDT
2025-01-22 03:00:00,0.0,BTCUSDT
2025-01-22 04:00:00,0.0,BTCUSDT
2025-01-22 05:00:00,0.0,BTCUSDT
2025-01-22 06:00:00,0.0,BTCUSDT
2025-01-22 07:00:00,0.0,BTCUSDT
2025-01-22 08:00:00,-5.196042639755504e-05,BTCUSDT
2025-01-22 09:00:00,0.0,BTCUSDT
2025-01-22 10:00:00,0.0,BTCUSDT
2025-01-22 11:00:00,0.0,BTCUSDT
2025-01-22 12:00:00,0.0,BTCUSDT
2025-01-22 13:00:00,0.0,BTCUSDT
2025-01-22 14:00:00,0.0,BTCUSDT
2025-01-22 15:00:00,0.0,BTCUSDT
2025-01-22 16:00:00,0.00029903353303172123,BTCUSDT
2025-01-22 17:00:00,0.0,BTCUSDT
2025-01-22 18:00:00,0.0,BTCUSDT
2025-01-22 19:00:00,0.0,BTCUSDT
2025-01-22 20:00:00,0.0,BTCUSDT
2025-01-22 21:00:00,0.0,BTCUSDT
2025-01-22 22:00:00,0.0,BTCUSDT
2025-01-22 23:00:00,0.0,BTCUSDT
2025-01-23 00:00:00,0.0003156250791589544,BTCUSDT
2025-01-23 01:00:00,0.0,BTCUSDT
2025-01-23 02:00:00,0.0,BTCUSDT
2025-01-23 03:00:00,0.0,BTCUSDT
2025-01-23 04:00:00,0.0,BTCUSDT
2025-01-23 05:00:00,0.0,BTCUSDT
2025-01-23 06:00:00,0.0,BTCUSDT
2025-01-23 07:00:00,0.0,BTCUSDT
2025-01-23 08:00:00,1.0218322537398729e-05,BTCUSDT
2025-01-23 09:00:00,0.0,BTCUSDT
2025-01-23 10:00:00,0.0,BTCUSDT
2025-01-23 11:00:00,0.0,BTCUSDT
2025-01-23 12:00:00,0.0,BTCUSDT
2025-01-23 13:00:00,0.0,BTCUSDT
2025-01-23 14:00:00,0.0,BTCUSDT
2025-01-23 15:00:00,0.0,BTCUSDT
2025-01-23 16:00:00,0.00014505394440300935,BTCUSDT
2025-01-23 17:00:00,0.0,BTCUSDT
2025-01-23 18:00:00,0.0,BTCUSDT
2025-01-23 19:00:00,0.0,BTCUSDT
2025-01-23 20:00:00,0.0,BTCUSDT
2025-01-23 21:00:00,0.0,BTCUSDT
2025-01-23 22:00:00,0.0,BTCUSDT
2025-01-23 23:00:00,0.0,BTCUSDT
2025-01-24 00:00:00,0.00037829159339118845,BTCUSDT
2025-01-24 01:00:00,0.0,BTCUSDT
2025-01-24 02:00:00,0.0,BTCUSDT
2025-01-24 03:00:00,0.0,BTCUSDT
2025-01-24 04:00:00,0.0,BTCUSDT
2025-01-24 05:00:00,0.0,BTCUSDT
2025-01-24 06:00:00,0.0,BTCUSDT
2025-01-24 07:00:00,0.0,BTCUSDT
2025-01-24 08:00:00,0.00010621268527978629,BTCUSDT
2025-01-24 09:00:00,0.0,BTCUSDT
2025-01-24 10:00:00,0.0,BTCUSDT
2025-01-24 11:00:00,0.0,BTCUSDT
2025-01-24 12:00:00,0.0,BTCUSDT
2025-01-24 13:00:00,0.0,BTCUSDT
2025-01-24 14:00:00,0.0,BTCUSDT
2025-01-24 15:00:00,0.0,BTCUSDT
2025-01-24 16:00:00,-0.00010143899750539568,BTCUSDT
2025-01-24 17:00:00,0.0,BTCUSDT
2025-01-24 18:00:00,0.0,BTCUSDT
2025-01-24 19:00:00,0.0,BTCUSDT
2025-01-24 20:00:00,0.0,BTCUSDT
2025-01-24 21:00:00,0.0,BTCUSDT
2025-01-24 22:00:00,0.0,BTCUSDT
2025-01-24 23:00:00,0.0,BTCUSDT
2025-01-25 00:00:00,0.0003847907691082334,BTCUSDT
2025-01-25 01:00:00,0.0,BTCUSDT
2025-01-25 02:00:00,0.0,BTCUSDT
2025-01-25 03:00:00,0.0,BTCUSDT
2025-01-25 04:00:00,0.0,BTCUSDT
2025-01-25 05:00:00,0.0,BTCUSDT
2025-01-25 06:00:00,0.0,BTCUSDT
2025-01-25 07:00:00,0.0,BTCUSDT
2025-01-25 08:00:00,0.0002950401083369532,BTCUSDT
2025-01-25 09:00:00,0.0,BTCUSDT
2025-01-25 10:00:00,0.0,BTCUSDT
2025-01-25 11:00:00,0.0,BTCUSDT
2025-01-25 12:00:00,0.0,BTCUSDT
2025-01-25 13:00:00,0.0,BTCUSDT
2025-01-25 14:00:00,0.0,BTCUSDT
2025-01-25 15:00:00,0.0,BTCUSDT
2025-01-25 16:00:00,-0.00031297305553672835,BTCUSDT
2025-01-25 17:00:00,0.0,BTCUSDT
2025-01-25 18:00:00,0.0,BTCUSDT
2025-01-25 19:00:00,0.0,BTCUSDT
2025-01-25 20:00:00,0.0,BTCUSDT
2025-01-25 21:00:00,0.0,BTCUSDT
2025-01-25 22:00:00,0.0,BTCUSDT
2025-01-25 23:00:00,0.0,BTCUSDT
2025-01-26 00:00:00,-4.463368776587861e-05,BTCUSDT
2025-01-26 01:00:00,0.0,BTCUSDT
2025-01-26 02:00:00,0.0,BTCUSDT
2025-01-26 03:00:00,0.0,BTCUSDT
2025-01-26 04:00:00,0.0,BTCUSDT
2025-01-26 05:00:00,0.0,BTCUSDT
2025-01-26 06:00:00,0.0,BTCUSDT
2025-01-26 07:00:00,0.0,BTCUSDT
2025-01-26 08:00:00,5.6398873775775195e-05,BTCUSDT
2025-01-26 09:00:00,0.0,BTCUSDT
2025-01-26 10:00:00,0.0,BTCUSDT
2025-01-26 11:00:00,0.0,BTCUSDT
2025-01-26 12:00:00,0.0,BTCUSDT
2025-01-26 13:00:00,0.0,BTCUSDT
2025-01-26 14:00:00,0.0,BTCUSDT
2025-01-26 15:00:00,0.0,BTCUSDT
2025-01-26 16:00:00,0.00024304731677824657,BTCUSDT
2025-01-26 17:00:00,0.0,BTCUSDT
2025-01-26 18:00:00,0.0,BTCUSDT
2025-01-26 19:00:00,0.0,BTCUSDT
2025-01-26 20:00:00,0.0,BTCUSDT
2025-01-26 21:00:00,0.0,BTCUSDT
2025-01-26 22:00:00,0.0,BTCUSDT
2025-01-26 23:00:00,0.0,BTCUSDT
2025-01-27 00:00:00,2.2119287694924683e-05,BTCUSDT
2025-01-27 01:00:00,0.0,BTCUSDT
2025-01-27 02:00:00,0.0,BTCUSDT
2025-01-27 03:00:00,0.0,BTCUSDT
2025-01-27 04:00:00,0.0,BTCUSDT
2025-01-27 05:00:00,0.0,BTCUSDT
2025-01-27 06:00:00,0.0,BTCUSDT
2025-01-27 07:00:00,0.0,BTCUSDT
2025-01-27 08:00:00,0.00044680839088452384,BTCUSDT
2025-01-27 09:00:00,0.0,BTCUSDT
2025-01-27 10:00:00,0.0,BTCUSDT
2025-01-27 11:00:00,0.0,BTCUSDT
2025-01-27 12:00:00,0.0,BTCUSDT
2025-01-27 13:00:00,0.0,BTCUSDT
2025-01-27 14:00:00,0.0,BTCUSDT
2025-01-27 15:00:00,0.0,BTCUSDT
2025-01-27 16:00:00,0.0002737596676611099,BTCUSDT
2025-01-27 17:00:00,0.0,BTCUSDT
2025-01-27 18:00:00,0.0,BTCUSDT
2025-01-27 19:00:00,0.0,BTCUSDT
2025-01-27 20:00:00,0.0,BTCUSDT
2025-01-27 21:00:00,0.0,BTCUSDT
2025-01-27 22:00:00,0.0,BTCUSDT
2025-01-27 23:00:00,0.0,BTCUSDT
2025-01-28 00:00:00,4.363103012058002e-05,BTCUSDT
2025-01-28 01:00:00,0.0,BTCUSDT
2025-01-28 02:00:00,0.0,BTCUSDT
2025-01-28 03:00:00,0.0,BTCUSDT
2025-01-28 04:00:00,0.0,BTCUSDT
2025-01-28 05:00:00,0.0,BTCUSDT
2025-01-28 06:00:00,0.0,BTCUSDT
2025-01-28 07:00:00,0.0,BTCUSDT
2025-01-28 08:00:00,-0.000251641775331087,BTCUSDT
2025-01-28 09:00:00,0.0,BTCUSDT
2025-01-28 10:00:00,0.0,BTCUSDT
2025-01-28 11:00:00,0.0,BTCUSDT
2025-01-28 12:00:00,0.0,BTCUSDT
2025-01-28 13:00:00,0.0,BTCUSDT
2025-01-28 14:00:00,0.0,BTCUSDT
2025-01-28 15:00:00,0.0,BTCUSDT
2025-01-28 16:00:00,2.367378091735773e-05,BTCUSDT
2025-01-28 17:00:00,0.0,BTCUSDT
2025-01-28 18:00:00,0.0,BTCUSDT
2025-01-28 19:00:00,0.0,BTCUSDT
2025-01-28 20:00:00,0.0,BTCUSDT
2025-01-28 21:00:00,0.0,BTCUSDT
2025-01-28 22:00:00,0.0,BTCUSDT
2025-01-28 23:00:00,0.0,BTCUSDT
2025-01-29 00:00:00,0.00025627162396130295,BTCUSDT
2025-01-29 01:00:00,0.0,BTCUSDT
2025-01-29 02:00:00,0.0,BTCUSDT
2025-01-29 03:00:00,0.0,BTCUSDT
2025-01-29 04:00:00,0.0,BTCUSDT
2025-01-29 05:00:00,0.0,BTCUSDT
2025-01-29 06:00:00,0.0,BTCUSDT
2025-01-29 07:00:00,0.0,BTCUSDT
2025-01-29 08:00:00,0.00020736149384498076,BTCUSDT
2025-01-29 09:00:00,0.0,BTCUSDT
2025-01-29 10:00:00,0.0,BTCUSDT
2025-01-29 11:00:00,0.0,BTCUSDT
2025-01-29 12:00:00,0.0,BTCUSDT
2025-01-29 13:00:00,0.0,BTCUSDT
2025-01-29 14:00:00,0.0,BTCUSDT
2025-01-29 15:00:00,0.0,BTCUSDT
2025-01-29 16:00:00,-0.0002716582976450215,BTCUSDT
2025-01-29 17:00:00,0.0,BTCUSDT
2025-01-29 18:00:00,0.0,BTCUSDT
2025-01-29 19:00:00,0.0,BTCUSDT
2025-01-29 20:00:00,0.0,BTCUSDT
2025-01-29 21:00:00,0.0,BTCUSDT
2025-01-29 22:00:00,0.0,BTCUSDT
2025-01-29 23:00:00,0.0,BTCUSDT
2025-01-30 00:00:00,0.00021676741630781183,BTCUSDT
2025-01-30 01:00:00,0.0,BTCUSDT
2025-01-30 02:00:00,0.0,BTCUSDT
2025-01-30 03:00:00,0.0,BTCUSDT
2025-01-30 04:00:00,0.0,BTCUSDT
2025-01-30 05:00:00,0.0,BTCUSDT
2025-01-30 06:00:00,0.0,BTCUSDT
2025-01-30 07:00:00,0.0,BTCUSDT
2025-01-30 08:00:00,3.957113173520105e-06,BTCUSDT
2025-01-30 09:00:00,0.0,BTCUSDT
2025-01-30 10:00:00,0.0,BTCUSDT
2025-01-30 11:00:00,0.0,BTCUSDT
2025-01-30 12:00:00,0.0,BTCUSDT
2025-01-30 13:00:00,0.0,BTCUSDT
2025-01-30 14:00:00,0.0,BTCUSDT
2025-01-30 15:00:00,0.0,BTCUSDT
2025-01-30 16:00:00,0.0003485653786653655,BTCUSDT
2025-01-30 17:00:00,0.0,BTCUSDT
2025-01-30 18:00:00,0.0,BTCUSDT
2025-01-30 19:00:00,0.0,BTCUSDT
2025-01-30 20:00:00,0.0,BTCUSDT
2025-01-30 21:00:00,0.0,BTCUSDT
2025-01-30 22:00:00,0.0,BTCUSDT
2025-01-30 23:00:00,0.0,BTCUSDT
2025-01-31 00:00:00,0.00046960803835417,BTCUSDT
2025-01-31 01:00:00,0.0,BTCUSDT
2025-01-31 02:00:00,0.0,BTCUSDT
2025-01-31 03:00:00,0.0,BTCUSDT
2025-01-31 04:00:00,0.0,BTCUSDT
2025-01-31 05:00:00,0.0,BTCUSDT
2025-01-31 06:00:00,0.0,BTCUSDT
2025-01-31 07:00:00,0.0,BTCUSDT
2025-01-31 08:00:00,0.0002958519488573926,BTCUSDT
2025-01-31 09:00:00,0.0,BTCUSDT
2025-01-31 10:00:00,0.0,BTCUSDT
2025-01-31 11:00:00,0.0,BTCUSDT
2025-01-31 12:00:00,0.0,BTCUSDT
2025-01-31 13:00:00,0.0,BTCUSDT
2025-01-31 14:00:00,0.0,BTCUSDT
2025-01-31 15:00:00,0.0,BTCUSDT
2025-01-31 16:00:00,0.0003059208722839386,BTCUSDT
2025-01-31 17:00:00,0.0,BTCUSDT
2025-01-31 18:00:00,0.0,BTCUSDT
2025-01-31 19:00:00,0.0,BTCUSDT
2025-01-31 20:00:00,0.0,BTCUSDT
2025-01-31 21:00:00,0.0,BTCUSDT
2025-01-31 22:00:00,0.0,BTCUSDT
2025-01-31 23:00:00,0.0,BTCUSDT
2025-02-01 00:00:00,0.00013512070996087405,BTCUSDT
2025-02-01 01:00:00,0.0,BTCUSDT
2025-02-01 02:00:00,0.0,BTCUSDT
2025-02-01 03:00:00,0.0,BTCUSDT
2025-02-01 04:00:00,0.0,BTCUSDT
2025-02-01 05:00:00,0.0,BTCUSDT
2025-02-01 06:00:00,0.0,BTCUSDT
2025-02-01 07:00:00,0.0,BTCUSDT
2025-02-01 08:00:00,-5.964121527163084e-05,BTCUSDT
2025-02-01 09:00:00,0.0,BTCUSDT
2025-02-01 10:00:00,0.0,BTCUSDT
2025-02-01 11:00:00,0.0,BTCUSDT
2025-02-01 12:00:00,0.0,BTCUSDT
2025-02-01 13:00:00,0.0,BTCUSDT
2025-02-01 14:00:00,0.0,BTCUSDT
2025-02-01 15:00:00,0.0,BTCUSDT
2025-02-01 16:00:00,0.0003817238986891839,BTCUSDT
2025-02-01 17:00:00,0.0,BTCUSDT
2025-02-01 18:00:00,0.0,BTCUSDT
2025-02-01 19:00:00,0.0,BTCUSDT
2025-02-01 20:00:00,0.0,BTCUSDT
2025-02-01 21:00:00,0.0,BTCUSDT
2025-02-01 22:00:00,0.0,BTCUSDT
2025-02-01 23:00:00,0.0,BTCUSDT
2025-02-02 00:00:00,0.0002111652055150255,BTCUSDT
2025-02-02 01:00:00,0.0,BTCUSDT
2025-02-02 02:00:00,0.0,BTCUSDT
2025-02-02 03:00:00,0.0,BTCUSDT
2025-02-02 04:00:00,0.0,BTCUSDT
2025-02-02 05:00:00,0.0,BTCUSDT
2025-02-02 06:00:00,0.0,BTCUSDT
2025-02-02 07:00:00,0.0,BTCUSDT
2025-02-02 08:00:00,3.657943348520685e-05,BTCUSDT
2025-02-02 09:00:00,0.0,BTCUSDT
2025-02-02 10:00:00,0.0,BTCUSDT
2025-02-02 11:00:00,0.0,BTCUSDT
2025-02-02 12:00:00,0.0,BTCUSDT
2025-02-02 13:00:00,0.0,BTCUSDT
2025-02-02 14:00:00,0.0,BTCUSDT
2025-02-02 15:00:00,0.0,BTCUSDT
2025-02-02 16:00:00,0.0005312699263458597,BTCUSDT
2025-02-02 17:00:00,0.0,BTCUSDT
2025-02-02 18:00:00,0.0,BTCUSDT
2025-02-02 19:00:00,0.0,BTCUSDT
2025-02-02 20:00:00,0.0,BTCUSDT
2025-02-02 21:00:00,0.0,BTCUSDT
2025-02-02 22:00:00,0.0,BTCUSDT
2025-02-02 23:00:00,0.0,BTCUSDT
2025-02-03 00:00:00,-0.00022205262375836005,BTCUSDT
2025-02-03 01:00:00,0.0,BTCUSDT
2025-02-03 02:00:00,0.0,BTCUSDT
2025-02-03 03:00:00,0.0,BTCUSDT
2025-02-03 04:00:00,0.0,BTCUSDT
2025-02-03 05:00:00,0.0,BTCUSDT
2025-02-03 06:00:00,0.0,BTCUSDT
2025-02-03 07:00:00,0.0,BTCUSDT
2025-02-03 08:00:00,0.0003298974728020737,BTCUSDT
2025-02-03 09:00:00,0.0,BTCUSDT
2025-02-03 10:00:00,0.0,BTCUSDT
2025-02-03 11:00:00,0.0,BTCUSDT
2025-02-03 12:00:00,0.0,BTCUSDT
2025-02-03 13:00:00,0.0,BTCUSDT
2025-02-03 14:00:00,0.0,BTCUSDT
2025-02-03 15:00:00,0.0,BTCUSDT
2025-02-03 16:00:00,0.00035046927245960166,BTCUSDT
2025-02-03 17:00:00,0.0,BTCUSDT
2025-02-03 18:00:00,0.0,BTCUSDT
2025-02-03 19:00:00,0.0,BTCUSDT
2025-02-03 20:00:00,0.0,BTCUSDT
2025-02-03 21:00:00,0.0,BTCUSDT
2025-02-03 22:00:00,0.0,BTCUSDT
2025-02-03 23:00:00,0.0,BTCUSDT
2025-02-04 00:00:00,-0.000339500201052406,BTCUSDT
2025-02-04 01:00:00,0.0,BTCUSDT
2025-02-04 02:00:00,0.0,BTCUSDT
2025-02-04 03:00:00,0.0,BTCUSDT
2025-02-04 04:00:00,0.0,BTCUSDT
2025-02-04 05:00:00,0.0,BTCUSDT
2025-02-04 06:00:00,0.0,BTCUSDT
2025-02-04 07:00:00,0.0,BTCUSDT
2025-02-04 08:00:00,-0.0001853298421620695,BTCUSDT
2025-02-04 09:00:00,0.0,BTCUSDT
2025-02-04 10:00:00,0.0,BTCUSDT
2025-02-04 11:00:00,0.0,BTCUSDT
2025-02-04 12:00:00,0.0,BTCUSDT
2025-02-04 13:00:00,0.0,BTCUSDT
2025-02-04 14:00:00,0.0,BTCUSDT
2025-02-04 15:00:00,0.0,BTCUSDT
2025-02-04 16:00:00,0.0003030784657350447,BTCUSDT
2025-02-04 17:00:00,0.0,BTCUSDT
2025-02-04 18:00:00,0.0,BTCUSDT
2025-02-04 19:00:00,0.0,BTCUSDT
2025-02-04 20:00:00,0.0,BTCUSDT
2025-02-04 21:00:00,0.0,BTCUSDT
2025-02-04 22:00:00,0.0,BTCUSDT
2025-02-04 23:00:00,0.0,BTCUSDT
2025-02-05 00:00:00,-0.0001454028154577072,BTCUSDT
2025-02-05 01:00:00,0.0,BTCUSDT
2025-02-05 02:00:00,0.0,BTCUSDT
2025-02-05 03:00:00,0.0,BTCUSDT
2025-02-05 04:00:00,0.0,BTCUSDT
2025-02-05 05:00:00,0.0,BTCUSDT
2025-02-05 06:00:00,0.0,BTCUSDT
2025-02-05 07:00:00,0.0,BTCUSDT
2025-02-05 08:00:00,4.036949476001995e-05,BTCUSDT
2025-02-05 09:00:00,0.0,BTCUSDT
2025-02-05 10:00:00,0.0,BTCUSDT
2025-02-05 11:00:00,0.0,BTCUSDT
2025-02-05 12:00:00,0.0,BTCUSDT
2025-02-05 13:00:00,0.0,BTCUSDT
2025-02-05 14:00:00,0.0,BTCUSDT
2025-02-05 15:00:00,0.0,BTCUSDT
2025-02-05 16:00:00,-0.00024022809485344838,BTCUSDT
2025-02-05 17:00:00,0.0,BTCUSDT
2025-02-05 18:00:00,0.0,BTCUSDT
2025-02-05 19:00:00,0.0,BTCUSDT
2025-02-05 20:00:00,0.0,BTCUSDT
2025-02-05 21:00:00,0.0,BTCUSDT
2025-02-05 22:00:00,0.0,BTCUSDT
2025-02-05 23:00:00,0.0,BTCUSDT
2025-02-06 00:00:00,0.00016299437431106643,BTCUSDT
2025-02-06 01:00:00,0.0,BTCUSDT
2025-02-06 02:00:00,0.0,BTCUSDT
2025-02-06 03:00:00,0.0,BTCUSDT
2025-02-06 04:00:00,0.0,BTCUSDT
2025-02-06 05:00:00,0.0,BTCUSDT
2025-02-06 06:00:00,0.0,BTCUSDT
2025-02-06 07:00:00,0.0,BTCUSDT
2025-02-06 08:00:00,0.00022138852167732757,BTCUSDT
2025-02-06 09:00:00,0.0,BTCUSDT
2025-02-06 10:00:00,0.0,BTCUSDT
2025-02-06 11:00:00,0.0,BTCUSDT
2025-02-06 12:00:00,0.0,BTCUSDT
2025-02-06 13:00:00,0.0,BTCUSDT
2025-02-06 14:00:00,0.0,BTCUSDT
2025-02-06 15:00:00,0.0,BTCUSDT
2025-02-06 16:00:00,-1.837521326861849e-05,BTCUSDT
2025-02-06 17:00:00,0.0,BTCUSDT
2025-02-06 18:00:00,0.0,BTCUSDT
2025-02-06 19:00:00,0.0,BTCUSDT
2025-02-06 20:00:00,0.0,BTCUSDT
2025-02-06 21:00:00,0.0,BTCUSDT
2025-02-06 22:00:00,0.0,BTCUSDT
2025-02-06 23:00:00,0.0,BTCUSDT
2025-02-07 00:00:00,-0.00010545037750102577,BTCUSDT
2025-02-07 01:00:00,0.0,BTCUSDT
2025-02-07 02:00:00,0.0,BTCUSDT
2025-02-07 03:00:00,0.0,BTCUSDT
2025-02-07 04:00:00,0.0,BTCUSDT
2025-02-07 05:00:00,0.0,BTCUSDT
2025-02-07 06:00:00,0.0,BTCUSDT
2025-02-07 07:00:00,0.0,BTCUSDT
2025-02-07 08:00:00,2.0490260690844402e-05,BTCUSDT
2025-02-07 09:00:00,0.0,BTCUSDT
2025-02-07 10:00:00,0.0,BTCUSDT
2025-02-07 11:00:00,0.0,BTCUSDT
2025-02-07 12:00:00,0.0,BTCUSDT
2025-02-07 13:00:00,0.0,BTCUSDT
2025-02-07 14:00:00,0.0,BTCUSDT
2025-02-07 15:00:00,0.0,BTCUSDT
2025-02-07 16:00:00,9.637315129838365e-05,BTCUSDT
2025-02-07 17:00:00,0.0,BTCUSDT
2025-02-07 18:00:00,0.0,BTCUSDT
2025-02-07 19:00:00,0.0,BTCUSDT
2025-02-07 20:00:00,0.0,BTCUSDT
2025-02-07 21:00:00,0.0,BTCUSDT
2025-02-07 22:00:00,0.0,BTCUSDT
2025-02-07 23:00:00,0.0,BTCUSDT
2025-02-08 00:00:00,0.0001247813633042142,BTCUSDT
2025-02-08 01:00:00,0.0,BTCUSDT
2025-02-08 02:00:00,0.0,BTCUSDT
2025-02-08 03:00:00,0.0,BTCUSDT
2025-02-08 04:00:00,0.0,BTCUSDT
2025-02-08 05:00:00,0.0,BTCUSDT
2025-02-08 06:00:00,0.0,BTCUSDT
2025-02-08 07:00:00,0.0,BTCUSDT
2025-02-08 08:00:00,0.00020848479390642036,BTCUSDT
2025-02-08 09:00:00,0.0,BTCUSDT
2025-02-08 10:00:00,0.0,BTCUSDT
2025-02-08 11:00:00,0.0,BTCUSDT
2025-02-08 12:00:00,0.0,BTCUSDT
2025-02-08 13:00:00,0.0,BTCUSDT
2025-02-08 14:00:00,0.0,BTCUSDT
2025-02-08 15:00:00,0.0,BTCUSDT
2025-02-08 16:00:00,-0.00015694555328349348,BTCUSDT
2025-02-08 17:00:00,0.0,BTCUSDT
2025-02-08 18:00:00,0.0,BTCUSDT
2025-02-08 19:00:00,0.0,BTCUSDT
2025-02-08 20:00:00,0.0,BTCUSDT
2025-02-08 21:00:00,0.0,BTCUSDT
2025-02-08 22:00:00,0.0,BTCUSDT
2025-02-08 23:00:00,0.0,BTCUSDT
2025-02-09 00:00:00,3.507606512041175e-05,BTCUSDT
2025-02-09 01:00:00,0.0,BTCUSDT
2025-02-09 02:00:00,0.0,BTCUSDT
2025-02-09 03:00:00,0.0,BTCUSDT
2025-02-09 04:00:00,0.0,BTCUSDT
2025-02-09 05:00:00,0.0,BTCUSDT
2025-02-09 06:00:00,0.0,BTCUSDT
2025-02-09 07:00:00,0.0,BTCUSDT
2025-02-09 08:00:00,7.493406737324232e-06,BTCUSDT
2025-02-09 09:00:00,0.0,BTCUSDT
2025-02-09 10:00:00,0.0,BTCUSDT
2025-02-09 11:00:00,0.0,BTCUSDT
2025-02-09 12:00:00,0.0,BTCUSDT
2025-02-09 13:00:00,0.0,BTCUSDT
2025-02-09 14:00:00,0.0,BTCUSDT
2025-02-09 15:00:00,0.0,BTCUSDT
2025-02-09 16:00:00,0.000183702911831411,BTCUSDT
2025-02-09 17:00:00,0.0,BTCUSDT
2025-02-09 18:00:00,0.0,BTCUSDT
2025-02-09 19:00:00,0.0,BTCUSDT
2025-02-09 20:00:00,0.0,BTCUSDT
2025-02-09 21:00:00,0.0,BTCUSDT
2025-02-09 22:00:00,0.0,BTCUSDT
2025-02-09 23:00:00,0.0,BTCUSDT
2025-02-10 00:00:00,0.00021449428235594719,BTCUSDT
2025-02-10 01:00:00,0.0,BTCUSDT
2025-02-10 02:00:00,0.0,BTCUSDT
2025-02-10 03:00:00,0.0,BTCUSDT
2025-02-10 04:00:00,0.0,BTCUSDT
2025-02-10 05:00:00,0.0,BTCUSDT
2025-02-10 06:00:00,0.0,BTCUSDT
2025-02-10 07:00:00,0.0,BTCUSDT
2025-02-10 08:00:00,-0.0001151300967149775,BTCUSDT
2025-02-10 09:00:00,0.0,BTCUSDT
2025-02-10 10:00:00,0.0,BTCUSDT
2025-02-10 11:00:00,0.0,BTCUSDT
2025-02-10 12:00:00,0.0,BTCUSDT
2025-02-10 13:00:00,0.0,BTCUSDT
2025-02-10 14:00:00,0.0,BTCUSDT
2025-02-10 15:00:00,0.0,BTCUSDT
2025-02-10 16:00:00,-0.00018388663930900197,BTCUSDT
2025-02-10 17:00:00,0.0,BTCUSDT
2025-02-10 18:00:00,0.0,BTCUSDT
2025-02-10 19:00:00,0.0,BTCUSDT
2025-02-10 20:00:00,0.0,BTCUSDT
2025-02-10 21:00:00,0.0,BTCUSDT
2025-02-10 22:00:00,0.0,BTCUSDT
2025-02-10 23:00:00,0.0,BTCUSDT
2025-02-11 00:00:00,0.0002406507656191895,BTCUSDT
2025-02-11 01:00:00,0.0,BTCUSDT
2025-02-11 02:00:00,0.0,BTCUSDT
2025-02-11 03:00:00,0.0,BTCUSDT
2025-02-11 04:00:00,0.0,BTCUSDT
2025-02-11 05:00:00,0.0,BTCUSDT
2025-02-11 06:00:00,0.0,BTCUSDT
2025-02-11 07:00:00,0.0,BTCUSDT
2025-02-11 08:00:00,0.0001799993105887213,BTCUSDT
2025-02-11 09:00:00,0.0,BTCUSDT
2025-02-11 10:00:00,0.0,BTCUSDT
2025-02-11 11:00:00,0.0,BTCUSDT
2025-02-11 12:00:00,0.0,BTCUSDT
2025-02-11 13:00:00,0.0,BTCUSDT
2025-02-11 14:00:00,0.0,BTCUSDT
2025-02-11 15:00:00,0.0,BTCUSDT
2025-02-11 16:00:00,-0.00020951395882726225,BTCUSDT
2025-02-11 17:00:00,0.0,BTCUSDT
2025-02-11 18:00:00,0.0,BTCUSDT
2025-02-11 19:00:00,0.0,BTCUSDT
2025-02-11 20:00:00,0.0,BTCUSDT
2025-02-11 21:00:00,0.0,BTCUSDT
2025-02-11 22:00:00,0.0,BTCUSDT
2025-02-11 23:00:00,0.0,BTCUSDT
2025-02-12 00:00:00,0.00013606101026750062,BTCUSDT
2025-02-12 01:00:00,0.0,BTCUSDT
2025-02-12 02:00:00,0.0,BTCUSDT
2025-02-12 03:00:00,0.0,BTCUSDT
2025-02-12 04:00:00,0.0,BTCUSDT
2025-02-12 05:00:00,0.0,BTCUSDT
2025-02-12 06:00:00,0.0,BTCUSDT
2025-02-12 07:00:00,0.0,BTCUSDT
2025-02-12 08:00:00,0.00028676208521499937,BTCUSDT
2025-02-12 09:00:00,0.0,BTCUSDT
2025-02-12 10:00:00,0.0,BTCUSDT
2025-02-12 11:00:00,0.0,BTCUSDT
2025-02-12 12:00:00,0.0,BTCUSDT
2025-02-12 13:00:00,0.0,BTCUSDT
2025-02-12 14:00:00,0.0,BTCUSDT
2025-02-12 15:00:00,0.0,BTCUSDT
2025-02-12 16:00:00,-0.0003144270232192974,BTCUSDT
2025-02-12 17:00:00,0.0,BTCUSDT
2025-02-12 18:00:00,0.0,BTCUSDT
2025-02-12 19:00:00,0.0,BTCUSDT
2025-02-12 20:00:00,0.0,BTCUSDT
2025-02-12 21:00:00,0.0,BTCUSDT
2025-02-12 22:00:00,0.0,BTCUSDT
2025-02-12 23:00:00,0.0,BTCUSDT
2025-02-13 00:00:00,0.00012286175061184955,BTCUSDT
2025-02-13 01:00:00,0.0,BTCUSDT
2025-02-13 02:00:00,0.0,BTCUSDT
2025-02-13 03:00:00,0.0,BTCUSDT
2025-02-13 04:00:00,0.0,BTCUSDT
2025-02-13 05:00:00,0.0,BTCUSDT
2025-02-13 06:00:00,0.0,BTCUSDT
2025-02-13 07:00:00,0.0,BTCUSDT
2025-02-13 08:00:00,6.477316045784433e-05,BTCUSDT
2025-02-13 09:00:00,0.0,BTCUSDT
2025-02-13 10:00:00,0.0,BTCUSDT
2025-02-13 11:00:00,0.0,BTCUSDT
2025-02-13 12:00:00,0.0,BTCUSDT
2025-02-13 13:00:00,0.0,BTCUSDT
2025-02-13 14:00:00,0.0,BTCUSDT
2025-02-13 15:00:00,0.0,BTCUSDT
2025-02-13 16:00:00,8.931515370937481e-06,BTCUSDT
2025-02-13 17:00:00,0.0,BTCUSDT
2025-02-13 18:00:00,0.0,BTCUSDT
2025-02-13 19:00:00,0.0,BTCUSDT
2025-02-13 20:00:00,0.0,BTCUSDT
2025-02-13 21:00:00,0.0,BTCUSDT
2025-02-13 22:00:00,0.0,BTCUSDT
2025-02-13 23:00:00,0.0,BTCUSDT
2025-02-14 00:00:00,-0.00012137405830681134,BTCUSDT
2025-02-14 01:00:00,0.0,BTCUSDT
2025-02-14 02:00:00,0.0,BTCUSDT
2025-02-14 03:00:00,0.0,BTCUSDT
2025-02-14 04:00:00,0.0,BTCUSDT
2025-02-14 05:00:00,0.0,BTCUSDT
2025-02-14 06:00:00,0.0,BTCUSDT
2025-02-14 07:00:00,0.0,BTCUSDT
2025-02-14 08:00:00,-6.563611277470164e-05,BTCUSDT
2025-02-14 09:00:00,0.0,BTCUSDT
2025-02-14 10:00:00,0.0,BTCUSDT
2025-02-14 11:00:00,0.0,BTCUSDT
2025-02-14 12:00:00,0.0,BTCUSDT
2025-02-14 13:00:00,0.0,BTCUSDT
2025-02-14 14:00:00,0.0,BTCUSDT
2025-02-14 15:00:00,0.0,BTCUSDT
2025-02-14 16:00:00,-7.15466353210039e-05,BTCUSDT
2025-02-14 17:00:00,0.0,BTCUSDT
2025-02-14 18:00:00,0.0,BTCUSDT
2025-02-14 19:00:00,0.0,BTCUSDT
2025-02-14 20:00:00,0.0,BTCUSDT
2025-02-14 21:00:00,0.0,BTCUSDT
2025-02-14 22:00:00,0.0,BTCUSDT
2025-02-14 23:00:00,0.0,BTCUSDT
2025-02-15 00:00:00,0.0001231193477359816,BTCUSDT
2025-02-15 01:00:00,0.0,BTCUSDT
2025-02-15 02:00:00,0.0,BTCUSDT
2025-02-15 03:00:00,0.0,BTCUSDT
2025-02-15 04:00:00,0.0,BTCUSDT
2025-02-15 05:00:00,0.0,BTCUSDT
2025-02-15 06:00:00,0.0,BTCUSDT
2025-02-15 07:00:00,0.0,BTCUSDT
2025-02-15 08:00:00,3.6018544399417236e-05,BTCUSDT
2025-02-15 09:00:00,0.0,BTCUSDT
2025-02-15 10:00:00,0.0,BTCUSDT
2025-02-15 11:00:00,0.0,BTCUSDT
2025-02-15 12:00:00,0.0,BTCUSDT
2025-02-15 13:00:00,0.0,BTCUSDT
2025-02-15 14:00:00,0.0,BTCUSDT
2025-02-15 15:00:00,0.0,BTCUSDT
2025-02-15 16:00:00,0.00010919218720978677,BTCUSDT
2025-02-15 17:00:00,0.0,BTCUSDT
2025-02-15 18:00:00,0.0,BTCUSDT
2025-02-15 19:00:00,0.0,BTCUSDT
2025-02-15 20:00:00,0.0,BTCUSDT
2025-02-15 21:00:00,0.0,BTCUSDT
2025-02-15 22:00:00,0.0,BTCUSDT
2025-02-15 23:00:00,0.0,BTCUSDT
2025-02-16 00:00:00,0.00015119542928375423,BTCUSDT
2025-02-16 01:00:00,0.0,BTCUSDT
2025-02-16 02:00:00,0.0,BTCUSDT
2025-02-16 03:00:00,0.0,BTCUSDT
2025-02-16 04:00:00,0.0,BTCUSDT
2025-02-16 05:00:00,0.0,BTCUSDT
2025-02-16 06:00:00,0.0,BTCUSDT
2025-02-16 07:00:00,0.0,BTCUSDT
2025-02-16 08:00:00,1.1314116352992867e-05,BTCUSDT
2025-02-16 09:00:00,0.0,BTCUSDT
2025-02-16 10:00:00,0.0,BTCUSDT
2025-02-16 11:00:00,0.0,BTCUSDT
2025-02-16 12:00:00,0.0,BTCUSDT
2025-02-16 13:00:00,0.0,BTCUSDT
2025-02-16 14:00:00,0.0,BTCUSDT
2025-02-16 15:00:00,0.0,BTCUSDT
2025-02-16 16:00:00,0.000294097691922676,BTCUSDT
2025-02-16 17:00:00,0.0,BTCUSDT
2025-02-16 18:00:00,0.0,BTCUSDT
2025-02-16 19:00:00,0.0,BTCUSDT
2025-02-16 20:00:00,0.0,BTCUSDT
2025-02-16 21:00:00,0.0,BTCUSDT
2025-02-16 22:00:00,0.0,BTCUSDT
2025-02-16 23:00:00,0.0,BTCUSDT
2025-02-17 00:00:00,-4.35706428708071e-05,BTCUSDT
2025-02-17 01:00:00,0.0,BTCUSDT
2025-02-17 02:00:00,0.0,BTCUSDT
2025-02-17 03:00:00,0.0,BTCUSDT
2025-02-17 04:00:00,0.0,BTCUSDT
2025-02-17 05:00:00,0.0,BTCUSDT
2025-02-17 06:00:00,0.0,BTCUSDT
2025-02-17 07:00:00,0.0,BTCUSDT
2025-02-17 08:00:00,-0.00010592219421788012,BTCUSDT
2025-02-17 09:00:00,0.0,BTCUSDT
2025-02-17 10:00:00,0.0,BTCUSDT
2025-02-17 11:00:00,0.0,BTCUSDT
2025-02-17 12:00:00,0.0,BTCUSDT
2025-02-17 13:00:00,0.0,BTCUSDT
2025-02-17 14:00:00,0.0,BTCUSDT
2025-02-17 15:00:00,0.0,BTCUSDT
2025-02-17 16:00:00,0.0002376519421544827,BTCUSDT
2025-02-17 17:00:00,0.0,BTCUSDT
2025-02-17 18:00:00,0.0,BTCUSDT
2025-02-17 19:00:00,0.0,BTCUSDT
2025-02-17 20:00:00,0.0,BTCUSDT
2025-02-17 21:00:00,0.0,BTCUSDT
2025-02-17 22:00:00,0.0,BTCUSDT
2025-02-17 23:00:00,0.0,BTCUSDT
2025-02-18 00:00:00,0.0001624124263453477,BTCUSDT
2025-02-18 01:00:00,0.0,BTCUSDT
2025-02-18 02:00:00,0.0,BTCUSDT
2025-02-18 03:00:00,0.0,BTCUSDT
2025-02-18 04:00:00,0.0,BTCUSDT
2025-02-18 05:00:00,0.0,BTCUSDT
2025-02-18 06:00:00,0.0,BTCUSDT
2025-02-18 07:00:00,0.0,BTCUSDT
2025-02-18 08:00:00,6.140372644786208e-05,BTCUSDT
2025-02-18 09:00:00,0.0,BTCUSDT
2025-02-18 10:00:00,0.0,BTCUSDT
2025-02-18 11:00:00,0.0,BTCUSDT
2025-02-18 12:00:00,0.0,BTCUSDT
2025-02-18 13:00:00,0.0,BTCUSDT
2025-02-18 14:00:00,0.0,BTCUSDT
2025-02-18 15:00:00,0.0,BTCUSDT
2025-02-18 16:00:00,-7.796895418822835e-05,BTCUSDT
2025-02-18 17:00:00,0.0,BTCUSDT
2025-02-18 18:00:00,0.0,BTCUSDT
2025-02-18 19:00:00,0.0,BTCUSDT
2025-02-18 20:00:00,0.0,BTCUSDT
2025-02-18 21:00:00,0.0,BTCUSDT
2025-02-18 22:00:00,0.0,BTCUSDT
2025-02-18 23:00:00,0.0,BTCUSDT
2025-02-19 00:00:00,-0.00011413328123803565,BTCUSDT
2025-02-19 01:00:00,0.0,BTCUSDT
2025-02-19 02:00:00,0.0,BTCUSDT
2025-02-19 03:00:00,0.0,BTCUSDT
2025-02-19 04:00:00,0.0,BTCUSDT
2025-02-19 05:00:00,0.0,BTCUSDT
2025-02-19 06:00:00,0.0,BTCUSDT
2025-02-19 07:00:00,0.0,BTCUSDT
2025-02-19 08:00:00,0.00011267667852754364,BTCUSDT
2025-02-19 09:00:00,0.0,BTCUSDT
2025-02-19 10:00:00,0.0,BTCUSDT
2025-02-19 11:00:00,0.0,BTCUSDT
2025-02-19 12:00:00,0.0,BTCUSDT
2025-02-19 13:00:00,0.0,BTCUSDT
2025-02-19 14:00:00,0.0,BTCUSDT
2025-02-19 15:00:00,0.0,BTCUSDT
2025-02-19 16:00:00,0.00043485415321422606,BTCUSDT
2025-02-19 17:00:00,0.0,BTCUSDT
2025-02-19 18:00:00,0.0,BTCUSDT
2025-02-19 19:00:00,0.0,BTCUSDT
2025-02-19 20:00:00,0.0,BTCUSDT
2025-02-19 21:00:00,0.0,BTCUSDT
2025-02-19 22:00:00,0.0,BTCUSDT
2025-02-19 23:00:00,0.0,BTCUSDT
2025-02-20 00:00:00,-0.0001385946742038274,BTCUSDT
2025-02-20 01:00:00,0.0,BTCUSDT
2025-02-20 02:00:00,0.0,BTCUSDT
2025-02-20 03:00:00,0.0,BTCUSDT
2025-02-20 04:00:00,0.0,BTCUSDT
2025-02-20 05:00:00,0.0,BTCUSDT
2025-02-20 06:00:00,0.0,BTCUSDT
2025-02-20 07:00:00,0.0,BTCUSDT
2025-02-20 08:00:00,0.00023243375078949995,BTCUSDT
2025-02-20 09:00:00,0.0,BTCUSDT
2025-02-20 10:00:00,0.0,BTCUSDT
2025-02-20 11:00:00,0.0,BTCUSDT
2025-02-20 12:00:00,0.0,BTCUSDT
2025-02-20 13:00:00,0.0,BTCUSDT
2025-02-20 14:00:00,0.0,BTCUSDT
2025-02-20 15:00:00,0.0,BTCUSDT
2025-02-20 16:00:00,-3.569894609744435e-05,BTCUSDT
2025-02-20 17:00:00,0.0,BTCUSDT
2025-02-20 18:00:00,0.0,BTCUSDT
2025-02-20 19:00:00,0.0,BTCUSDT
2025-02-20 20:00:00,0.0,BTCUSDT
2025-02-20 21:00:00,0.0,BTCUSDT
2025-02-20 22:00:00,0.0,BTCUSDT
2025-02-20 23:00:00,0.0,BTCUSDT
2025-02-21 00:00:00,-6.952544249937686e-05,BTCUSDT
2025-02-21 01:00:00,0.0,BTCUSDT
2025-02-21 02:00:00,0.0,BTCUSDT
2025-02-21 03:00:00,0.0,BTCUSDT
2025-02-21 04:00:00,0.0,BTCUSDT
2025-02-21 05:00:00,0.0,BTCUSDT
2025-02-21 06:00:00,0.0,BTCUSDT
2025-02-21 07:00:00,0.0,BTCUSDT
2025-02-21 08:00:00,-0.00011473856923949285,BTCUSDT
2025-02-21 09:00:00,0.0,BTCUSDT
2025-02-21 10:00:00,0.0,BTCUSDT
2025-02-21 11:00:00,0.0,BTCUSDT
2025-02-21 12:00:00,0.0,BTCUSDT
2025-02-21 13:00:00,0.0,BTCUSDT
2025-02-21 14:00:00,0.0,BTCUSDT
2025-02-21 15:00:00,0.0,BTCUSDT
2025-02-21 16:00:00,0.0002530874988750032,BTCUSDT
2025-02-21 17:00:00,0.0,BTCUSDT
2025-02-21 18:00:00,0.0,BTCUSDT
2025-02-21 19:00:00,0.0,BTCUSDT
2025-02-21 20:00:00,0.0,BTCUSDT
2025-02-21 21:00:00,0.0,BTCUSDT
2025-02-21 22:00:00,0.0,BTCUSDT
2025-02-21 23:00:00,0.0,BTCUSDT
2025-02-22 00:00:00,0.00020087301314368196,BTCUSDT
2025-02-22 01:00:00,0.0,BTCUSDT
2025-02-22 02:00:00,0.0,BTCUSDT
2025-02-22 03:00:00,0.0,BTCUSDT
2025-02-22 04:00:00,0.0,BTCUSDT
2025-02-22 05:00:00,0.0,BTCUSDT
2025-02-22 06:00:00,0.0,BTCUSDT
2025-02-22 07:00:00,0.0,BTCUSDT
2025-02-22 08:00:00,0.0001247058403682186,BTCUSDT
2025-02-22 09:00:00,0.0,BTCUSDT
2025-02-22 10:00:00,0.0,BTCUSDT
2025-02-22 11:00:00,0.0,BTCUSDT
2025-02-22 12:00:00,0.0,BTCUSDT
2025-02-22 13:00:00,0.0,BTCUSDT
2025-02-22 14:00:00,0.0,BTCUSDT
2025-02-22 15:00:00,0.0,BTCUSDT
2025-02-22 16:00:00,0.00019150838680095624,BTCUSDT
2025-02-22 17:00:00,0.0,BTCUSDT
2025-02-22 18:00:00,0.0,BTCUSDT
2025-02-22 19:00:00,0.0,BTCUSDT
2025-02-22 20:00:00,0.0,BTCUSDT
2025-02-22 21:00:00,0.0,BTCUSDT
2025-02-22 22:00:00,0.0,BTCUSDT
2025-02-22 23:00:00,0.0,BTCUSDT
2025-02-23 00:00:00,5.548501455502941e-05,BTCUSDT
2025-02-23 01:00:00,0.0,BTCUSDT
2025-02-23 02:00:00,0.0,BTCUSDT
2025-02-23 03:00:00,0.0,BTCUSDT
2025-02-23 04:00:00,0.0,BTCUSDT
2025-02-23 05:00:00,0.0,BTCUSDT
2025-02-23 06:00:00,0.0,BTCUSDT
2025-02-23 07:00:00,0.0,BTCUSDT
2025-02-23 08:00:00,-0.00017293526518010838,BTCUSDT
2025-02-23 09:00:00,0.0,BTCUSDT
2025-02-23 10:00:00,0.0,BTCUSDT
2025-02-23 11:00:00,0.0,BTCUSDT
2025-02-23 12:00:00,0.0,BTCUSDT
2025-02-23 13:00:00,0.0,BTCUSDT
2025-02-23 14:00:00,0.0,BTCUSDT
2025-02-23 15:00:00,0.0,BTCUSDT
2025-02-23 16:00:00,0.00029757231648130185,BTCUSDT
2025-02-23 17:00:00,0.0,BTCUSDT
2025-02-23 18:00:00,0.0,BTCUSDT
2025-02-23 19:00:00,0.0,BTCUSDT
2025-02-23 20:00:00,0.0,BTCUSDT
2025-02-23 21:00:00,0.0,BTCUSDT
2025-02-23 22:00:00,0.0,BTCUSDT
2025-02-23 23:00:00,0.0,BTCUSDT
2025-02-24 00:00:00,0.00046973261379331006,BTCUSDT
2025-02-24 01:00:00,0.0,BTCUSDT
2025-02-24 02:00:00,0.0,BTCUSDT
2025-02-24 03:00:00,0.0,BTCUSDT
2025-02-24 04:00:00,0.0,BTCUSDT
2025-02-24 05:00:00,0.0,BTCUSDT
2025-02-24 06:00:00,0.0,BTCUSDT
2025-02-24 07:00:00,0.0,BTCUSDT
2025-02-24 08:00:00,0.0002540100217835172,BTCUSDT
2025-02-24 09:00:00,0.0,BTCUSDT
2025-02-24 10:00:00,0.0,BTCUSDT
2025-02-24 11:00:00,0.0,BTCUSDT
2025-02-24 12:00:00,0.0,BTCUSDT
2025-02-24 13:00:00,0.0,BTCUSDT
2025-02-24 14:00:00,0.0,BTCUSDT
2025-02-24 15:00:00,0.0,BTCUSDT
2025-02-24 16:00:00,0.00023462673844659368,BTCUSDT
2025-02-24 17:00:00,0.0,BTCUSDT
2025-02-24 18:00:00,0.0,BTCUSDT
2025-02-24 19:00:00,0.0,BTCUSDT
2025-02-24 20:00:00,0.0,BTCUSDT
2025-02-24 21:00:00,0.0,BTCUSDT
2025-02-24 22:00:00,0.0,BTCUSDT
2025-02-24 23:00:00,0.0,BTCUSDT
2025-02-25 00:00:00,-7.164320635432536e-05,BTCUSDT
2025-02-25 01:00:00,0.0,BTCUSDT
2025-02-25 02:00:00,0.0,BTCUSDT
2025-02-25 03:00:00,0.0,BTCUSDT
2025-02-25 04:00:00,0.0,BTCUSDT
2025-02-25 05:00:00,0.0,BTCUSDT
2025-02-25 06:00:00,0.0,BTCUSDT
2025-02-25 07:00:00,0.0,BTCUSDT
2025-02-25 08:00:00,-3.4261518274217206e-05,BTCUSDT
2025-02-25 09:00:00,0.0,BTCUSDT
2025-02-25 10:00:00,0.0,BTCUSDT
2025-02-25 11:00:00,0.0,BTCUSDT
2025-02-25 12:00:00,0.0,BTCUSDT
2025-02-25 13:00:00,0.0,BTCUSDT
2025-02-25 14:00:00,0.0,BTCUSDT
2025-02-25 15:00:00,0.0,BTCUSDT
2025-02-25 16:00:00,0.0006006343581811423,BTCUSDT
2025-02-25 17:00:00,0.0,BTCUSDT
2025-02-25 18:00:00,0.0,BTCUSDT
2025-02-25 19:00:00,0.0,BTCUSDT
2025-02-25 20:00:00,0.0,BTCUSDT
2025-02-25 21:00:00,0.0,BTCUSDT
2025-02-25 22:00:00,0.0,BTCUSDT
2025-02-25 23:00:00,0.0,BTCUSDT
2025-02-26 00:00:00,0.00013322812261566615,BTCUSDT
2025-02-26 01:00:00,0.0,BTCUSDT
2025-02-26 02:00:00,0.0,BTCUSDT
2025-02-26 03:00:00,0.0,BTCUSDT
2025-02-26 04:00:00,0.0,BTCUSDT
2025-02-26 05:00:00,0.0,BTCUSDT
2025-02-26 06:00:00,0.0,BTCUSDT
2025-02-26 07:00:00,0.0,BTCUSDT
2025-02-26 08:00:00,-0.0001386751537086631,BTCUSDT
2025-02-26 09:00:00,0.0,BTCUSDT
2025-02-26 10:00:00,0.0,BTCUSDT
2025-02-26 11:00:00,0.0,BTCUSDT
2025-02-26 12:00:00,0.0,BTCUSDT
2025-02-26 13:00:00,0.0,BTCUSDT
2025-02-26 14:00:00,0.0,BTCUSDT
2025-02-26 15:00:00,0.0,BTCUSDT
2025-02-26 16:00:00,0.0001452476177334843,BTCUSDT
2025-02-26 17:00:00,0.0,BTCUSDT
2025-02-26 18:00:00,0.0,BTCUSDT
2025-02-26 19:00:00,0.0,BTCUSDT
2025-02-26 20:00:00,0.0,BTCUSDT
2025-02-26 21:00:00,0.0,BTCUSDT
2025-02-26 22:00:00,0.0,BTCUSDT
2025-02-26 23:00:00,0.0,BTCUSDT
2025-02-27 00:00:00,8.601633234953712e-06,BTCUSDT
2025-02-27 01:00:00,0.0,BTCUSDT
2025-02-27 02:00:00,0.0,BTCUSDT
2025-02-27 03:00:00,0.0,BTCUSDT
2025-02-27 04:00:00,0.0,BTCUSDT
2025-02-27 05:00:00,0.0,BTCUSDT
2025-02-27 06:00:00,0.0,BTCUSDT
2025-02-27 07:00:00,0.0,BTCUSDT
2025-02-27 08:00:00,-0.0001986379624417863,BTCUSDT
2025-02-27 09:00:00,0.0,BTCUSDT
2025-02-27 10:00:00,0.0,BTCUSDT
2025-02-27 11:00:00,0.0,BTCUSDT
2025-02-27 12:00:00,0.0,BTCUSDT
2025-02-27 13:00:00,0.0,BTCUSDT
2025-02-27 14:00:00,0.0,BTCUSDT
2025-02-27 15:00:00,0.0,BTCUSDT
2025-02-27 16:00:00,-0.00010622121065885266,BTCUSDT
2025-02-27 17:00:00,0.0,BTCUSDT
2025-02-27 18:00:00,0.0,BTCUSDT
2025-02-27 19:00:00,0.0,BTCUSDT
2025-02-27 20:00:00,0.0,BTCUSDT
2025-02-27 21:00:00,0.0,BTCUSDT
2025-02-27 22:00:00,0.0,BTCUSDT
2025-02-27 23:00:00,0.0,BTCUSDT
2025-02-28 00:00:00,8.441545286429683e-05,BTCUSDT
2025-02-28 01:00:00,0.0,BTCUSDT
2025-02-28 02:00:00,0.0,BTCUSDT
2025-02-28 03:00:00,0.0,BTCUSDT
2025-02-28 04:00:00,0.0,BTCUSDT
2025-02-28 05:00:00,0.0,BTCUSDT
2025-02-28 06:00:00,0.0,BTCUSDT
2025-02-28 07:00:00,0.0,BTCUSDT
2025-02-28 08:00:00,-2.584675267748388e-05,BTCUSDT
2025-02-28 09:00:00,0.0,BTCUSDT
2025-02-28 10:00:00,0.0,BTCUSDT
2025-02-28 11:00:00,0.0,BTCUSDT
2025-02-28 12:00:00,0.0,BTCUSDT
2025-02-28 13:00:00,0.0,BTCUSDT
2025-02-28 14:00:00,0.0,BTCUSDT
2025-02-28 15:00:00,0.0,BTCUSDT
2025-02-28 16:00:00,0.0003154587346031386,BTCUSDT
2025-02-28 17:00:00,0.0,BTCUSDT
2025-02-28 18:00:00,0.0,BTCUSDT
2025-02-28 19:00:00,0.0,BTCUSDT
2025-02-28 20:00:00,0.0,BTCUSDT
2025-02-28 21:00:00,0.0,BTCUSDT
2025-02-28 22:00:00,0.0,BTCUSDT
2025-02-28 23:00:00,0.0,BTCUSDT
2025-03-01 00:00:00,0.00015834654507566182,BTCUSDT
2025-03-01 01:00:00,0.0,BTCUSDT
2025-03-01 02:00:00,0.0,BTCUSDT
2025-03-01 03:00:00,0.0,BTCUSDT
2025-03-01 04:00:00,0.0,BTCUSDT
2025-03-01 05:00:00,0.0,BTCUSDT
2025-03-01 06:00:00,0.0,BTCUSDT
2025-03-01 07:00:00,0.0,BTCUSDT
2025-03-01 08:00:00,0.00010200423034811381,BTCUSDT
2025-03-01 09:00:00,0.0,BTCUSDT
2025-03-01 10:00:00,0.0,BTCUSDT
2025-03-01 11:00:00,0.0,BTCUSDT
2025-03-01 12:00:00,0.0,BTCUSDT
2025-03-01 13:00:00,0.0,BTCUSDT
2025-03-01 14:00:00,0.0,BTCUSDT
2025-03-01 15:00:00,0.0,BTCUSDT
2025-03-01 16:00:00,0.0002792999340400332,BTCUSDT
2025-03-01 17:00:00,0.0,BTCUSDT
2025-03-01 18:00:00,0.0,BTCUSDT
2025-03-01 19:00:00,0.0,BTCUSDT
2025-03-01 20:00:00,0.0,BTCUSDT
2025-03-01 21:00:00,0.0,BTCUSDT
2025-03-01 22:00:00,0.0,BTCUSDT
2025-03-01 23:00:00,0.0,BTCUSDT
2025-03-02 00:00:00,0.0003549306248076682,BTCUSDT
2025-03-02 01:00:00,0.0,BTCUSDT
2025-03-02 02:00:00,0.0,BTCUSDT
2025-03-02 03:00:00,0.0,BTCUSDT
2025-03-02 04:00:00,0.0,BTCUSDT
2025-03-02 05:00:00,0.0,BTCUSDT
2025-03-02 06:00:00,0.0,BTCUSDT
2025-03-02 07:00:00,0.0,BTCUSDT
2025-03-02 08:00:00,-7.876328611632252e-05,BTCUSDT
2025-03-02 09:00:00,0.0,BTCUSDT
2025-03-02 10:00:00,0.0,BTCUSDT
2025-03-02 11:00:00,0.0,BTCUSDT
2025-03-02 12:00:00,0.0,BTCUSDT
2025-03-02 13:00:00,0.0,BTCUSDT
2025-03-02 14:00:00,0.0,BTCUSDT
2025-03-02 15:00:00,0.0,BTCUSDT
2025-03-02 16:00:00,0.0004371403508069943,BTCUSDT
2025-03-02 17:00:00,0.0,BTCUSDT
2025-03-02 18:00:00,0.0,BTCUSDT
2025-03-02 19:00:00,0.0,BTCUSDT
2025-03-02 20:00:00,0.0,BTCUSDT
2025-03-02 21:00:00,0.0,BTCUSDT
2025-03-02 22:00:00,0.0,BTCUSDT
2025-03-02 23:00:00,0.0,BTCUSDT
2025-03-03 00:00:00,0.0002598136146284599,BTCUSDT
2025-03-03 01:00:00,0.0,BTCUSDT
2025-03-03 02:00:00,0.0,BTCUSDT
2025-03-03 03:00:00,0.0,BTCUSDT
2025-03-03 04:00:00,0.0,BTCUSDT
2025-03-03 05:00:00,0.0,BTCUSDT
2025-03-03 06:00:00,0.0,BTCUSDT
2025-03-03 07:00:00,0.0,BTCUSDT
2025-03-03 08:00:00,0.00023717809128758404,BTCUSDT
2025-03-03 09:00:00,0.0,BTCUSDT
2025-03-03 10:00:00,0.0,BTCUSDT
2025-03-03 11:00:00,0.0,BTCUSDT
2025-03-03 12:00:00,0.0,BTCUSDT
2025-03-03 13:00:00,0.0,BTCUSDT
2025-03-03 14:00:00,0.0,BTCUSDT
2025-03-03 15:00:00,0.0,BTCUSDT
2025-03-03 16:00:00,0.00025273362994379905,BTCUSDT
2025-03-03 17:00:00,0.0,BTCUSDT
2025-03-03 18:00:00,0.0,BTCUSDT
2025-03-03 19:00:00,0.0,BTCUSDT
2025-03-03 20:00:00,0.0,BTCUSDT
2025-03-03 21:00:00,0.0,BTCUSDT
2025-03-03 22:00:00,0.0,BTCUSDT
2025-03-03 23:00:00,0.0,BTCUSDT
2025-03-04 00:00:00,0.0004937514618867918,BTCUSDT
2025-03-04 01:00:00,0.0,BTCUSDT
2025-03-04 02:00:00,0.0,BTCUSDT
2025-03-04 03:00:00,0.0,BTCUSDT
2025-03-04 04:00:00,0.0,BTCUSDT
2025-03-04 05:00:00,0.0,BTCUSDT
2025-03-04 06:00:00,0.0,BTCUSDT
2025-03-04 07:00:00,0.0,BTCUSDT
2025-03-04 08:00:00,0.0001691240689302892,BTCUSDT
2025-03-04 09:00:00,0.0,BTCUSDT
2025-03-04 10:00:00,0.0,BTCUSDT
2025-03-04 11:00:00,0.0,BTCUSDT
2025-03-04 12:00:00,0.0,BTCUSDT
2025-03-04 13:00:00,0.0,BTCUSDT
2025-03-04 14:00:00,0.0,BTCUSDT
2025-03-04 15:00:00,0.0,BTCUSDT
2025-03-04 16:00:00,-1.7338917752374546e-05,BTCUSDT
2025-03-04 17:00:00,0.0,BTCUSDT
2025-03-04 18:00:00,0.0,BTCUSDT
2025-03-04 19:00:00,0.0,BTCUSDT
2025-03-04 20:00:00,0.0,BTCUSDT
2025-03-04 21:00:00,0.0,BTCUSDT
2025-03-04 22:00:00,0.0,BTCUSDT
2025-03-04 23:00:00,0.0,BTCUSDT
2025-03-05 00:00:00,-0.0003711406980254716,BTCUSDT
2025-03-05 01:00:00,0.0,BTCUSDT
2025-03-05 02:00:00,0.0,BTCUSDT
2025-03-05 03:00:00,0.0,BTCUSDT
2025-03-05 04:00:00,0.0,BTCUSDT
2025-03-05 05:00:00,0.0,BTCUSDT
2025-03-05 06:00:00,0.0,BTCUSDT
2025-03-05 07:00:00,0.0,BTCUSDT
2025-03-05 08:00:00,0.00014774758505827133,BTCUSDT
2025-03-05 09:00:00,0.0,BTCUSDT
2025-03-05 10:00:00,0.0,BTCUSDT
2025-03-05 11:00:00,0.0,BTCUSDT
2025-03-05 12:00:00,0.0,BTCUSDT
2025-03-05 13:00:00,0.0,BTCUSDT
2025-03-05 14:00:00,0.0,BTCUSDT
2025-03-05 15:00:00,0.0,BTCUSDT
2025-03-05 16:00:00,-1.3362663560467842e-05,BTCUSDT
2025-03-05 17:00:00,0.0,BTCUSDT
2025-03-05 18:00:00,0.0,BTCUSDT
2025-03-05 19:00:00,0.0,BTCUSDT
2025-03-05 20:00:00,0.0,BTCUSDT
2025-03-05 21:00:00,0.0,BTCUSDT
2025-03-05 22:00:00,0.0,BTCUSDT
2025-03-05 23:00:00,0.0,BTCUSDT
2025-03-06 00:00:00,0.0001504007522403857,BTCUSDT
2025-03-06 01:00:00,0.0,BTCUSDT
2025-03-06 02:00:00,0.0,BTCUSDT
2025-03-06 03:00:00,0.0,BTCUSDT
2025-03-06 04:00:00,0.0,BTCUSDT
2025-03-06 05:00:00,0.0,BTCUSDT
2025-03-06 06:00:00,0.0,BTCUSDT
2025-03-06 07:00:00,0.0,BTCUSDT
2025-03-06 08:00:00,0.00020323260458529388,BTCUSDT
2025-03-06 09:00:00,0.0,BTCUSDT
2025-03-06 10:00:00,0.0,BTCUSDT
2025-03-06 11:00:00,0.0,BTCUSDT
2025-03-06 12:00:00,0.0,BTCUSDT
2025-03-06 13:00:00,0.0,BTCUSDT
2025-03-06 14:00:00,0.0,BTCUSDT
2025-03-06 15:00:00,0.0,BTCUSDT
2025-03-06 16:00:00,-6.433616526100448e-05,BTCUSDT
2025-03-06 17:00:00,0.0,BTCUSDT
2025-03-06 18:00:00,0.0,BTCUSDT
2025-03-06 19:00:00,0.0,BTCUSDT
2025-03-06 20:00:00,0.0,BTCUSDT
2025-03-06 21:00:00,0.0,BTCUSDT
2025-03-06 22:00:00,0.0,BTCUSDT
2025-03-06 23:00:00,0.0,BTCUSDT
2025-03-07 00:00:00,0.0002234857261854649,BTCUSDT
2025-03-07 01:00:00,0.0,BTCUSDT
2025-03-07 02:00:00,0.0,BTCUSDT
2025-03-07 03:00:00,0.0,BTCUSDT
2025-03-07 04:00:00,0.0,BTCUSDT
2025-03-07 05:00:00,0.0,BTCUSDT
2025-03-07 06:00:00,0.0,BTCUSDT
2025-03-07 07:00:00,0.0,BTCUSDT
2025-03-07 08:00:00,7.324412549575207e-05,BTCUSDT
2025-03-07 09:00:00,0.0,BTCUSDT
2025-03-07 10:00:00,0.0,BTCUSDT
2025-03-07 11:00:00,0.0,BTCUSDT
2025-03-07 12:00:00,0.0,BTCUSDT
2025-03-07 13:00:00,0.0,BTCUSDT
2025-03-07 14:00:00,0.0,BTCUSDT
2025-03-07 15:00:00,0.0,BTCUSDT
2025-03-07 16:00:00,0.00011747148505205275,BTCUSDT
2025-03-07 17:00:00,0.0,BTCUSDT
2025-03-07 18:00:00,0.0,BTCUSDT
2025-03-07 19:00:00,0.0,BTCUSDT
2025-03-07 20:00:00,0.0,BTCUSDT
2025-03-07 21:00:00,0.0,BTCUSDT
2025-03-07 22:00:00,0.0,BTCUSDT
2025-03-07 23:00:00,0.0,BTCUSDT
2025-03-08 00:00:00,-0.00017389275493121165,BTCUSDT
2025-03-08 01:00:00,0.0,BTCUSDT
2025-03-08 02:00:00,0.0,BTCUSDT
2025-03-08 03:00:00,0.0,BTCUSDT
2025-03-08 04:00:00,0.0,BTCUSDT
2025-03-08 05:00:00,0.0,BTCUSDT
2025-03-08 06:00:00,0.0,BTCUSDT
2025-03-08 07:00:00,0.0,BTCUSDT
2025-03-08 08:00:00,0.00029212264650069707,BTCUSDT
2025-03-08 09:00:00,0.0,BTCUSDT
2025-03-08 10:00:00,0.0,BTCUSDT
2025-03-08 11:00:00,0.0,BTCUSDT
2025-03-08 12:00:00,0.0,BTCUSDT
2025-03-08 13:00:00,0.0,BTCUSDT
2025-03-08 14:00:00,0.0,BTCUSDT
2025-03-08 15:00:00,0.0,BTCUSDT
2025-03-08 16:00:00,3.2971372244361495e-05,BTCUSDT
2025-03-08 17:00:00,0.0,BTCUSDT
2025-03-08 18:00:00,0.0,BTCUSDT
2025-03-08 19:00:00,0.0,BTCUSDT
2025-03-08 20:00:00,0.0,BTCUSDT
2025-03-08 21:00:00,0.0,BTCUSDT
2025-03-08 22:00:00,0.0,BTCUSDT
2025-03-08 23:00:00,0.0,BTCUSDT
2025-03-09 00:00:00,0.0003179259045818323,BTCUSDT
2025-03-09 01:00:00,0.0,BTCUSDT
2025-03-09 02:00:00,0.0,BTCUSDT
2025-03-09 03:00:00,0.0,BTCUSDT
2025-03-09 04:00:00,0.0,BTCUSDT
2025-03-09 05:00:00,0.0,BTCUSDT
2025-03-09 06:00:00,0.0,BTCUSDT
2025-03-09 07:00:00,0.0,BTCUSDT
2025-03-09 08:00:00,8.733935544373266e-05,BTCUSDT
2025-03-09 09:00:00,0.0,BTCUSDT
2025-03-09 10:00:00,0.0,BTCUSDT
2025-03-09 11:00:00,0.0,BTCUSDT
2025-03-09 12:00:00,0.0,BTCUSDT
2025-03-09 13:00:00,0.0,BTCUSDT
2025-03-09 14:00:00,0.0,BTCUSDT
2025-03-09 15:00:00,0.0,BTCUSDT
2025-03-09 16:00:00,0.00033099951210832353,BTCUSDT
2025-03-09 17:00:00,0.0,BTCUSDT
2025-03-09 18:00:00,0.0,BTCUSDT
2025-03-09 19:00:00,0.0,BTCUSDT
2025-03-09 20:00:00,0.0,BTCUSDT
2025-03-09 21:00:00,0.0,BTCUSDT
2025-03-09 22:00:00,0.0,BTCUSDT
2025-03-09 23:00:00,0.0,BTCUSDT
2025-03-10 00:00:00,0.00035448567656331907,BTCUSDT
2025-03-10 01:00:00,0.0,BTCUSDT
2025-03-10 02:00:00,0.0,BTCUSDT
2025-03-10 03:00:00,0.0,BTCUSDT
2025-03-10 04:00:00,0.0,BTCUSDT
2025-03-10 05:00:00,0.0,BTCUSDT
2025-03-10 06:00:00,0.0,BTCUSDT
2025-03-10 07:00:00,0.0,BTCUSDT
2025-03-10 08:00:00,-9.088772525819268e-05,BTCUSDT
2025-03-10 09:00:00,0.0,BTCUSDT
2025-03-10 10:00:00,0.0,BTCUSDT
2025-03-10 11:00:00,0.0,BTCUSDT
2025-03-10 12:00:00,0.0,BTCUSDT
2025-03-10 13:00:00,0.0,BTCUSDT
2025-03-10 14:00:00,0.0,BTCUSDT
2025-03-10 15:00:00,0.0,BTCUSDT
2025-03-10 16:00:00,0.00016310458818405066,BTCUSDT
2025-03-10 17:00:00,0.0,BTCUSDT
2025-03-10 18:00:00,0.0,BTCUSDT
2025-03-10 19:00:00,0.0,BTCUSDT
2025-03-10 20:00:00,0.0,BTCUSDT
2025-03-10 21:00:00,0.0,BTCUSDT
2025-03-10 22:00:00,0.0,BTCUSDT
2025-03-10 23:00:00,0.0,BTCUSDT
2025-03-11 00:00:00,3.633979717913319e-05,BTCUSDT
2025-03-11 01:00:00,0.0,BTCUSDT
2025-03-11 02:00:00,0.0,BTCUSDT
2025-03-11 03:00:00,0.0,BTCUSDT
2025-03-11 04:00:00,0.0,BTCUSDT
2025-03-11 05:00:00,0.0,BTCUSDT
2025-03-11 06:00:00,0.0,BTCUSDT
2025-03-11 07:00:00,0.0,BTCUSDT
2025-03-11 08:00:00,3.1931903423419356e-05,BTCUSDT
2025-03-11 09:00:00,0.0,BTCUSDT
2025-03-11 10:00:00,0.0,BTCUSDT
2025-03-11 11:00:00,0.0,BTCUSDT
2025-03-11 12:00:00,0.0,BTCUSDT
2025-03-11 13:00:00,0.0,BTCUSDT
2025-03-11 14:00:00,0.0,BTCUSDT
2025-03-11 15:00:00,0.0,BTCUSDT
2025-03-11 16:00:00,-6.386301658418476e-06,BTCUSDT
2025-03-11 17:00:00,0.0,BTCUSDT
2025-03-11 18:00:00,0.0,BTCUSDT
2025-03-11 19:00:00,0.0,BTCUSDT
2025-03-11 20:00:00,0.0,BTCUSDT
2025-03-11 21:00:00,0.0,BTCUSDT
2025-03-11 22:00:00,0.0,BTCUSDT
2025-03-11 23:00:00,0.0,BTCUSDT
2025-03-12 00:00:00,4.6420253168300254e-05,BTCUSDT
2025-03-12 01:00:00,0.0,BTCUSDT
2025-03-12 02:00:00,0.0,BTCUSDT
2025-03-12 03:00:00,0.0,BTCUSDT
2025-03-12 04:00:00,0.0,BTCUSDT
2025-03-12 05:00:00,0.0,BTCUSDT
2025-03-12 06:00:00,0.0,BTCUSDT
2025-03-12 07:00:00,0.0,BTCUSDT
2025-03-12 08:00:00,5.938618668182557e-07,BTCUSDT
2025-03-12 09:00:00,0.0,BTCUSDT
2025-03-12 10:00:00,0.0,BTCUSDT
2025-03-12 11:00:00,0.0,BTCUSDT
2025-03-12 12:00:00,0.0,BTCUSDT
2025-03-12 13:00:00,0.0,BTCUSDT
2025-03-12 14:00:00,0.0,BTCUSDT
2025-03-12 15:00:00,0.0,BTCUSDT
2025-03-12 16:00:00,0.0003212914304589289,BTCUSDT
2025-03-12 17:00:00,0.0,BTCUSDT
2025-03-12 18:00:00,0.0,BTCUSDT
2025-03-12 19:00:00,0.0,BTCUSDT
2025-03-12 20:00:00,0.0,BTCUSDT
2025-03-12 21:00:00,0.0,BTCUSDT
2025-03-12 22:00:00,0.0,BTCUSDT
2025-03-12 23:00:00,0.0,BTCUSDT
2025-03-13 00:00:00,-9.71466066854949e-05,BTCUSDT
2025-03-13 01:00:00,0.0,BTCUSDT
2025-03-13 02:00:00,0.0,BTCUSDT
2025-03-13 03:00:00,0.0,BTCUSDT
2025-03-13 04:00:00,0.0,BTCUSDT
2025-03-13 05:00:00,0.0,BTCUSDT
2025-03-13 06:00:00,0.0,BTCUSDT
2025-03-13 07:00:00,0.0,BTCUSDT
2025-03-13 08:00:00,-0.00019747488928079538,BTCUSDT
2025-03-13 09:00:00,0.0,BTCUSDT
2025-03-13 10:00:00,0.0,BTCUSDT
2025-03-13 11:00:00,0.0,BTCUSDT
2025-03-13 12:00:00,0.0,BTCUSDT
2025-03-13 13:00:00,0.0,BTCUSDT
2025-03-13 14:00:00,0.0,BTCUSDT
2025-03-13 15:00:00,0.0,BTCUSDT
2025-03-13 16:00:00,0.00010450007764908792,BTCUSDT
2025-03-13 17:00:00,0.0,BTCUSDT
2025-03-13 18:00:00,0.0,BTCUSDT
2025-03-13 19:00:00,0.0,BTCUSDT
2025-03-13 20:00:00,0.0,BTCUSDT
2025-03-13 21:00:00,0.0,BTCUSDT
2025-03-13 22:00:00,0.0,BTCUSDT
2025-03-13 23:00:00,0.0,BTCUSDT
2025-03-14 00:00:00,8.097502448930604e-05,BTCUSDT
2025-03-14 01:00:00,0.0,BTCUSDT
2025-03-14 02:00:00,0.0,BTCUSDT
2025-03-14 03:00:00,0.0,BTCUSDT
2025-03-14 04:00:00,0.0,BTCUSDT
2025-03-14 05:00:00,0.0,BTCUSDT
2025-03-14 06:00:00,0.0,BTCUSDT
2025-03-14 07:00:00,0.0,BTCUSDT
2025-03-14 08:00:00,1.774791390330334e-05,BTCUSDT
2025-03-14 09:00:00,0.0,BTCUSDT
2025-03-14 10:00:00,0.0,BTCUSDT
2025-03-14 11:00:00,0.0,BTCUSDT
2025-03-14 12:00:00,0.0,BTCUSDT
2025-03-14 13:00:00,0.0,BTCUSDT
2025-03-14 14:00:00,0.0,BTCUSDT
2025-03-14 15:00:00,0.0,BTCUSDT
2025-03-14 16:00:00,0.0003261053239074622,BTCUSDT
2025-03-14 17:00:00,0.0,BTCUSDT
2025-03-14 18:00:00,0.0,BTCUSDT
2025-03-14 19:00:00,0.0,BTCUSDT
2025-03-14 20:00:00,0.0,BTCUSDT
2025-03-14 21:00:00,0.0,BTCUSDT
2025-03-14 22:00:00,0.0,BTCUSDT
2025-03-14 23:00:00,0.0,BTCUSDT
2025-03-15 00:00:00,0.00031949699427063274,BTCUSDT
2025-03-15 01:00:00,0.0,BTCUSDT
2025-03-15 02:00:00,0.0,BTCUSDT
2025-03-15 03:00:00,0.0,BTCUSDT
2025-03-15 04:00:00,0.0,BTCUSDT
2025-03-15 05:00:00,0.0,BTCUSDT
2025-03-15 06:00:00,0.0,BTCUSDT
2025-03-15 07:00:00,0.0,BTCUSDT
2025-03-15 08:00:00,4.653659536643822e-05,BTCUSDT
2025-03-15 09:00:00,0.0,BTCUSDT
2025-03-15 10:00:00,0.0,BTCUSDT
2025-03-15 11:00:00,0.0,BTCUSDT
2025-03-15 12:00:00,0.0,BTCUSDT
2025-03-15 13:00:00,0.0,BTCUSDT
2025-03-15 14:00:00,0.0,BTCUSDT
2025-03-15 15:00:00,0.0,BTCUSDT
2025-03-15 16:00:00,-0.00015954567513624653,BTCUSDT
2025-03-15 17:00:00,0.0,BTCUSDT
2025-03-15 18:00:00,0.0,BTCUSDT
2025-03-15 19:00:00,0.0,BTCUSDT
2025-03-15 20:00:00,0.0,BTCUSDT
2025-03-15 21:00:00,0.0,BTCUSDT
2025-03-15 22:00:00,0.0,BTCUSDT
2025-03-15 23:00:00,0.0,BTCUSDT
2025-03-16 00:00:00,1.2314526556945322e-05,BTCUSDT
2025-03-16 01:00:00,0.0,BTCUSDT
2025-03-16 02:00:00,0.0,BTCUSDT
2025-03-16 03:00:00,0.0,BTCUSDT
2025-03-16 04:00:00,0.0,BTCUSDT
2025-03-16 05:00:00,0.0,BTCUSDT
2025-03-16 06:00:00,0.0,BTCUSDT
2025-03-16 07:00:00,0.0,BTCUSDT
2025-03-16 08:00:00,4.095001073643189e-06,BTCUSDT
2025-03-16 09:00:00,0.0,BTCUSDT
2025-03-16 10:00:00,0.0,BTCUSDT
2025-03-16 11:00:00,0.0,BTCUSDT
2025-03-16 12:00:00,0.0,BTCUSDT
2025-03-16 13:00:00,0.0,BTCUSDT
2025-03-16 14:00:00,0.0,BTCUSDT
2025-03-16 15:00:00,0.0,BTCUSDT
2025-03-16 16:00:00,6.27127168356892e-05,BTCUSDT
2025-03-16 17:00:00,0.0,BTCUSDT
2025-03-16 18:00:00,0.0,BTCUSDT
2025-03-16 19:00:00,0.0,BTCUSDT
2025-03-16 20:00:00,0.0,BTCUSDT
2025-03-16 21:00:00,0.0,BTCUSDT
2025-03-16 22:00:00,0.0,BTCUSDT
2025-03-16 23:00:00,0.0,BTCUSDT
2025-03-17 00:00:00,-6.841973794427773e-05,BTCUSDT
2025-03-17 01:00:00,0.0,BTCUSDT
2025-03-17 02:00:00,0.0,BTCUSDT
2025-03-17 03:00:00,0.0,BTCUSDT
2025-03-17 04:00:00,0.0,BTCUSDT
2025-03-17 05:00:00,0.0,BTCUSDT
2025-03-17 06:00:00,0.0,BTCUSDT
2025-03-17 07:00:00,0.0,BTCUSDT
2025-03-17 08:00:00,8.376136317290607e-05,BTCUSDT
2025-03-17 09:00:00,0.0,BTCUSDT
2025-03-17 10:00:00,0.0,BTCUSDT
2025-03-17 11:00:00,0.0,BTCUSDT
2025-03-17 12:00:00,0.0,BTCUSDT
2025-03-17 13:00:00,0.0,BTCUSDT
2025-03-17 14:00:00,0.0,BTCUSDT
2025-03-17 15:00:00,0.0,BTCUSDT
2025-03-17 16:00:00,0.0003377612482386313,BTCUSDT
2025-03-17 17:00:00,0.0,BTCUSDT
2025-03-17 18:00:00,0.0,BTCUSDT
2025-03-17 19:00:00,0.0,BTCUSDT
2025-03-17 20:00:00,0.0,BTCUSDT
2025-03-17 21:00:00,0.0,BTCUSDT
2025-03-17 22:00:00,0.0,BTCUSDT
2025-03-17 23:00:00,0.0,BTCUSDT
2025-03-18 00:00:00,0.00032692793996421136,BTCUSDT
2025-03-18 01:00:00,0.0,BTCUSDT
2025-03-18 02:00:00,0.0,BTCUSDT
2025-03-18 03:00:00,0.0,BTCUSDT
2025-03-18 04:00:00,0.0,BTCUSDT
2025-03-18 05:00:00,0.0,BTCUSDT
2025-03-18 06:00:00,0.0,BTCUSDT
2025-03-18 07:00:00,0.0,BTCUSDT
2025-03-18 08:00:00,0.00017473068112422967,BTCUSDT
2025-03-18 09:00:00,0.0,BTCUSDT
2025-03-18 10:00:00,0.0,BTCUSDT
2025-03-18 11:00:00,0.0,BTCUSDT
2025-03-18 12:00:00,0.0,BTCUSDT
2025-03-18 13:00:00,0.0,BTCUSDT
2025-03-18 14:00:00,0.0,BTCUSDT
2025-03-18 15:00:00,0.0,BTCUSDT
2025-03-18 16:00:00,0.0003396450786402574,BTCUSDT
2025-03-18 17:00:00,0.0,BTCUSDT
2025-03-18 18:00:00,0.0,BTCUSDT
2025-03-18 19:00:00,0.0,BTCUSDT
2025-03-18 20:00:00,0.0,BTCUSDT
2025-03-18 21:00:00,0.0,BTCUSDT
2025-03-18 22:00:00,0.0,BTCUSDT
2025-03-18 23:00:00,0.0,BTCUSDT
2025-03-19 00:00:00,3.3644245645575555e-05,BTCUSDT
2025-03-19 01:00:00,0.0,BTCUSDT
2025-03-19 02:00:00,0.0,BTCUSDT
2025-03-19 03:00:00,0.0,BTCUSDT
2025-03-19 04:00:00,0.0,BTCUSDT
2025-03-19 05:00:00,0.0,BTCUSDT
2025-03-19 06:00:00,0.0,BTCUSDT
2025-03-19 07:00:00,0.0,BTCUSDT
2025-03-19 08:00:00,0.00015472291623314105,BTCUSDT
2025-03-19 09:00:00,0.0,BTCUSDT
2025-03-19 10:00:00,0.0,BTCUSDT
2025-03-19 11:00:00,0.0,BTCUSDT
2025-03-19 12:00:00,0.0,BTCUSDT
2025-03-19 13:00:00,0.0,BTCUSDT
2025-03-19 14:00:00,0.0,BTCUSDT
2025-03-19 15:00:00,0.0,BTCUSDT
2025-03-19 16:00:00,2.7428874525278578e-05,BTCUSDT
2025-03-19 17:00:00,0.0,BTCUSDT
2025-03-19 18:00:00,0.0,BTCUSDT
2025-03-19 19:00:00,0.0,BTCUSDT
2025-03-19 20:00:00,0.0,BTCUSDT
2025-03-19 21:00:00,0.0,BTCUSDT
2025-03-19 22:00:00,0.0,BTCUSDT
2025-03-19 23:00:00,0.0,BTCUSDT
2025-03-20 00:00:00,0.0003868002007460922,BTCUSDT
2025-03-20 01:00:00,0.0,BTCUSDT
2025-03-20 02:00:00,0.0,BTCUSDT
2025-03-20 03:00:00,0.0,BTCUSDT
2025-03-20 04:00:00,0.0,BTCUSDT
2025-03-20 05:00:00,0.0,BTCUSDT
2025-03-20 06:00:00,0.0,BTCUSDT
2025-03-20 07:00:00,0.0,BTCUSDT
2025-03-20 08:00:00,0.0002355274203849776,BTCUSDT
2025-03-20 09:00:00,0.0,BTCUSDT
2025-03-20 10:00:00,0.0,BTCUSDT
2025-03-20 11:00:00,0.0,BTCUSDT
2025-03-20 12:00:00,0.0,BTCUSDT
2025-03-20 13:00:00,0.0,BTCUSDT
2025-03-20 14:00:00,0.0,BTCUSDT
2025-03-20 15:00:00,0.0,BTCUSDT
2025-03-20 16:00:00,-7.455699070552851e-05,BTCUSDT
2025-03-20 17:00:00,0.0,BTCUSDT
2025-03-20 18:00:00,0.0,BTCUSDT
2025-03-20 19:00:00,0.0,BTCUSDT
2025-03-20 20:00:00,0.0,BTCUSDT
2025-03-20 21:00:00,0.0,BTCUSDT
2025-03-20 22:00:00,0.0,BTCUSDT
2025-03-20 23:00:00,0.0,BTCUSDT
2025-03-21 00:00:00,-6.649532434467775e-05,BTCUSDT
2025-03-21 01:00:00,0.0,BTCUSDT
2025-03-21 02:00:00,0.0,BTCUSDT
2025-03-21 03:00:00,0.0,BTCUSDT
2025-03-21 04:00:00,0.0,BTCUSDT
2025-03-21 05:00:00,0.0,BTCUSDT
2025-03-21 06:00:00,0.0,BTCUSDT
2025-03-21 07:00:00,0.0,BTCUSDT
2025-03-21 08:00:00,0.0003422855007264861,BTCUSDT
2025-03-21 09:00:00,0.0,BTCUSDT
2025-03-21 10:00:00,0.0,BTCUSDT
2025-03-21 11:00:00,0.0,BTCUSDT
2025-03-21 12:00:00,0.0,BTCUSDT
2025-03-21 13:00:00,0.0,BTCUSDT
2025-03-21 14:00:00,0.0,BTCUSDT
2025-03-21 15:00:00,0.0,BTCUSDT
2025-03-21 16:00:00,0.00037559486678508276,BTCUSDT
2025-03-21 17:00:00,0.0,BTCUSDT
2025-03-21 18:00:00,0.0,BTCUSDT
2025-03-21 19:00:00,0.0,BTCUSDT
2025-03-21 20:00:00,0.0,BTCUSDT
2025-03-21 21:00:00,0.0,BTCUSDT
2025-03-21 22:00:00,0.0,BTCUSDT
2025-03-21 23:00:00,0.0,BTCUSDT
2025-03-22 00:00:00,0.00021763145288717305,BTCUSDT
2025-03-22 01:00:00,0.0,BTCUSDT
2025-03-22 02:00:00,0.0,BTCUSDT
2025-03-22 03:00:00,0.0,BTCUSDT
2025-03-22 04:00:00,0.0,BTCUSDT
2025-03-22 05:00:00,0.0,BTCUSDT
2025-03-22 06:00:00,0.0,BTCUSDT
2025-03-22 07:00:00,0.0,BTCUSDT
2025-03-22 08:00:00,-0.00018623766664715042,BTCUSDT
2025-03-22 09:00:00,0.0,BTCUSDT
2025-03-22 10:00:00,0.0,BTCUSDT
2025-03-22 11:00:00,0.0,BTCUSDT
2025-03-22 12:00:00,0.0,BTCUSDT
2025-03-22 13:00:00,0.0,BTCUSDT
2025-03-22 14:00:00,0.0,BTCUSDT
2025-03-22 15:00:00,0.0,BTCUSDT
2025-03-22 16:00:00,6.13689550300842e-05,BTCUSDT
2025-03-22 17:00:00,0.0,BTCUSDT
2025-03-22 18:00:00,0.0,BTCUSDT
2025-03-22 19:00:00,0.0,BTCUSDT
2025-03-22 20:00:00,0.0,BTCUSDT
2025-03-22 21:00:00,0.0,BTCUSDT
2025-03-22 22:00:00,0.0,BTCUSDT
2025-03-22 23:00:00,0.0,BTCUSDT
2025-03-23 00:00:00,-0.00035825856137681306,BTCUSDT
2025-03-23 01:00:00,0.0,BTCUSDT
2025-03-23 02:00:00,0.0,BTCUSDT
2025-03-23 03:00:00,0.0,BTCUSDT
2025-03-23 04:00:00,0.0,BTCUSDT
2025-03-23 05:00:00,0.0,BTCUSDT
2025-03-23 06:00:00,0.0,BTCUSDT
2025-03-23 07:00:00,0.0,BTCUSDT
2025-03-23 08:00:00,0.0004016621497495101,BTCUSDT
2025-03-23 09:00:00,0.0,BTCUSDT
2025-03-23 10:00:00,0.0,BTCUSDT
2025-03-23 11:00:00,0.0,BTCUSDT
2025-03-23 12:00:00,0.0,BTCUSDT
2025-03-23 13:00:00,0.0,BTCUSDT
2025-03-23 14:00:00,0.0,BTCUSDT
2025-03-23 15:00:00,0.0,BTCUSDT
2025-03-23 16:00:00,0.000435635984424974,BTCUSDT
2025-03-23 17:00:00,0.0,BTCUSDT
2025-03-23 18:00:00,0.0,BTCUSDT
2025-03-23 19:00:00,0.0,BTCUSDT
2025-03-23 20:00:00,0.0,BTCUSDT
2025-03-23 21:00:00,0.0,BTCUSDT
2025-03-23 22:00:00,0.0,BTCUSDT
2025-03-23 23:00:00,0.0,BTCUSDT
2025-03-24 00:00:00,-0.0003496993068999311,BTCUSDT
2025-03-24 01:00:00,0.0,BTCUSDT
2025-03-24 02:00:00,0.0,BTCUSDT
2025-03-24 03:00:00,0.0,BTCUSDT
2025-03-24 04:00:00,0.0,BTCUSDT
2025-03-24 05:00:00,0.0,BTCUSDT
2025-03-24 06:00:00,0.0,BTCUSDT
2025-03-24 07:00:00,0.0,BTCUSDT
2025-03-24 08:00:00,0.0002868282884467389,BTCUSDT
2025-03-24 09:00:00,0.0,BTCUSDT
2025-03-24 10:00:00,0.0,BTCUSDT
2025-03-24 11:00:00,0.0,BTCUSDT
2025-03-24 12:00:00,0.0,BTCUSDT
2025-03-24 13:00:00,0.0,BTCUSDT
2025-03-24 14:00:00,0.0,BTCUSDT
2025-03-24 15:00:00,0.0,BTCUSDT
2025-03-24 16:00:00,0.0002589517044943868,BTCUSDT
2025-03-24 17:00:00,0.0,BTCUSDT
2025-03-24 18:00:00,0.0,BTCUSDT
2025-03-24 19:00:00,0.0,BTCUSDT
2025-03-24 20:00:00,0.0,BTCUSDT
2025-03-24 21:00:00,0.0,BTCUSDT
2025-03-24 22:00:00,0.0,BTCUSDT
2025-03-24 23:00:00,0.0,BTCUSDT
2025-03-25 00:00:00,-0.00021444610881562597,BTCUSDT
2025-03-25 01:00:00,0.0,BTCUSDT
2025-03-25 02:00:00,0.0,BTCUSDT
2025-03-25 03:00:00,0.0,BTCUSDT
2025-03-25 04:00:00,0.0,BTCUSDT
2025-03-25 05:00:00,0.0,BTCUSDT
2025-03-25 06:00:00,0.0,BTCUSDT
2025-03-25 07:00:00,0.0,BTCUSDT
2025-03-25 08:00:00,0.0004160679541645939,BTCUSDT
2025-03-25 09:00:00,0.0,BTCUSDT
2025-03-25 10:00:00,0.0,BTCUSDT
2025-03-25 11:00:00,0.0,BTCUSDT
2025-03-25 12:00:00,0.0,BTCUSDT
2025-03-25 13:00:00,0.0,BTCUSDT
2025-03-25 14:00:00,0.0,BTCUSDT
2025-03-25 15:00:00,0.0,BTCUSDT
2025-03-25 16:00:00,0.00011093897307492523,BTCUSDT
2025-03-25 17:00:00,0.0,BTCUSDT
2025-03-25 18:00:00,0.0,BTCUSDT
2025-03-25 19:00:00,0.0,BTCUSDT
2025-03-25 20:00:00,0.0,BTCUSDT
2025-03-25 21:00:00,0.0,BTCUSDT
2025-03-25 22:00:00,0.0,BTCUSDT
2025-03-25 23:00:00,0.0,BTCUSDT
2025-03-26 00:00:00,-1.356156843682108e-05,BTCUSDT
2025-03-26 01:00:00,0.0,BTCUSDT
2025-03-26 02:00:00,0.0,BTCUSDT
2025-03-26 03:00:00,0.0,BTCUSDT
2025-03-26 04:00:00,0.0,BTCUSDT
2025-03-26 05:00:00,0.0,BTCUSDT
2025-03-26 06:00:00,0.0,BTCUSDT
2025-03-26 07:00:00,0.0,BTCUSDT
2025-03-26 08:00:00,-2.802930101873995e-05,BTCUSDT
2025-03-26 09:00:00,0.0,BTCUSDT
2025-03-26 10:00:00,0.0,BTCUSDT
2025-03-26 11:00:00,0.0,BTCUSDT
2025-03-26 12:00:00,0.0,BTCUSDT
2025-03-26 13:00:00,0.0,BTCUSDT
2025-03-26 14:00:00,0.0,BTCUSDT
2025-03-26 15:00:00,0.0,BTCUSDT
2025-03-26 16:00:00,0.00011920185359941,BTCUSDT
2025-03-26 17:00:00,0.0,BTCUSDT
2025-03-26 18:00:00,0.0,BTCUSDT
2025-03-26 19:00:00,0.0,BTCUSDT
2025-03-26 20:00:00,0.0,BTCUSDT
2025-03-26 21:00:00,0.0,BTCUSDT
2025-03-26 22:00:00,0.0,BTCUSDT
2025-03-26 23:00:00,0.0,BTCUSDT
2025-03-27 00:00:00,-0.00012304930727536284,BTCUSDT
2025-03-27 01:00:00,0.0,BTCUSDT
2025-03-27 02:00:00,0.0,BTCUSDT
2025-03-27 03:00:00,0.0,BTCUSDT
2025-03-27 04:00:00,0.0,BTCUSDT
2025-03-27 05:00:00,0.0,BTCUSDT
2025-03-27 06:00:00,0.0,BTCUSDT
2025-03-27 07:00:00,0.0,BTCUSDT
2025-03-27 08:00:00,-1.2210170404453602e-05,BTCUSDT
2025-03-27 09:00:00,0.0,BTCUSDT
2025-03-27 10:00:00,0.0,BTCUSDT
2025-03-27 11:00:00,0.0,BTCUSDT
2025-03-27 12:00:00,0.0,BTCUSDT
2025-03-27 13:00:00,0.0,BTCUSDT
2025-03-27 14:00:00,0.0,BTCUSDT
2025-03-27 15:00:00,0.0,BTCUSDT
2025-03-27 16:00:00,-0.00015592956966984864,BTCUSDT
2025-03-27 17:00:00,0.0,BTCUSDT
2025-03-27 18:00:00,0.0,BTCUSDT
2025-03-27 19:00:00,0.0,BTCUSDT
2025-03-27 20:00:00,0.0,BTCUSDT
2025-03-27 21:00:00,0.0,BTCUSDT
2025-03-27 22:00:00,0.0,BTCUSDT
2025-03-27 23:00:00,0.0,BTCUSDT
2025-03-28 00:00:00,4.357501137245301e-05,BTCUSDT
2025-03-28 01:00:00,0.0,BTCUSDT
2025-03-28 02:00:00,0.0,BTCUSDT
2025-03-28 03:00:00,0.0,BTCUSDT
2025-03-28 04:00:00,0.0,BTCUSDT
2025-03-28 05:00:00,0.0,BTCUSDT
2025-03-28 06:00:00,0.0,BTCUSDT
2025-03-28 07:00:00,0.0,BTCUSDT
2025-03-28 08:00:00,0.00016401163829864892,BTCUSDT
2025-03-28 09:00:00,0.0,BTCUSDT
2025-03-28 10:00:00,0.0,BTCUSDT
2025-03-28 11:00:00,0.0,BTCUSDT
2025-03-28 12:00:00,0.0,BTCUSDT
2025-03-28 13:00:00,0.0,BTCUSDT
2025-03-28 14:00:00,0.0,BTCUSDT
2025-03-28 15:00:00,0.0,BTCUSDT
2025-03-28 16:00:00,8.998388022870668e-05,BTCUSDT
2025-03-28 17:00:00,0.0,BTCUSDT
2025-03-28 18:00:00,0.0,BTCUSDT
2025-03-28 19:00:00,0.0,BTCUSDT
2025-03-28 20:00:00,0.0,BTCUSDT
2025-03-28 21:00:00,0.0,BTCUSDT
2025-03-28 22:00:00,0.0,BTCUSDT
2025-03-28 23:00:00,0.0,BTCUSDT
2025-03-29 00:00:00,0.0002377425489109539,BTCUSDT
2025-03-29 01:00:00,0.0,BTCUSDT
2025-03-29 02:00:00,0.0,BTCUSDT
2025-03-29 03:00:00,0.0,BTCUSDT
2025-03-29 04:00:00,0.0,BTCUSDT
2025-03-29 05:00:00,0.0,BTCUSDT
2025-03-29 06:00:00,0.0,BTCUSDT
2025-03-29 07:00:00,0.0,BTCUSDT
2025-03-29 08:00:00,-7.015654972563068e-05,BTCUSDT
2025-03-29 09:00:00,0.0,BTCUSDT
2025-03-29 10:00:00,0.0,BTCUSDT
2025-03-29 11:00:00,0.0,BTCUSDT
2025-03-29 12:00:00,0.0,BTCUSDT
2025-03-29 13:00:00,0.0,BTCUSDT
2025-03-29 14:00:00,0.0,BTCUSDT
2025-03-29 15:00:00,0.0,BTCUSDT
2025-03-29 16:00:00,0.0003631643680032446,BTCUSDT
2025-03-29 17:00:00,0.0,BTCUSDT
2025-03-29 18:00:00,0.0,BTCUSDT
2025-03-29 19:00:00,0.0,BTCUSDT
2025-03-29 20:00:00,0.0,BTCUSDT
2025-03-29 21:00:00,0.0,BTCUSDT
2025-03-29 22:00:00,0.0,BTCUSDT
2025-03-29 23:00:00,0.0,BTCUSDT
2025-03-30 00:00:00,-0.00020210921007389926,BTCUSDT
2025-03-30 01:00:00,0.0,BTCUSDT
2025-03-30 02:00:00,0.0,BTCUSDT
2025-03-30 03:00:00,0.0,BTCUSDT
2025-03-30 04:00:00,0.0,BTCUSDT
2025-03-30 05:00:00,0.0,BTCUSDT
2025-03-30 06:00:00,0.0,BTCUSDT
2025-03-30 07:00:00,0.0,BTCUSDT
2025-03-30 08:00:00,8.34972962177211e-05,BTCUSDT
2025-03-30 09:00:00,0.0,BTCUSDT
2025-03-30 10:00:00,0.0,BTCUSDT
2025-03-30 11:00:00,0.0,BTCUSDT
2025-03-30 12:00:00,0.0,BTCUSDT
2025-03-30 13:00:00,0.0,BTCUSDT
2025-03-30 14:00:00,0.0,BTCUSDT
2025-03-30 15:00:00,0.0,BTCUSDT
2025-03-30 16:00:00,-0.00018727049140783214,BTCUSDT
2025-03-30 17:00:00,0.0,BTCUSDT
2025-03-30 18:00:00,0.0,BTCUSDT
2025-03-30 19:00:00,0.0,BTCUSDT
2025-03-30 20:00:00,0.0,BTCUSDT
2025-03-30 21:00:00,0.0,BTCUSDT
2025-03-30 22:00:00,0.0,BTCUSDT
2025-03-30 23:00:00,0.0,BTCUSDT
2025-03-31 00:00:00,0.00042506606181503897,BTCUSDT
2025-03-31 01:00:00,0.0,BTCUSDT
2025-03-31 02:00:00,0.0,BTCUSDT
2025-03-31 03:00:00,0.0,BTCUSDT
2025-03-31 04:00:00,0.0,BTCUSDT
2025-03-31 05:00:00,0.0,BTCUSDT
2025-03-31 06:00:00,0.0,BTCUSDT
2025-03-31 07:00:00,0.0,BTCUSDT
2025-03-31 08:00:00,-0.00010913899417558245,BTCUSDT
2025-03-31 09:00:00,0.0,BTCUSDT
2025-03-31 10:00:00,0.0,BTCUSDT
2025-03-31 11:00:00,0.0,BTCUSDT
2025-03-31 12:00:00,0.0,BTCUSDT
2025-03-31 13:00:00,0.0,BTCUSDT
2025-03-31 14:00:00,0.0,BTCUSDT
2025-03-31 15:00:00,0.0,BTCUSDT
2025-03-31 16:00:00,0.00023736549909056772,BTCUSDT
2025-03-31 17:00:00,0.0,BTCUSDT
2025-03-31 18:00:00,0.0,BTCUSDT
2025-03-31 19:00:00,0.0,BTCUSDT
2025-03-31 20:00:00,0.0,BTCUSDT
2025-03-31 21:00:00,0.0,BTCUSDT
2025-03-31 22:00:00,0.0,BTCUSDT
2025-03-31 23:00:00,0.0,BTCUSDT
2025-04-01 00:00:00,0.00028355443011030007,BTCUSDT
2025-04-01 01:00:00,0.0,BTCUSDT
2025-04-01 02:00:00,0.0,BTCUSDT
2025-04-01 03:00:00,0.0,BTCUSDT
2025-04-01 04:00:00,0.0,BTCUSDT
2025-04-01 05:00:00,0.0,BTCUSDT
2025-04-01 06:00:00,0.0,BTCUSDT
2025-04-01 07:00:00,0.0,BTCUSDT
2025-04-01 08:00:00,0.0002687580051763151,BTCUSDT
2025-04-01 09:00:00,0.0,BTCUSDT
2025-04-01 10:00:00,0.0,BTCUSDT
2025-04-01 11:00:00,0.0,BTCUSDT
2025-04-01 12:00:00,0.0,BTCUSDT
2025-04-01 13:00:00,0.0,BTCUSDT
2025-04-01 14:00:00,0.0,BTCUSDT
2025-04-01 15:00:00,0.0,BTCUSDT
2025-04-01 16:00:00,-0.0004946612342585114,BTCUSDT
2025-04-01 17:00:00,0.0,BTCUSDT
2025-04-01 18:00:00,0.0,BTCUSDT
2025-04-01 19:00:00,0.0,BTCUSDT
2025-04-01 20:00:00,0.0,BTCUSDT
2025-04-01 21:00:00,0.0,BTCUSDT
2025-04-01 22:00:00,0.0,BTCUSDT
2025-04-01 23:00:00,0.0,BTCUSDT
2025-04-02 00:00:00,0.00022204700113879924,BTCUSDT
2025-04-02 01:00:00,0.0,BTCUSDT
2025-04-02 02:00:00,0.0,BTCUSDT
2025-04-02 03:00:00,0.0,BTCUSDT
2025-04-02 04:00:00,0.0,BTCUSDT
2025-04-02 05:00:00,0.0,BTCUSDT
2025-04-02 06:00:00,0.0,BTCUSDT
2025-04-02 07:00:00,0.0,BTCUSDT
2025-04-02 08:00:00,0.0002504966754148437,BTCUSDT
2025-04-02 09:00:00,0.0,BTCUSDT
2025-04-02 10:00:00,0.0,BTCUSDT
2025-04-02 11:00:00,0.0,BTCUSDT
2025-04-02 12:00:00,0.0,BTCUSDT
2025-04-02 13:00:00,0.0,BTCUSDT
2025-04-02 14:00:00,0.0,BTCUSDT
2025-04-02 15:00:00,0.0,BTCUSDT
2025-04-02 16:00:00,0.0002888429680503629,BTCUSDT
2025-04-02 17:00:00,0.0,BTCUSDT
2025-04-02 18:00:00,0.0,BTCUSDT
2025-04-02 19:00:00,0.0,BTCUSDT
2025-04-02 20:00:00,0.0,BTCUSDT
2025-04-02 21:00:00,0.0,BTCUSDT
2025-04-02 22:00:00,0.0,BTCUSDT
2025-04-02 23:00:00,0.0,BTCUSDT
2025-04-03 00:00:00,-1.8934597432433757e-05,BTCUSDT
2025-04-03 01:00:00,0.0,BTCUSDT
2025-04-03 02:00:00,0.0,BTCUSDT
2025-04-03 03:00:00,0.0,BTCUSDT
2025-04-03 04:00:00,0.0,BTCUSDT
2025-04-03 05:00:00,0.0,BTCUSDT
2025-04-03 06:00:00,0.0,BTCUSDT
2025-04-03 07:00:00,0.0,BTCUSDT
2025-04-03 08:00:00,-0.0001356359374668554,BTCUSDT
2025-04-03 09:00:00,0.0,BTCUSDT
2025-04-03 10:00:00,0.0,BTCUSDT
2025-04-03 11:00:00,0.0,BTCUSDT
2025-04-03 12:00:00,0.0,BTCUSDT
2025-04-03 13:00:00,0.0,BTCUSDT
2025-04-03 14:00:00,0.0,BTCUSDT
2025-04-03 15:00:00,0.0,BTCUSDT
2025-04-03 16:00:00,8.882070667728091e-05,BTCUSDT
2025-04-03 17:00:00,0.0,BTCUSDT
2025-04-03 18:00:00,0.0,BTCUSDT
2025-04-03 19:00:00,0.0,BTCUSDT
2025-04-03 20:00:00,0.0,BTCUSDT
2025-04-03 21:00:00,0.0,BTCUSDT
2025-04-03 22:00:00,0.0,BTCUSDT
2025-04-03 23:00:00,0.0,BTCUSDT
2025-04-04 00:00:00,6.511121314294357e-05,BTCUSDT
2025-04-04 01:00:00,0.0,BTCUSDT
2025-04-04 02:00:00,0.0,BTCUSDT
2025-04-04 03:00:00,0.0,BTCUSDT
2025-04-04 04:00:00,0.0,BTCUSDT
2025-04-04 05:00:00,0.0,BTCUSDT
2025-04-04 06:00:00,0.0,BTCUSDT
2025-04-04 07:00:00,0.0,BTCUSDT
2025-04-04 08:00:00,0.0001248752244601859,BTCUSDT
2025-04-04 09:00:00,0.0,BTCUSDT
2025-04-04 10:00:00,0.0,BTCUSDT
2025-04-04 11:00:00,0.0,BTCUSDT
2025-04-04 12:00:00,0.0,BTCUSDT
2025-04-04 13:00:00,0.0,BTCUSDT
2025-04-04 14:00:00,0.0,BTCUSDT
2025-04-04 15:00:00,0.0,BTCUSDT
2025-04-04 16:00:00,-0.0002335330532381724,BTCUSDT
2025-04-04 17:00:00,0.0,BTCUSDT
2025-04-04 18:00:00,0.0,BTCUSDT
2025-04-04 19:00:00,0.0,BTCUSDT
2025-04-04 20:00:00,0.0,BTCUSDT
2025-04-04 21:00:00,0.0,BTCUSDT
2025-04-04 22:00:00,0.0,BTCUSDT
2025-04-04 23:00:00,0.0,BTCUSDT
2025-04-05 00:00:00,-1.2178582383777032e-06,BTCUSDT
2025-04-05 01:00:00,0.0,BTCUSDT
2025-04-05 02:00:00,0.0,BTCUSDT
2025-04-05 03:00:00,0.0,BTCUSDT
2025-04-05 04:00:00,0.0,BTCUSDT
2025-04-05 05:00:00,0.0,BTCUSDT
2025-04-05 06:00:00,0.0,BTCUSDT
2025-04-05 07:00:00,0.0,BTCUSDT
2025-04-05 08:00:00,6.268534938892707e-05,BTCUSDT
2025-04-05 09:00:00,0.0,BTCUSDT
2025-04-05 10:00:00,0.0,BTCUSDT
2025-04-05 11:00:00,0.0,BTCUSDT
2025-04-05 12:00:00,0.0,BTCUSDT
2025-04-05 13:00:00,0.0,BTCUSDT
2025-04-05 14:00:00,0.0,BTCUSDT
2025-04-05 15:00:00,0.0,BTCUSDT
2025-04-05 16:00:00,-6.792167440813444e-05,BTCUSDT
2025-04-05 17:00:00,0.0,BTCUSDT
2025-04-05 18:00:00,0.0,BTCUSDT
2025-04-05 19:00:00,0.0,BTCUSDT
2025-04-05 20:00:00,0.0,BTCUSDT
2025-04-05 21:00:00,0.0,BTCUSDT
2025-04-05 22:00:00,0.0,BTCUSDT
2025-04-05 23:00:00,0.0,BTCUSDT
2025-04-06 00:00:00,0.0003542060198862281,BTCUSDT
2025-04-06 01:00:00,0.0,BTCUSDT
2025-04-06 02:00:00,0.0,BTCUSDT
2025-04-06 03:00:00,0.0,BTCUSDT
2025-04-06 04:00:00,0.0,BTCUSDT
2025-04-06 05:00:00,0.0,BTCUSDT
2025-04-06 06:00:00,0.0,BTCUSDT
2025-04-06 07:00:00,0.0,BTCUSDT
2025-04-06 08:00:00,-0.00012302525253269752,BTCUSDT
2025-04-06 09:00:00,0.0,BTCUSDT
2025-04-06 10:00:00,0.0,BTCUSDT
2025-04-06 11:00:00,0.0,BTCUSDT
2025-04-06 12:00:00,0.0,BTCUSDT
2025-04-06 13:00:00,0.0,BTCUSDT
2025-04-06 14:00:00,0.0,BTCUSDT
2025-04-06 15:00:00,0.0,BTCUSDT
2025-04-06 16:00:00,0.00027779754983672865,BTCUSDT
2025-04-06 17:00:00,0.0,BTCUSDT
2025-04-06 18:00:00,0.0,BTCUSDT
2025-04-06 19:00:00,0.0,BTCUSDT
2025-04-06 20:00:00,0.0,BTCUSDT
2025-04-06 21:00:00,0.0,BTCUSDT
2025-04-06 22:00:00,0.0,BTCUSDT
2025-04-06 23:00:00,0.0,BTCUSDT
2025-04-07 00:00:00,-0.0004893808438568029,BTCUSDT
2025-04-07 01:00:00,0.0,BTCUSDT
2025-04-07 02:00:00,0.0,BTCUSDT
2025-04-07 03:00:00,0.0,BTCUSDT
2025-04-07 04:00:00,0.0,BTCUSDT
2025-04-07 05:00:00,0.0,BTCUSDT
2025-04-07 06:00:00,0.0,BTCUSDT
2025-04-07 07:00:00,0.0,BTCUSDT
2025-04-07 08:00:00,-0.00016141966887982652,BTCUSDT
2025-04-07 09:00:00,0.0,BTCUSDT
2025-04-07 10:00:00,0.0,BTCUSDT
2025-04-07 11:00:00,0.0,BTCUSDT
2025-04-07 12:00:00,0.0,BTCUSDT
2025-04-07 13:00:00,0.0,BTCUSDT
2025-04-07 14:00:00,0.0,BTCUSDT
2025-04-07 15:00:00,0.0,BTCUSDT
2025-04-07 16:00:00,0.00023570993092421035,BTCUSDT
2025-04-07 17:00:00,0.0,BTCUSDT
2025-04-07 18:00:00,0.0,BTCUSDT
2025-04-07 19:00:00,0.0,BTCUSDT
2025-04-07 20:00:00,0.0,BTCUSDT
2025-04-07 21:00:00,0.0,BTCUSDT
2025-04-07 22:00:00,0.0,BTCUSDT
2025-04-07 23:00:00,0.0,BTCUSDT
2025-04-08 00:00:00,0.00010657267479604265,BTCUSDT
2025-04-08 01:00:00,0.0,BTCUSDT
2025-04-08 02:00:00,0.0,BTCUSDT
2025-04-08 03:00:00,0.0,BTCUSDT
2025-04-08 04:00:00,0.0,BTCUSDT
2025-04-08 05:00:00,0.0,BTCUSDT
2025-04-08 06:00:00,0.0,BTCUSDT
2025-04-08 07:00:00,0.0,BTCUSDT
2025-04-08 08:00:00,0.00018267440582607914,BTCUSDT
2025-04-08 09:00:00,0.0,BTCUSDT
2025-04-08 10:00:00,0.0,BTCUSDT
2025-04-08 11:00:00,0.0,BTCUSDT
2025-04-08 12:00:00,0.0,BTCUSDT
2025-04-08 13:00:00,0.0,BTCUSDT
2025-04-08 14:00:00,0.0,BTCUSDT
2025-04-08 15:00:00,0.0,BTCUSDT
2025-04-08 16:00:00,-4.0249908880815255e-05,BTCUSDT
2025-04-08 17:00:00,0.0,BTCUSDT
2025-04-08 18:00:00,0.0,BTCUSDT
2025-04-08 19:00:00,0.0,BTCUSDT
2025-04-08 20:00:00,0.0,BTCUSDT
2025-04-08 21:00:00,0.0,BTCUSDT
2025-04-08 22:00:00,0.0,BTCUSDT
2025-04-08 23:00:00,0.0,BTCUSDT
2025-04-09 00:00:00,-9.187099212962459e-05,BTCUSDT
2025-04-09 01:00:00,0.0,BTCUSDT
2025-04-09 02:00:00,0.0,BTCUSDT
2025-04-09 03:00:00,0.0,BTCUSDT
2025-04-09 04:00:00,0.0,BTCUSDT
2025-04-09 05:00:00,0.0,BTCUSDT
2025-04-09 06:00:00,0.0,BTCUSDT
2025-04-09 07:00:00,0.0,BTCUSDT
2025-04-09 08:00:00,0.0003370326062878681,BTCUSDT
2025-04-09 09:00:00,0.0,BTCUSDT
2025-04-09 10:00:00,0.0,BTCUSDT
2025-04-09 11:00:00,0.0,BTCUSDT
2025-04-09 12:00:00,0.0,BTCUSDT
2025-04-09 13:00:00,0.0,BTCUSDT
2025-04-09 14:00:00,0.0,BTCUSDT
2025-04-09 15:00:00,0.0,BTCUSDT
2025-04-09 16:00:00,-0.00014474896933125387,BTCUSDT
2025-04-09 17:00:00,0.0,BTCUSDT
2025-04-09 18:00:00,0.0,BTCUSDT
2025-04-09 19:00:00,0.0,BTCUSDT
2025-04-09 20:00:00,0.0,BTCUSDT
2025-04-09 21:00:00,0.0,BTCUSDT
2025-04-09 22:00:00,0.0,BTCUSDT
2025-04-09 23:00:00,0.0,BTCUSDT
2025-04-10 00:00:00,0.00036500093098912773,BTCUSDT
2025-04-10 01:00:00,0.0,BTCUSDT
2025-04-10 02:00:00,0.0,BTCUSDT
2025-04-10 03:00:00,0.0,BTCUSDT
2025-04-10 04:00:00,0.0,BTCUSDT
2025-04-10 05:00:00,0.0,BTCUSDT
2025-04-10 06:00:00,0.0,BTCUSDT
2025-04-10 07:00:00,0.0,BTCUSDT
2025-04-10 08:00:00,7.840326279747797e-05,BTCUSDT
2025-04-10 09:00:00,0.0,BTCUSDT
2025-04-10 10:00:00,0.0,BTCUSDT
2025-04-10 11:00:00,0.0,BTCUSDT
2025-04-10 12:00:00,0.0,BTCUSDT
2025-04-10 13:00:00,0.0,BTCUSDT
2025-04-10 14:00:00,0.0,BTCUSDT
2025-04-10 15:00:00,0.0,BTCUSDT
2025-04-10 16:00:00,0.00015240331487169516,BTCUSDT
2025-04-10 17:00:00,0.0,BTCUSDT
2025-04-10 18:00:00,0.0,BTCUSDT
2025-04-10 19:00:00,0.0,BTCUSDT
2025-04-10 20:00:00,0.0,BTCUSDT
2025-04-10 21:00:00,0.0,BTCUSDT
2025-04-10 22:00:00,0.0,BTCUSDT
2025-04-10 23:00:00,0.0,BTCUSDT
2025-04-11 00:00:00,6.754521656577591e-06,BTCUSDT
2025-04-11 01:00:00,0.0,BTCUSDT
2025-04-11 02:00:00,0.0,BTCUSDT
2025-04-11 03:00:00,0.0,BTCUSDT
2025-04-11 04:00:00,0.0,BTCUSDT
2025-04-11 05:00:00,0.0,BTCUSDT
2025-04-11 06:00:00,0.0,BTCUSDT
2025-04-11 07:00:00,0.0,BTCUSDT
2025-04-11 08:00:00,4.38856586802895e-05,BTCUSDT
2025-04-11 09:00:00,0.0,BTCUSDT
2025-04-11 10:00:00,0.0,BTCUSDT
2025-04-11 11:00:00,0.0,BTCUSDT
2025-04-11 12:00:00,0.0,BTCUSDT
2025-04-11 13:00:00,0.0,BTCUSDT
2025-04-11 14:00:00,0.0,BTCUSDT
2025-04-11 15:00:00,0.0,BTCUSDT
2025-04-11 16:00:00,0.00028136682927458527,BTCUSDT
2025-04-11 17:00:00,0.0,BTCUSDT
2025-04-11 18:00:00,0.0,BTCUSDT
2025-04-11 19:00:00,0.0,BTCUSDT
2025-04-11 20:00:00,0.0,BTCUSDT
2025-04-11 21:00:00,0.0,BTCUSDT
2025-04-11 22:00:00,0.0,BTCUSDT
2025-04-11 23:00:00,0.0,BTCUSDT
2025-04-12 00:00:00,0.0001973684137934982,BTCUSDT
2025-04-12 01:00:00,0.0,BTCUSDT
2025-04-12 02:00:00,0.0,BTCUSDT
2025-04-12 03:00:00,0.0,BTCUSDT
2025-04-12 04:00:00,0.0,BTCUSDT
2025-04-12 05:00:00,0.0,BTCUSDT
2025-04-12 06:00:00,0.0,BTCUSDT
2025-04-12 07:00:00,0.0,BTCUSDT
2025-04-12 08:00:00,0.0003208955407674933,BTCUSDT
2025-04-12 09:00:00,0.0,BTCUSDT
2025-04-12 10:00:00,0.0,BTCUSDT
2025-04-12 11:00:00,0.0,BTCUSDT
2025-04-12 12:00:00,0.0,BTCUSDT
2025-04-12 13:00:00,0.0,BTCUSDT
2025-04-12 14:00:00,0.0,BTCUSDT
2025-04-12 15:00:00,0.0,BTCUSDT
2025-04-12 16:00:00,0.0002720665118833441,BTCUSDT
2025-04-12 17:00:00,0.0,BTCUSDT
2025-04-12 18:00:00,0.0,BTCUSDT
2025-04-12 19:00:00,0.0,BTCUSDT
2025-04-12 20:00:00,0.0,BTCUSDT
2025-04-12 21:00:00,0.0,BTCUSDT
2025-04-12 22:00:00,0.0,BTCUSDT
2025-04-12 23:00:00,0.0,BTCUSDT
2025-04-13 00:00:00,0.00013852382951738728,BTCUSDT
2025-04-13 01:00:00,0.0,BTCUSDT
2025-04-13 02:00:00,0.0,BTCUSDT
2025-04-13 03:00:00,0.0,BTCUSDT
2025-04-13 04:00:00,0.0,BTCUSDT
2025-04-13 05:00:00,0.0,BTCUSDT
2025-04-13 06:00:00,0.0,BTCUSDT
2025-04-13 07:00:00,0.0,BTCUSDT
2025-04-13 08:00:00,5.683384891276911e-05,BTCUSDT
2025-04-13 09:00:00,0.0,BTCUSDT
2025-04-13 10:00:00,0.0,BTCUSDT
2025-04-13 11:00:00,0.0,BTCUSDT
2025-04-13 12:00:00,0.0,BTCUSDT
2025-04-13 13:00:00,0.0,BTCUSDT
2025-04-13 14:00:00,0.0,BTCUSDT
2025-04-13 15:00:00,0.0,BTCUSDT
2025-04-13 16:00:00,0.00034747395871271983,BTCUSDT
2025-04-13 17:00:00,0.0,BTCUSDT
2025-04-13 18:00:00,0.0,BTCUSDT
2025-04-13 19:00:00,0.0,BTCUSDT
2025-04-13 20:00:00,0.0,BTCUSDT
2025-04-13 21:00:00,0.0,BTCUSDT
2025-04-13 22:00:00,0.0,BTCUSDT
2025-04-13 23:00:00,0.0,BTCUSDT
2025-04-14 00:00:00,-0.0004458808769847469,BTCUSDT
2025-04-14 01:00:00,0.0,BTCUSDT
2025-04-14 02:00:00,0.0,BTCUSDT
2025-04-14 03:00:00,0.0,BTCUSDT
2025-04-14 04:00:00,0.0,BTCUSDT
2025-04-14 05:00:00,0.0,BTCUSDT
2025-04-14 06:00:00,0.0,BTCUSDT
2025-04-14 07:00:00,0.0,BTCUSDT
2025-04-14 08:00:00,0.00016325475605194275,BTCUSDT
2025-04-14 09:00:00,0.0,BTCUSDT
2025-04-14 10:00:00,0.0,BTCUSDT
2025-04-14 11:00:00,0.0,BTCUSDT
2025-04-14 12:00:00,0.0,BTCUSDT
2025-04-14 13:00:00,0.0,BTCUSDT
2025-04-14 14:00:00,0.0,BTCUSDT
2025-04-14 15:00:00,0.0,BTCUSDT
2025-04-14 16:00:00,-4.36967970322233e-05,BTCUSDT
2025-04-14 17:00:00,0.0,BTCUSDT
2025-04-14 18:00:00,0.0,BTCUSDT
2025-04-14 19:00:00,0.0,BTCUSDT
2025-04-14 20:00:00,0.0,BTCUSDT
2025-04-14 21:00:00,0.0,BTCUSDT
2025-04-14 22:00:00,0.0,BTCUSDT
2025-04-14 23:00:00,0.0,BTCUSDT
2025-04-15 00:00:00,0.0005270642247951916,BTCUSDT
2025-04-15 01:00:00,0.0,BTCUSDT
2025-04-15 02:00:00,0.0,BTCUSDT
2025-04-15 03:00:00,0.0,BTCUSDT
2025-04-15 04:00:00,0.0,BTCUSDT
2025-04-15 05:00:00,0.0,BTCUSDT
2025-04-15 06:00:00,0.0,BTCUSDT
2025-04-15 07:00:00,0.0,BTCUSDT
2025-04-15 08:00:00,-5.706358405264767e-05,BTCUSDT
2025-04-15 09:00:00,0.0,BTCUSDT
2025-04-15 10:00:00,0.0,BTCUSDT
2025-04-15 11:00:00,0.0,BTCUSDT
2025-04-15 12:00:00,0.0,BTCUSDT
2025-04-15 13:00:00,0.0,BTCUSDT
2025-04-15 14:00:00,0.0,BTCUSDT
2025-04-15 15:00:00,0.0,BTCUSDT
2025-04-15 16:00:00,-6.074473217893707e-05,BTCUSDT
2025-04-15 17:00:00,0.0,BTCUSDT
2025-04-15 18:00:00,0.0,BTCUSDT
2025-04-15 19:00:00,0.0,BTCUSDT
2025-04-15 20:00:00,0.0,BTCUSDT
2025-04-15 21:00:00,0.0,BTCUSDT
2025-04-15 22:00:00,0.0,BTCUSDT
2025-04-15 23:00:00,0.0,BTCUSDT
2025-04-16 00:00:00,-9.857374107573965e-05,BTCUSDT
2025-04-16 01:00:00,0.0,BTCUSDT
2025-04-16 02:00:00,0.0,BTCUSDT
2025-04-16 03:00:00,0.0,BTCUSDT
2025-04-16 04:00:00,0.0,BTCUSDT
2025-04-16 05:00:00,0.0,BTCUSDT
2025-04-16 06:00:00,0.0,BTCUSDT
2025-04-16 07:00:00,0.0,BTCUSDT
2025-04-16 08:00:00,-6.97809312740929e-05,BTCUSDT
2025-04-16 09:00:00,0.0,BTCUSDT
2025-04-16 10:00:00,0.0,BTCUSDT
2025-04-16 11:00:00,0.0,BTCUSDT
2025-04-16 12:00:00,0.0,BTCUSDT
2025-04-16 13:00:00,0.0,BTCUSDT
2025-04-16 14:00:00,0.0,BTCUSDT
2025-04-16 15:00:00,0.0,BTCUSDT
2025-04-16 16:00:00,0.00017610406106326057,BTCUSDT
2025-04-16 17:00:00,0.0,BTCUSDT
2025-04-16 18:00:00,0.0,BTCUSDT
2025-04-16 19:00:00,0.0,BTCUSDT
2025-04-16 20:00:00,0.0,BTCUSDT
2025-04-16 21:00:00,0.0,BTCUSDT
2025-04-16 22:00:00,0.0,BTCUSDT
2025-04-16 23:00:00,0.0,BTCUSDT
2025-04-17 00:00:00,-5.935624653383507e-05,BTCUSDT
2025-04-17 01:00:00,0.0,BTCUSDT
2025-04-17 02:00:00,0.0,BTCUSDT
2025-04-17 03:00:00,0.0,BTCUSDT
2025-04-17 04:00:00,0.0,BTCUSDT
2025-04-17 05:00:00,0.0,BTCUSDT
2025-04-17 06:00:00,0.0,BTCUSDT
2025-04-17 07:00:00,0.0,BTCUSDT
2025-04-17 08:00:00,0.00014591452821485063,BTCUSDT
2025-04-17 09:00:00,0.0,BTCUSDT
2025-04-17 10:00:00,0.0,BTCUSDT
2025-04-17 11:00:00,0.0,BTCUSDT
2025-04-17 12:00:00,0.0,BTCUSDT
2025-04-17 13:00:00,0.0,BTCUSDT
2025-04-17 14:00:00,0.0,BTCUSDT
2025-04-17 15:00:00,0.0,BTCUSDT
2025-04-17 16:00:00,0.00012239638652425156,BTCUSDT
2025-04-17 17:00:00,0.0,BTCUSDT
2025-04-17 18:00:00,0.0,BTCUSDT
2025-04-17 19:00:00,0.0,BTCUSDT
2025-04-17 20:00:00,0.0,BTCUSDT
2025-04-17 21:00:00,0.0,BTCUSDT
2025-04-17 22:00:00,0.0,BTCUSDT
2025-04-17 23:00:00,0.0,BTCUSDT
2025-04-18 00:00:00,0.0004108564883222052,BTCUSDT
2025-04-18 01:00:00,0.0,BTCUSDT
2025-04-18 02:00:00,0.0,BTCUSDT
2025-04-18 03:00:00,0.0,BTCUSDT
2025-04-18 04:00:00,0.0,BTCUSDT
2025-04-18 05:00:00,0.0,BTCUSDT
2025-04-18 06:00:00,0.0,BTCUSDT
2025-04-18 07:00:00,0.0,BTCUSDT
2025-04-18 08:00:00,0.00036590684879410487,BTCUSDT
2025-04-18 09:00:00,0.0,BTCUSDT
2025-04-18 10:00:00,0.0,BTCUSDT
2025-04-18 11:00:00,0.0,BTCUSDT
2025-04-18 12:00:00,0.0,BTCUSDT
2025-04-18 13:00:00,0.0,BTCUSDT
2025-04-18 14:00:00,0.0,BTCUSDT
2025-04-18 15:00:00,0.0,BTCUSDT
2025-04-18 16:00:00,-0.00015793521959221117,BTCUSDT
2025-04-18 17:00:00,0.0,BTCUSDT
2025-04-18 18:00:00,0.0,BTCUSDT
2025-04-18 19:00:00,0.0,BTCUSDT
2025-04-18 20:00:00,0.0,BTCUSDT
2025-04-18 21:00:00,0.0,BTCUSDT
2025-04-18 22:00:00,0.0,BTCUSDT
2025-04-18 23:00:00,0.0,BTCUSDT
2025-04-19 00:00:00,9.832784254570865e-05,BTCUSDT
2025-04-19 01:00:00,0.0,BTCUSDT
2025-04-19 02:00:00,0.0,BTCUSDT
2025-04-19 03:00:00,0.0,BTCUSDT
2025-04-19 04:00:00,0.0,BTCUSDT
2025-04-19 05:00:00,0.0,BTCUSDT
2025-04-19 06:00:00,0.0,BTCUSDT
2025-04-19 07:00:00,0.0,BTCUSDT
2025-04-19 08:00:00,5.936629420306423e-05,BTCUSDT
2025-04-19 09:00:00,0.0,BTCUSDT
2025-04-19 10:00:00,0.0,BTCUSDT
2025-04-19 11:00:00,0.0,BTCUSDT
2025-04-19 12:00:00,0.0,BTCUSDT
2025-04-19 13:00:00,0.0,BTCUSDT
2025-04-19 14:00:00,0.0,BTCUSDT
2025-04-19 15:00:00,0.0,BTCUSDT
2025-04-19 16:00:00,0.0002050338626524337,BTCUSDT
2025-04-19 17:00:00,0.0,BTCUSDT
2025-04-19 18:00:00,0.0,BTCUSDT
2025-04-19 19:00:00,0.0,BTCUSDT
2025-04-19 20:00:00,0.0,BTCUSDT
2025-04-19 21:00:00,0.0,BTCUSDT
2025-04-19 22:00:00,0.0,BTCUSDT
2025-04-19 23:00:00,0.0,BTCUSDT
2025-04-20 00:00:00,6.817010569245442e-05,BTCUSDT
2025-04-20 01:00:00,0.0,BTCUSDT
2025-04-20 02:00:00,0.0,BTCUSDT
2025-04-20 03:00:00,0.0,BTCUSDT
2025-04-20 04:00:00,0.0,BTCUSDT
2025-04-20 05:00:00,0.0,BTCUSDT
2025-04-20 06:00:00,0.0,BTCUSDT
2025-04-20 07:00:00,0.0,BTCUSDT
2025-04-20 08:00:00,3.7079710511590225e-05,BTCUSDT
2025-04-20 09:00:00,0.0,BTCUSDT
2025-04-20 10:00:00,0.0,BTCUSDT
2025-04-20 11:00:00,0.0,BTCUSDT
2025-04-20 12:00:00,0.0,BTCUSDT
2025-04-20 13:00:00,0.0,BTCUSDT
2025-04-20 14:00:00,0.0,BTCUSDT
2025-04-20 15:00:00,0.0,BTCUSDT
2025-04-20 16:00:00,9.30855549028362e-05,BTCUSDT
2025-04-20 17:00:00,0.0,BTCUSDT
2025-04-20 18:00:00,0.0,BTCUSDT
2025-04-20 19:00:00,0.0,BTCUSDT
2025-04-20 20:00:00,0.0,BTCUSDT
2025-04-20 21:00:00,0.0,BTCUSDT
2025-04-20 22:00:00,0.0,BTCUSDT
2025-04-20 23:00:00,0.0,BTCUSDT
2025-04-21 00:00:00,-0.00013069650617772872,BTCUSDT
2025-04-21 01:00:00,0.0,BTCUSDT
2025-04-21 02:00:00,0.0,BTCUSDT
2025-04-21 03:00:00,0.0,BTCUSDT
2025-04-21 04:00:00,0.0,BTCUSDT
2025-04-21 05:00:00,0.0,BTCUSDT
2025-04-21 06:00:00,0.0,BTCUSDT
2025-04-21 07:00:00,0.0,BTCUSDT
2025-04-21 08:00:00,-0.00033595773227804913,BTCUSDT
2025-04-21 09:00:00,0.0,BTCUSDT
2025-04-21 10:00:00,0.0,BTCUSDT
2025-04-21 11:00:00,0.0,BTCUSDT
2025-04-21 12:00:00,0.0,BTCUSDT
2025-04-21 13:00:00,0.0,BTCUSDT
2025-04-21 14:00:00,0.0,BTCUSDT
2025-04-21 15:00:00,0.0,BTCUSDT
2025-04-21 16:00:00,9.609392210657956e-05,BTCUSDT
2025-04-21 17:00:00,0.0,BTCUSDT
2025-04-21 18:00:00,0.0,BTCUSDT
2025-04-21 19:00:00,0.0,BTCUSDT
2025-04-21 20:00:00,0.0,BTCUSDT
2025-04-21 21:00:00,0.0,BTCUSDT
2025-04-21 22:00:00,0.0,BTCUSDT
2025-04-21 23:00:00,0.0,BTCUSDT
2025-04-22 00:00:00,0.0002922186914464167,BTCUSDT
2025-04-22 01:00:00,0.0,BTCUSDT
2025-04-22 02:00:00,0.0,BTCUSDT
2025-04-22 03:00:00,0.0,BTCUSDT
2025-04-22 04:00:00,0.0,BTCUSDT
2025-04-22 05:00:00,0.0,BTCUSDT
2025-04-22 06:00:00,0.0,BTCUSDT
2025-04-22 07:00:00,0.0,BTCUSDT
2025-04-22 08:00:00,0.0004834575937211508,BTCUSDT
2025-04-22 09:00:00,0.0,BTCUSDT
2025-04-22 10:00:00,0.0,BTCUSDT
2025-04-22 11:00:00,0.0,BTCUSDT
2025-04-22 12:00:00,0.0,BTCUSDT
2025-04-22 13:00:00,0.0,BTCUSDT
2025-04-22 14:00:00,0.0,BTCUSDT
2025-04-22 15:00:00,0.0,BTCUSDT
2025-04-22 16:00:00,0.0007575522374777478,BTCUSDT
2025-04-22 17:00:00,0.0,BTCUSDT
2025-04-22 18:00:00,0.0,BTCUSDT
2025-04-22 19:00:00,0.0,BTCUSDT
2025-04-22 20:00:00,0.0,BTCUSDT
2025-04-22 21:00:00,0.0,BTCUSDT
2025-04-22 22:00:00,0.0,BTCUSDT
2025-04-22 23:00:00,0.0,BTCUSDT
2025-04-23 00:00:00,-0.00013254208786555227,BTCUSDT
2025-04-23 01:00:00,0.0,BTCUSDT
2025-04-23 02:00:00,0.0,BTCUSDT
2025-04-23 03:00:00,0.0,BTCUSDT
2025-04-23 04:00:00,0.0,BTCUSDT
2025-04-23 05:00:00,0.0,BTCUSDT
2025-04-23 06:00:00,0.0,BTCUSDT
2025-04-23 07:00:00,0.0,BTCUSDT
2025-04-23 08:00:00,0.00010302465231691073,BTCUSDT
2025-04-23 09:00:00,0.0,BTCUSDT
2025-04-23 10:00:00,0.0,BTCUSDT
2025-04-23 11:00:00,0.0,BTCUSDT
2025-04-23 12:00:00,0.0,BTCUSDT
2025-04-23 13:00:00,0.0,BTCUSDT
2025-04-23 14:00:00,0.0,BTCUSDT
2025-04-23 15:00:00,0.0,BTCUSDT
2025-04-23 16:00:00,-2.5410169089470103e-05,BTCUSDT
2025-04-23 17:00:00,0.0,BTCUSDT
2025-04-23 18:00:00,0.0,BTCUSDT
2025-04-23 19:00:00,0.0,BTCUSDT
2025-04-23 20:00:00,0.0,BTCUSDT
2025-04-23 21:00:00,0.0,BTCUSDT
2025-04-23 22:00:00,0.0,BTCUSDT
2025-04-23 23:00:00,0.0,BTCUSDT
2025-04-24 00:00:00,4.903051762111433e-06,BTCUSDT
2025-04-24 01:00:00,0.0,BTCUSDT
2025-04-24 02:00:00,0.0,BTCUSDT
2025-04-24 03:00:00,0.0,BTCUSDT
2025-04-24 04:00:00,0.0,BTCUSDT
2025-04-24 05:00:00,0.0,BTCUSDT
2025-04-24 06:00:00,0.0,BTCUSDT
2025-04-24 07:00:00,0.0,BTCUSDT
2025-04-24 08:00:00,0.0004725738242800354,BTCUSDT
2025-04-24 09:00:00,0.0,BTCUSDT
2025-04-24 10:00:00,0.0,BTCUSDT
2025-04-24 11:00:00,0.0,BTCUSDT
2025-04-24 12:00:00,0.0,BTCUSDT
2025-04-24 13:00:00,0.0,BTCUSDT
2025-04-24 14:00:00,0.0,BTCUSDT
2025-04-24 15:00:00,0.0,BTCUSDT
2025-04-24 16:00:00,-3.367163279817776e-05,BTCUSDT
2025-04-24 17:00:00,0.0,BTCUSDT
2025-04-24 18:00:00,0.0,BTCUSDT
2025-04-24 19:00:00,0.0,BTCUSDT
2025-04-24 20:00:00,0.0,BTCUSDT
2025-04-24 21:00:00,0.0,BTCUSDT
2025-04-24 22:00:00,0.0,BTCUSDT
2025-04-24 23:00:00,0.0,BTCUSDT
2025-04-25 00:00:00,0.0003632689675039039,BTCUSDT
2025-04-25 01:00:00,0.0,BTCUSDT
2025-04-25 02:00:00,0.0,BTCUSDT
2025-04-25 03:00:00,0.0,BTCUSDT
2025-04-25 04:00:00,0.0,BTCUSDT
2025-04-25 05:00:00,0.0,BTCUSDT
2025-04-25 06:00:00,0.0,BTCUSDT
2025-04-25 07:00:00,0.0,BTCUSDT
2025-04-25 08:00:00,0.0002192162988264974,BTCUSDT
2025-04-25 09:00:00,0.0,BTCUSDT
2025-04-25 10:00:00,0.0,BTCUSDT
2025-04-25 11:00:00,0.0,BTCUSDT
2025-04-25 12:00:00,0.0,BTCUSDT
2025-04-25 13:00:00,0.0,BTCUSDT
2025-04-25 14:00:00,0.0,BTCUSDT
2025-04-25 15:00:00,0.0,BTCUSDT
2025-04-25 16:00:00,0.00041143217793973184,BTCUSDT
2025-04-25 17:00:00,0.0,BTCUSDT
2025-04-25 18:00:00,0.0,BTCUSDT
2025-04-25 19:00:00,0.0,BTCUSDT
2025-04-25 20:00:00,0.0,BTCUSDT
2025-04-25 21:00:00,0.0,BTCUSDT
2025-04-25 22:00:00,0.0,BTCUSDT
2025-04-25 23:00:00,0.0,BTCUSDT
2025-04-26 00:00:00,0.00013721860417518705,BTCUSDT
2025-04-26 01:00:00,0.0,BTCUSDT
2025-04-26 02:00:00,0.0,BTCUSDT
2025-04-26 03:00:00,0.0,BTCUSDT
2025-04-26 04:00:00,0.0,BTCUSDT
2025-04-26 05:00:00,0.0,BTCUSDT
2025-04-26 06:00:00,0.0,BTCUSDT
2025-04-26 07:00:00,0.0,BTCUSDT
2025-04-26 08:00:00,0.0003352021970395413,BTCUSDT
2025-04-26 09:00:00,0.0,BTCUSDT
2025-04-26 10:00:00,0.0,BTCUSDT
2025-04-26 11:00:00,0.0,BTCUSDT
2025-04-26 12:00:00,0.0,BTCUSDT
2025-04-26 13:00:00,0.0,BTCUSDT
2025-04-26 14:00:00,0.0,BTCUSDT
2025-04-26 15:00:00,0.0,BTCUSDT
2025-04-26 16:00:00,0.0001342374287491326,BTCUSDT
2025-04-26 17:00:00,0.0,BTCUSDT
2025-04-26 18:00:00,0.0,BTCUSDT
2025-04-26 19:00:00,0.0,BTCUSDT
2025-04-26 20:00:00,0.0,BTCUSDT
2025-04-26 21:00:00,0.0,BTCUSDT
2025-04-26 22:00:00,0.0,BTCUSDT
2025-04-26 23:00:00,0.0,BTCUSDT
2025-04-27 00:00:00,0.0002139752751959046,BTCUSDT
2025-04-27 01:00:00,0.0,BTCUSDT
2025-04-27 02:00:00,0.0,BTCUSDT
2025-04-27 03:00:00,0.0,BTCUSDT
2025-04-27 04:00:00,0.0,BTCUSDT
2025-04-27 05:00:00,0.0,BTCUSDT
2025-04-27 06:00:00,0.0,BTCUSDT
2025-04-27 07:00:00,0.0,BTCUSDT
2025-04-27 08:00:00,-7.472517862679956e-06,BTCUSDT
2025-04-27 09:00:00,0.0,BTCUSDT
2025-04-27 10:00:00,0.0,BTCUSDT
2025-04-27 11:00:00,0.0,BTCUSDT
2025-04-27 12:00:00,0.0,BTCUSDT
2025-04-27 13:00:00,0.0,BTCUSDT
2025-04-27 14:00:00,0.0,BTCUSDT
2025-04-27 15:00:00,0.0,BTCUSDT
2025-04-27 16:00:00,0.000211079772130348,BTCUSDT
2025-04-27 17:00:00,0.0,BTCUSDT
2025-04-27 18:00:00,0.0,BTCUSDT
2025-04-27 19:00:00,0.0,BTCUSDT
2025-04-27 20:00:00,0.0,BTCUSDT
2025-04-27 21:00:00,0.0,BTCUSDT
2025-04-27 22:00:00,0.0,BTCUSDT
2025-04-27 23:00:00,0.0,BTCUSDT
2025-04-28 00:00:00,0.0005666032836505377,BTCUSDT
2025-04-28 01:00:00,0.0,BTCUSDT
2025-04-28 02:00:00,0.0,BTCUSDT
2025-04-28 03:00:00,0.0,BTCUSDT
2025-04-28 04:00:00,0.0,BTCUSDT
2025-04-28 05:00:00,0.0,BTCUSDT
2025-04-28 06:00:00,0.0,BTCUSDT
2025-04-28 07:00:00,0.0,BTCUSDT
2025-04-28 08:00:00,-0.0002711866574376874,BTCUSDT
2025-04-28 09:00:00,0.0,BTCUSDT
2025-04-28 10:00:00,0.0,BTCUSDT
2025-04-28 11:00:00,0.0,BTCUSDT
2025-04-28 12:00:00,0.0,BTCUSDT
2025-04-28 13:00:00,0.0,BTCUSDT
2025-04-28 14:00:00,0.0,BTCUSDT
2025-04-28 15:00:00,0.0,BTCUSDT
2025-04-28 16:00:00,-0.0001562981945737649,BTCUSDT
2025-04-28 17:00:00,0.0,BTCUSDT
2025-04-28 18:00:00,0.0,BTCUSDT
2025-04-28 19:00:00,0.0,BTCUSDT
2025-04-28 20:00:00,0.0,BTCUSDT
2025-04-28 21:00:00,0.0,BTCUSDT
2025-04-28 22:00:00,0.0,BTCUSDT
2025-04-28 23:00:00,0.0,BTCUSDT
2025-04-29 00:00:00,3.0115009872858518e-05,BTCUSDT
2025-04-29 01:00:00,0.0,BTCUSDT
2025-04-29 02:00:00,0.0,BTCUSDT
2025-04-29 03:00:00,0.0,BTCUSDT
2025-04-29 04:00:00,0.0,BTCUSDT
2025-04-29 05:00:00,0.0,BTCUSDT
2025-04-29 06:00:00,0.0,BTCUSDT
2025-04-29 07:00:00,0.0,BTCUSDT
2025-04-29 08:00:00,0.0005354640762084443,BTCUSDT
2025-04-29 09:00:00,0.0,BTCUSDT
2025-04-29 10:00:00,0.0,BTCUSDT
2025-04-29 11:00:00,0.0,BTCUSDT
2025-04-29 12:00:00,0.0,BTCUSDT
2025-04-29 13:00:00,0.0,BTCUSDT
2025-04-29 14:00:00,0.0,BTCUSDT
2025-04-29 15:00:00,0.0,BTCUSDT
2025-04-29 16:00:00,0.000585235600768355,BTCUSDT
2025-04-29 17:00:00,0.0,BTCUSDT
2025-04-29 18:00:00,0.0,BTCUSDT
2025-04-29 19:00:00,0.0,BTCUSDT
2025-04-29 20:00:00,0.0,BTCUSDT
2025-04-29 21:00:00,0.0,BTCUSDT
2025-04-29 22:00:00,0.0,BTCUSDT
2025-04-29 23:00:00,0.0,BTCUSDT
2025-04-30 00:00:00,0.0001734399597550776,BTCUSDT
2025-04-30 01:00:00,0.0,BTCUSDT
2025-04-30 02:00:00,0.0,BTCUSDT
2025-04-30 03:00:00,0.0,BTCUSDT
2025-04-30 04:00:00,0.0,BTCUSDT
2025-04-30 05:00:00,0.0,BTCUSDT
2025-04-30 06:00:00,0.0,BTCUSDT
2025-04-30 07:00:00,0.0,BTCUSDT
2025-04-30 08:00:00,0.00014158401347679153,BTCUSDT
2025-04-30 09:00:00,0.0,BTCUSDT
2025-04-30 10:00:00,0.0,BTCUSDT
2025-04-30 11:00:00,0.0,BTCUSDT
2025-04-30 12:00:00,0.0,BTCUSDT
2025-04-30 13:00:00,0.0,BTCUSDT
2025-04-30 14:00:00,0.0,BTCUSDT
2025-04-30 15:00:00,0.0,BTCUSDT
2025-04-30 16:00:00,0.0003931671957205926,BTCUSDT
2025-04-30 17:00:00,0.0,BTCUSDT
2025-04-30 18:00:00,0.0,BTCUSDT
2025-04-30 19:00:00,0.0,BTCUSDT
2025-04-30 20:00:00,0.0,BTCUSDT
2025-04-30 21:00:00,0.0,BTCUSDT
2025-04-30 22:00:00,0.0,BTCUSDT
2025-04-30 23:00:00,0.0,BTCUSDT
2025-05-01 00:00:00,0.00012028459284793158,BTCUSDT
2025-05-01 01:00:00,0.0,BTCUSDT
2025-05-01 02:00:00,0.0,BTCUSDT
2025-05-01 03:00:00,0.0,BTCUSDT
2025-05-01 04:00:00,0.0,BTCUSDT
2025-05-01 05:00:00,0.0,BTCUSDT
2025-05-01 06:00:00,0.0,BTCUSDT
2025-05-01 07:00:00,0.0,BTCUSDT
2025-05-01 08:00:00,-0.0001650314310395524,BTCUSDT
2025-05-01 09:00:00,0.0,BTCUSDT
2025-05-01 10:00:00,0.0,BTCUSDT
2025-05-01 11:00:00,0.0,BTCUSDT
2025-05-01 12:00:00,0.0,BTCUSDT
2025-05-01 13:00:00,0.0,BTCUSDT
2025-05-01 14:00:00,0.0,BTCUSDT
2025-05-01 15:00:00,0.0,BTCUSDT
2025-05-01 16:00:00,-9.813081549984772e-05,BTCUSDT
2025-05-01 17:00:00,0.0,BTCUSDT
2025-05-01 18:00:00,0.0,BTCUSDT
2025-05-01 19:00:00,0.0,BTCUSDT
2025-05-01 20:00:00,0.0,BTCUSDT
2025-05-01 21:00:00,0.0,BTCUSDT
2025-05-01 22:00:00,0.0,BTCUSDT
2025-05-01 23:00:00,0.0,BTCUSDT
2025-05-02 00:00:00,3.910839577035411e-05,BTCUSDT
2025-05-02 01:00:00,0.0,BTCUSDT
2025-05-02 02:00:00,0.0,BTCUSDT
2025-05-02 03:00:00,0.0,BTCUSDT
2025-05-02 04:00:00,0.0,BTCUSDT
2025-05-02 05:00:00,0.0,BTCUSDT
2025-05-02 06:00:00,0.0,BTCUSDT
2025-05-02 07:00:00,0.0,BTCUSDT
2025-05-02 08:00:00,-2.5918846372759534e-05,BTCUSDT
2025-05-02 09:00:00,0.0,BTCUSDT
2025-05-02 10:00:00,0.0,BTCUSDT
2025-05-02 11:00:00,0.0,BTCUSDT
2025-05-02 12:00:00,0.0,BTCUSDT
2025-05-02 13:00:00,0.0,BTCUSDT
2025-05-02 14:00:00,0.0,BTCUSDT
2025-05-02 15:00:00,0.0,BTCUSDT
2025-05-02 16:00:00,0.00020272185888304438,BTCUSDT
2025-05-02 17:00:00,0.0,BTCUSDT
2025-05-02 18:00:00,0.0,BTCUSDT
2025-05-02 19:00:00,0.0,BTCUSDT
2025-05-02 20:00:00,0.0,BTCUSDT
2025-05-02 21:00:00,0.0,BTCUSDT
2025-05-02 22:00:00,0.0,BTCUSDT
2025-05-02 23:00:00,0.0,BTCUSDT
2025-05-03 00:00:00,0.00032815716009049493,BTCUSDT
2025-05-03 01:00:00,0.0,BTCUSDT
2025-05-03 02:00:00,0.0,BTCUSDT
2025-05-03 03:00:00,0.0,BTCUSDT
2025-05-03 04:00:00,0.0,BTCUSDT
2025-05-03 05:00:00,0.0,BTCUSDT
2025-05-03 06:00:00,0.0,BTCUSDT
2025-05-03 07:00:00,0.0,BTCUSDT
2025-05-03 08:00:00,5.724595038753022e-05,BTCUSDT
2025-05-03 09:00:00,0.0,BTCUSDT
2025-05-03 10:00:00,0.0,BTCUSDT
2025-05-03 11:00:00,0.0,BTCUSDT
2025-05-03 12:00:00,0.0,BTCUSDT
2025-05-03 13:00:00,0.0,BTCUSDT
2025-05-03 14:00:00,0.0,BTCUSDT
2025-05-03 15:00:00,0.0,BTCUSDT
2025-05-03 16:00:00,-3.0536242945865526e-08,BTCUSDT
2025-05-03 17:00:00,0.0,BTCUSDT
2025-05-03 18:00:00,0.0,BTCUSDT
2025-05-03 19:00:00,0.0,BTCUSDT
2025-05-03 20:00:00,0.0,BTCUSDT
2025-05-03 21:00:00,0.0,BTCUSDT
2025-05-03 22:00:00,0.0,BTCUSDT
2025-05-03 23:00:00,0.0,BTCUSDT
2025-05-04 00:00:00,3.200325552969617e-05,BTCUSDT
2025-05-04 01:00:00,0.0,BTCUSDT
2025-05-04 02:00:00,0.0,BTCUSDT
2025-05-04 03:00:00,0.0,BTCUSDT
2025-05-04 04:00:00,0.0,BTCUSDT
2025-05-04 05:00:00,0.0,BTCUSDT
2025-05-04 06:00:00,0.0,BTCUSDT
2025-05-04 07:00:00,0.0,BTCUSDT
2025-05-04 08:00:00,0.00027461321326642,BTCUSDT
2025-05-04 09:00:00,0.0,BTCUSDT
2025-05-04 10:00:00,0.0,BTCUSDT
2025-05-04 11:00:00,0.0,BTCUSDT
2025-05-04 12:00:00,0.0,BTCUSDT
2025-05-04 13:00:00,0.0,BTCUSDT
2025-05-04 14:00:00,0.0,BTCUSDT
2025-05-04 15:00:00,0.0,BTCUSDT
2025-05-04 16:00:00,-8.524782251771017e-05,BTCUSDT
2025-05-04 17:00:00,0.0,BTCUSDT
2025-05-04 18:00:00,0.0,BTCUSDT
2025-05-04 19:00:00,0.0,BTCUSDT
2025-05-04 20:00:00,0.0,BTCUSDT
2025-05-04 21:00:00,0.0,BTCUSDT
2025-05-04 22:00:00,0.0,BTCUSDT
2025-05-04 23:00:00,0.0,BTCUSDT
2025-05-05 00:00:00,0.00011364135652056728,BTCUSDT
2025-05-05 01:00:00,0.0,BTCUSDT
2025-05-05 02:00:00,0.0,BTCUSDT
2025-05-05 03:00:00,0.0,BTCUSDT
2025-05-05 04:00:00,0.0,BTCUSDT
2025-05-05 05:00:00,0.0,BTCUSDT
2025-05-05 06:00:00,0.0,BTCUSDT
2025-05-05 07:00:00,0.0,BTCUSDT
2025-05-05 08:00:00,0.00010147013498393984,BTCUSDT
2025-05-05 09:00:00,0.0,BTCUSDT
2025-05-05 10:00:00,0.0,BTCUSDT
2025-05-05 11:00:00,0.0,BTCUSDT
2025-05-05 12:00:00,0.0,BTCUSDT
2025-05-05 13:00:00,0.0,BTCUSDT
2025-05-05 14:00:00,0.0,BTCUSDT
2025-05-05 15:00:00,0.0,BTCUSDT
2025-05-05 16:00:00,-0.00018622282855425103,BTCUSDT
2025-05-05 17:00:00,0.0,BTCUSDT
2025-05-05 18:00:00,0.0,BTCUSDT
2025-05-05 19:00:00,0.0,BTCUSDT
2025-05-05 20:00:00,0.0,BTCUSDT
2025-05-05 21:00:00,0.0,BTCUSDT
2025-05-05 22:00:00,0.0,BTCUSDT
2025-05-05 23:00:00,0.0,BTCUSDT
2025-05-06 00:00:00,-0.00012727503334077149,BTCUSDT
2025-05-06 01:00:00,0.0,BTCUSDT
2025-05-06 02:00:00,0.0,BTCUSDT
2025-05-06 03:00:00,0.0,BTCUSDT
2025-05-06 04:00:00,0.0,BTCUSDT
2025-05-06 05:00:00,0.0,BTCUSDT
2025-05-06 06:00:00,0.0,BTCUSDT
2025-05-06 07:00:00,0.0,BTCUSDT
2025-05-06 08:00:00,0.000415144090074753,BTCUSDT
2025-05-06 09:00:00,0.0,BTCUSDT
2025-05-06 10:00:00,0.0,BTCUSDT
2025-05-06 11:00:00,0.0,BTCUSDT
2025-05-06 12:00:00,0.0,BTCUSDT
2025-05-06 13:00:00,0.0,BTCUSDT
2025-05-06 14:00:00,0.0,BTCUSDT
2025-05-06 15:00:00,0.0,BTCUSDT
2025-05-06 16:00:00,9.990425638629891e-05,BTCUSDT
2025-05-06 17:00:00,0.0,BTCUSDT
2025-05-06 18:00:00,0.0,BTCUSDT
2025-05-06 19:00:00,0.0,BTCUSDT
2025-05-06 20:00:00,0.0,BTCUSDT
2025-05-06 21:00:00,0.0,BTCUSDT
2025-05-06 22:00:00,0.0,BTCUSDT
2025-05-06 23:00:00,0.0,BTCUSDT
2025-05-07 00:00:00,0.0003146733164889945,BTCUSDT
2025-05-07 01:00:00,0.0,BTCUSDT
2025-05-07 02:00:00,0.0,BTCUSDT
2025-05-07 03:00:00,0.0,BTCUSDT
2025-05-07 04:00:00,0.0,BTCUSDT
2025-05-07 05:00:00,0.0,BTCUSDT
2025-05-07 06:00:00,0.0,BTCUSDT
2025-05-07 07:00:00,0.0,BTCUSDT
2025-05-07 08:00:00,0.0002779713903570989,BTCUSDT
2025-05-07 09:00:00,0.0,BTCUSDT
2025-05-07 10:00:00,0.0,BTCUSDT
2025-05-07 11:00:00,0.0,BTCUSDT
2025-05-07 12:00:00,0.0,BTCUSDT
2025-05-07 13:00:00,0.0,BTCUSDT
2025-05-07 14:00:00,0.0,BTCUSDT
2025-05-07 15:00:00,0.0,BTCUSDT
2025-05-07 16:00:00,-0.00012364638787120628,BTCUSDT
2025-05-07 17:00:00,0.0,BTCUSDT
2025-05-07 18:00:00,0.0,BTCUSDT
2025-05-07 19:00:00,0.0,BTCUSDT
2025-05-07 20:00:00,0.0,BTCUSDT
2025-05-07 21:00:00,0.0,BTCUSDT
2025-05-07 22:00:00,0.0,BTCUSDT
2025-05-07 23:00:00,0.0,BTCUSDT
2025-05-08 00:00:00,0.00018663681345430853,BTCUSDT
2025-05-08 01:00:00,0.0,BTCUSDT
2025-05-08 02:00:00,0.0,BTCUSDT
2025-05-08 03:00:00,0.0,BTCUSDT
2025-05-08 04:00:00,0.0,BTCUSDT
2025-05-08 05:00:00,0.0,BTCUSDT
2025-05-08 06:00:00,0.0,BTCUSDT
2025-05-08 07:00:00,0.0,BTCUSDT
2025-05-08 08:00:00,0.00021963443006695892,BTCUSDT
2025-05-08 09:00:00,0.0,BTCUSDT
2025-05-08 10:00:00,0.0,BTCUSDT
2025-05-08 11:00:00,0.0,BTCUSDT
2025-05-08 12:00:00,0.0,BTCUSDT
2025-05-08 13:00:00,0.0,BTCUSDT
2025-05-08 14:00:00,0.0,BTCUSDT
2025-05-08 15:00:00,0.0,BTCUSDT
2025-05-08 16:00:00,-0.00035664772692300793,BTCUSDT
2025-05-08 17:00:00,0.0,BTCUSDT
2025-05-08 18:00:00,0.0,BTCUSDT
2025-05-08 19:00:00,0.0,BTCUSDT
2025-05-08 20:00:00,0.0,BTCUSDT
2025-05-08 21:00:00,0.0,BTCUSDT
2025-05-08 22:00:00,0.0,BTCUSDT
2025-05-08 23:00:00,0.0,BTCUSDT
2025-05-09 00:00:00,5.2537553160956346e-05,BTCUSDT
2025-05-09 01:00:00,0.0,BTCUSDT
2025-05-09 02:00:00,0.0,BTCUSDT
2025-05-09 03:00:00,0.0,BTCUSDT
2025-05-09 04:00:00,0.0,BTCUSDT
2025-05-09 05:00:00,0.0,BTCUSDT
2025-05-09 06:00:00,0.0,BTCUSDT
2025-05-09 07:00:00,0.0,BTCUSDT
2025-05-09 08:00:00,6.543732962131874e-05,BTCUSDT
2025-05-09 09:00:00,0.0,BTCUSDT
2025-05-09 10:00:00,0.0,BTCUSDT
2025-05-09 11:00:00,0.0,BTCUSDT
2025-05-09 12:00:00,0.0,BTCUSDT
2025-05-09 13:00:00,0.0,BTCUSDT
2025-05-09 14:00:00,0.0,BTCUSDT
2025-05-09 15:00:00,0.0,BTCUSDT
2025-05-09 16:00:00,0.00018169706762929407,BTCUSDT
2025-05-09 17:00:00,0.0,BTCUSDT
2025-05-09 18:00:00,0.0,BTCUSDT
2025-05-09 19:00:00,0.0,BTCUSDT
2025-05-09 20:00:00,0.0,BTCUSDT
2025-05-09 21:00:00,0.0,BTCUSDT
2025-05-09 22:00:00,0.0,BTCUSDT
2025-05-09 23:00:00,0.0,BTCUSDT
2025-05-10 00:00:00,0.00011666907019501838,BTCUSDT
2025-05-10 01:00:00,0.0,BTCUSDT
2025-05-10 02:00:00,0.0,BTCUSDT
2025-05-10 03:00:00,0.0,BTCUSDT
2025-05-10 04:00:00,0.0,BTCUSDT
2025-05-10 05:00:00,0.0,BTCUSDT
2025-05-10 06:00:00,0.0,BTCUSDT
2025-05-10 07:00:00,0.0,BTCUSDT
2025-05-10 08:00:00,6.383851098255477e-05,BTCUSDT
2025-05-10 09:00:00,0.0,BTCUSDT
2025-05-10 10:00:00,0.0,BTCUSDT
2025-05-10 11:00:00,0.0,BTCUSDT
2025-05-10 12:00:00,0.0,BTCUSDT
2025-05-10 13:00:00,0.0,BTCUSDT
2025-05-10 14:00:00,0.0,BTCUSDT
2025-05-10 15:00:00,0.0,BTCUSDT
2025-05-10 16:00:00,3.3752138224321e-05,BTCUSDT
2025-05-10 17:00:00,0.0,BTCUSDT
2025-05-10 18:00:00,0.0,BTCUSDT
2025-05-10 19:00:00,0.0,BTCUSDT
2025-05-10 20:00:00,0.0,BTCUSDT
2025-05-10 21:00:00,0.0,BTCUSDT
2025-05-10 22:00:00,0.0,BTCUSDT
2025-05-10 23:00:00,0.0,BTCUSDT
2025-05-11 00:00:00,5.14667077145755e-05,BTCUSDT
2025-05-11 01:00:00,0.0,BTCUSDT
2025-05-11 02:00:00,0.0,BTCUSDT
2025-05-11 03:00:00,0.0,BTCUSDT
2025-05-11 04:00:00,0.0,BTCUSDT
2025-05-11 05:00:00,0.0,BTCUSDT
2025-05-11 06:00:00,0.0,BTCUSDT
2025-05-11 07:00:00,0.0,BTCUSDT
2025-05-11 08:00:00,7.300195440458772e-05,BTCUSDT
2025-05-11 09:00:00,0.0,BTCUSDT
2025-05-11 10:00:00,0.0,BTCUSDT
2025-05-11 11:00:00,0.0,BTCUSDT
2025-05-11 12:00:00,0.0,BTCUSDT
2025-05-11 13:00:00,0.0,BTCUSDT
2025-05-11 14:00:00,0.0,BTCUSDT
2025-05-11 15:00:00,0.0,BTCUSDT
2025-05-11 16:00:00,0.00024290995229270116,BTCUSDT
2025-05-11 17:00:00,0.0,BTCUSDT
2025-05-11 18:00:00,0.0,BTCUSDT
2025-05-11 19:00:00,0.0,BTCUSDT
2025-05-11 20:00:00,0.0,BTCUSDT
2025-05-11 21:00:00,0.0,BTCUSDT
2025-05-11 22:00:00,0.0,BTCUSDT
2025-05-11 23:00:00,0.0,BTCUSDT
2025-05-12 00:00:00,-2.2237700450057193e-05,BTCUSDT
2025-05-12 01:00:00,0.0,BTCUSDT
2025-05-12 02:00:00,0.0,BTCUSDT
2025-05-12 03:00:00,0.0,BTCUSDT
2025-05-12 04:00:00,0.0,BTCUSDT
2025-05-12 05:00:00,0.0,BTCUSDT
2025-05-12 06:00:00,0.0,BTCUSDT
2025-05-12 07:00:00,0.0,BTCUSDT
2025-05-12 08:00:00,0.00025834905480174447,BTCUSDT
2025-05-12 09:00:00,0.0,BTCUSDT
2025-05-12 10:00:00,0.0,BTCUSDT
2025-05-12 11:00:00,0.0,BTCUSDT
2025-05-12 12:00:00,0.0,BTCUSDT
2025-05-12 13:00:00,0.0,BTCUSDT
2025-05-12 14:00:00,0.0,BTCUSDT
2025-05-12 15:00:00,0.0,BTCUSDT
2025-05-12 16:00:00,0.000503555162635013,BTCUSDT
2025-05-12 17:00:00,0.0,BTCUSDT
2025-05-12 18:00:00,0.0,BTCUSDT
2025-05-12 19:00:00,0.0,BTCUSDT
2025-05-12 20:00:00,0.0,BTCUSDT
2025-05-12 21:00:00,0.0,BTCUSDT
2025-05-12 22:00:00,0.0,BTCUSDT
2025-05-12 23:00:00,0.0,BTCUSDT
2025-05-13 00:00:00,1.9537995449455477e-05,BTCUSDT
2025-05-13 01:00:00,0.0,BTCUSDT
2025-05-13 02:00:00,0.0,BTCUSDT
2025-05-13 03:00:00,0.0,BTCUSDT
2025-05-13 04:00:00,0.0,BTCUSDT
2025-05-13 05:00:00,0.0,BTCUSDT
2025-05-13 06:00:00,0.0,BTCUSDT
2025-05-13 07:00:00,0.0,BTCUSDT
2025-05-13 08:00:00,0.00010356645090595151,BTCUSDT
2025-05-13 09:00:00,0.0,BTCUSDT
2025-05-13 10:00:00,0.0,BTCUSDT
2025-05-13 11:00:00,0.0,BTCUSDT
2025-05-13 12:00:00,0.0,BTCUSDT
2025-05-13 13:00:00,0.0,BTCUSDT
2025-05-13 14:00:00,0.0,BTCUSDT
2025-05-13 15:00:00,0.0,BTCUSDT
2025-05-13 16:00:00,0.0001770110335875669,BTCUSDT
2025-05-13 17:00:00,0.0,BTCUSDT
2025-05-13 18:00:00,0.0,BTCUSDT
2025-05-13 19:00:00,0.0,BTCUSDT
2025-05-13 20:00:00,0.0,BTCUSDT
2025-05-13 21:00:00,0.0,BTCUSDT
2025-05-13 22:00:00,0.0,BTCUSDT
2025-05-13 23:00:00,0.0,BTCUSDT
2025-05-14 00:00:00,0.00014069640069045754,BTCUSDT
2025-05-14 01:00:00,0.0,BTCUSDT
2025-05-14 02:00:00,0.0,BTCUSDT
2025-05-14 03:00:00,0.0,BTCUSDT
2025-05-14 04:00:00,0.0,BTCUSDT
2025-05-14 05:00:00,0.0,BTCUSDT
2025-05-14 06:00:00,0.0,BTCUSDT
2025-05-14 07:00:00,0.0,BTCUSDT
2025-05-14 08:00:00,0.00022854343052629674,BTCUSDT
2025-05-14 09:00:00,0.0,BTCUSDT
2025-05-14 10:00:00,0.0,BTCUSDT
2025-05-14 11:00:00,0.0,BTCUSDT
2025-05-14 12:00:00,0.0,BTCUSDT
2025-05-14 13:00:00,0.0,BTCUSDT
2025-05-14 14:00:00,0.0,BTCUSDT
2025-05-14 15:00:00,0.0,BTCUSDT
2025-05-14 16:00:00,1.8769716685239295e-05,BTCUSDT
2025-05-14 17:00:00,0.0,BTCUSDT
2025-05-14 18:00:00,0.0,BTCUSDT
2025-05-14 19:00:00,0.0,BTCUSDT
2025-05-14 20:00:00,0.0,BTCUSDT
2025-05-14 21:00:00,0.0,BTCUSDT
2025-05-14 22:00:00,0.0,BTCUSDT
2025-05-14 23:00:00,0.0,BTCUSDT
2025-05-15 00:00:00,0.0003349628115171384,BTCUSDT
2025-05-15 01:00:00,0.0,BTCUSDT
2025-05-15 02:00:00,0.0,BTCUSDT
2025-05-15 03:00:00,0.0,BTCUSDT
2025-05-15 04:00:00,0.0,BTCUSDT
2025-05-15 05:00:00,0.0,BTCUSDT
2025-05-15 06:00:00,0.0,BTCUSDT
2025-05-15 07:00:00,0.0,BTCUSDT
2025-05-15 08:00:00,2.6388343571263865e-05,BTCUSDT
2025-05-15 09:00:00,0.0,BTCUSDT
2025-05-15 10:00:00,0.0,BTCUSDT
2025-05-15 11:00:00,0.0,BTCUSDT
2025-05-15 12:00:00,0.0,BTCUSDT
2025-05-15 13:00:00,0.0,BTCUSDT
2025-05-15 14:00:00,0.0,BTCUSDT
2025-05-15 15:00:00,0.0,BTCUSDT
2025-05-15 16:00:00,0.00022368144314882698,BTCUSDT
2025-05-15 17:00:00,0.0,BTCUSDT
2025-05-15 18:00:00,0.0,BTCUSDT
2025-05-15 19:00:00,0.0,BTCUSDT
2025-05-15 20:00:00,0.0,BTCUSDT
2025-05-15 21:00:00,0.0,BTCUSDT
2025-05-15 22:00:00,0.0,BTCUSDT
2025-05-15 23:00:00,0.0,BTCUSDT
2025-05-16 00:00:00,0.0002932294024818592,BTCUSDT
2025-05-16 01:00:00,0.0,BTCUSDT
2025-05-16 02:00:00,0.0,BTCUSDT
2025-05-16 03:00:00,0.0,BTCUSDT
2025-05-16 04:00:00,0.0,BTCUSDT
2025-05-16 05:00:00,0.0,BTCUSDT
2025-05-16 06:00:00,0.0,BTCUSDT
2025-05-16 07:00:00,0.0,BTCUSDT
2025-05-16 08:00:00,7.513981222430016e-05,BTCUSDT
2025-05-16 09:00:00,0.0,BTCUSDT
2025-05-16 10:00:00,0.0,BTCUSDT
2025-05-16 11:00:00,0.0,BTCUSDT
2025-05-16 12:00:00,0.0,BTCUSDT
2025-05-16 13:00:00,0.0,BTCUSDT
2025-05-16 14:00:00,0.0,BTCUSDT
2025-05-16 15:00:00,0.0,BTCUSDT
2025-05-16 16:00:00,0.000165382172847835,BTCUSDT
2025-05-16 17:00:00,0.0,BTCUSDT
2025-05-16 18:00:00,0.0,BTCUSDT
2025-05-16 19:00:00,0.0,BTCUSDT
2025-05-16 20:00:00,0.0,BTCUSDT
2025-05-16 21:00:00,0.0,BTCUSDT
2025-05-16 22:00:00,0.0,BTCUSDT
2025-05-16 23:00:00,0.0,BTCUSDT
2025-05-17 00:00:00,0.0003035062847861253,BTCUSDT
2025-05-17 01:00:00,0.0,BTCUSDT
2025-05-17 02:00:00,0.0,BTCUSDT
2025-05-17 03:00:00,0.0,BTCUSDT
2025-05-17 04:00:00,0.0,BTCUSDT
2025-05-17 05:00:00,0.0,BTCUSDT
2025-05-17 06:00:00,0.0,BTCUSDT
2025-05-17 07:00:00,0.0,BTCUSDT
2025-05-17 08:00:00,-0.00017416840896580116,BTCUSDT
2025-05-17 09:00:00,0.0,BTCUSDT
2025-05-17 10:00:00,0.0,BTCUSDT
2025-05-17 11:00:00,0.0,BTCUSDT
2025-05-17 12:00:00,0.0,BTCUSDT
2025-05-17 13:00:00,0.0,BTCUSDT
2025-05-17 14:00:00,0.0,BTCUSDT
2025-05-17 15:00:00,0.0,BTCUSDT
2025-05-17 16:00:00,0.0002346857625507387,BTCUSDT
2025-05-17 17:00:00,0.0,BTCUSDT
2025-05-17 18:00:00,0.0,BTCUSDT
2025-05-17 19:00:00,0.0,BTCUSDT
2025-05-17 20:00:00,0.0,BTCUSDT
2025-05-17 21:00:00,0.0,BTCUSDT
2025-05-17 22:00:00,0.0,BTCUSDT
2025-05-17 23:00:00,0.0,BTCUSDT
2025-05-18 00:00:00,0.00015880327986132623,BTCUSDT
2025-05-18 01:00:00,0.0,BTCUSDT
2025-05-18 02:00:00,0.0,BTCUSDT
2025-05-18 03:00:00,0.0,BTCUSDT
2025-05-18 04:00:00,0.0,BTCUSDT
2025-05-18 05:00:00,0.0,BTCUSDT
2025-05-18 06:00:00,0.0,BTCUSDT
2025-05-18 07:00:00,0.0,BTCUSDT
2025-05-18 08:00:00,0.00035177724114856434,BTCUSDT
2025-05-18 09:00:00,0.0,BTCUSDT
2025-05-18 10:00:00,0.0,BTCUSDT
2025-05-18 11:00:00,0.0,BTCUSDT
2025-05-18 12:00:00,0.0,BTCUSDT
2025-05-18 13:00:00,0.0,BTCUSDT
2025-05-18 14:00:00,0.0,BTCUSDT
2025-05-18 15:00:00,0.0,BTCUSDT
2025-05-18 16:00:00,0.0003471886404456207,BTCUSDT
2025-05-18 17:00:00,0.0,BTCUSDT
2025-05-18 18:00:00,0.0,BTCUSDT
2025-05-18 19:00:00,0.0,BTCUSDT
2025-05-18 20:00:00,0.0,BTCUSDT
2025-05-18 21:00:00,0.0,BTCUSDT
2025-05-18 22:00:00,0.0,BTCUSDT
2025-05-18 23:00:00,0.0,BTCUSDT
2025-05-19 00:00:00,0.0003690234347223577,BTCUSDT
2025-05-19 01:00:00,0.0,BTCUSDT
2025-05-19 02:00:00,0.0,BTCUSDT
2025-05-19 03:00:00,0.0,BTCUSDT
2025-05-19 04:00:00,0.0,BTCUSDT
2025-05-19 05:00:00,0.0,BTCUSDT
2025-05-19 06:00:00,0.0,BTCUSDT
2025-05-19 07:00:00,0.0,BTCUSDT
2025-05-19 08:00:00,0.00019274461151142292,BTCUSDT
2025-05-19 09:00:00,0.0,BTCUSDT
2025-05-19 10:00:00,0.0,BTCUSDT
2025-05-19 11:00:00,0.0,BTCUSDT
2025-05-19 12:00:00,0.0,BTCUSDT
2025-05-19 13:00:00,0.0,BTCUSDT
2025-05-19 14:00:00,0.0,BTCUSDT
2025-05-19 15:00:00,0.0,BTCUSDT
2025-05-19 16:00:00,8.766330503988181e-06,BTCUSDT
2025-05-19 17:00:00,0.0,BTCUSDT
2025-05-19 18:00:00,0.0,BTCUSDT
2025-05-19 19:00:00,0.0,BTCUSDT
2025-05-19 20:00:00,0.0,BTCUSDT
2025-05-19 21:00:00,0.0,BTCUSDT
2025-05-19 22:00:00,0.0,BTCUSDT
2025-05-19 23:00:00,0.0,BTCUSDT
2025-05-20 00:00:00,0.00028909946093187895,BTCUSDT
2025-05-20 01:00:00,0.0,BTCUSDT
2025-05-20 02:00:00,0.0,BTCUSDT
2025-05-20 03:00:00,0.0,BTCUSDT
2025-05-20 04:00:00,0.0,BTCUSDT
2025-05-20 05:00:00,0.0,BTCUSDT
2025-05-20 06:00:00,0.0,BTCUSDT
2025-05-20 07:00:00,0.0,BTCUSDT
2025-05-20 08:00:00,0.0003345935398328532,BTCUSDT
2025-05-20 09:00:00,0.0,BTCUSDT
2025-05-20 10:00:00,0.0,BTCUSDT
2025-05-20 11:00:00,0.0,BTCUSDT
2025-05-20 12:00:00,0.0,BTCUSDT
2025-05-20 13:00:00,0.0,BTCUSDT
2025-05-20 14:00:00,0.0,BTCUSDT
2025-05-20 15:00:00,0.0,BTCUSDT
2025-05-20 16:00:00,9.14287504679324e-05,BTCUSDT
2025-05-20 17:00:00,0.0,BTCUSDT
2025-05-20 18:00:00,0.0,BTCUSDT
2025-05-20 19:00:00,0.0,BTCUSDT
2025-05-20 20:00:00,0.0,BTCUSDT
2025-05-20 21:00:00,0.0,BTCUSDT
2025-05-20 22:00:00,0.0,BTCUSDT
2025-05-20 23:00:00,0.0,BTCUSDT
2025-05-21 00:00:00,2.9481380587118554e-05,BTCUSDT
2025-05-21 01:00:00,0.0,BTCUSDT
2025-05-21 02:00:00,0.0,BTCUSDT
2025-05-21 03:00:00,0.0,BTCUSDT
2025-05-21 04:00:00,0.0,BTCUSDT
2025-05-21 05:00:00,0.0,BTCUSDT
2025-05-21 06:00:00,0.0,BTCUSDT
2025-05-21 07:00:00,0.0,BTCUSDT
2025-05-21 08:00:00,0.00033561747371243497,BTCUSDT
2025-05-21 09:00:00,0.0,BTCUSDT
2025-05-21 10:00:00,0.0,BTCUSDT
2025-05-21 11:00:00,0.0,BTCUSDT
2025-05-21 12:00:00,0.0,BTCUSDT
2025-05-21 13:00:00,0.0,BTCUSDT
2025-05-21 14:00:00,0.0,BTCUSDT
2025-05-21 15:00:00,0.0,BTCUSDT
2025-05-21 16:00:00,1.698173265493426e-05,BTCUSDT
2025-05-21 17:00:00,0.0,BTCUSDT
2025-05-21 18:00:00,0.0,BTCUSDT
2025-05-21 19:00:00,0.0,BTCUSDT
2025-05-21 20:00:00,0.0,BTCUSDT
2025-05-21 21:00:00,0.0,BTCUSDT
2025-05-21 22:00:00,0.0,BTCUSDT
2025-05-21 23:00:00,0.0,BTCUSDT
2025-05-22 00:00:00,8.482024298406786e-05,BTCUSDT
2025-05-22 01:00:00,0.0,BTCUSDT
2025-05-22 02:00:00,0.0,BTCUSDT
2025-05-22 03:00:00,0.0,BTCUSDT
2025-05-22 04:00:00,0.0,BTCUSDT
2025-05-22 05:00:00,0.0,BTCUSDT
2025-05-22 06:00:00,0.0,BTCUSDT
2025-05-22 07:00:00,0.0,BTCUSDT
2025-05-22 08:00:00,-0.00029746204594528574,BTCUSDT
2025-05-22 09:00:00,0.0,BTCUSDT
2025-05-22 10:00:00,0.0,BTCUSDT
2025-05-22 11:00:00,0.0,BTCUSDT
2025-05-22 12:00:00,0.0,BTCUSDT
2025-05-22 13:00:00,0.0,BTCUSDT
2025-05-22 14:00:00,0.0,BTCUSDT
2025-05-22 15:00:00,0.0,BTCUSDT
2025-05-22 16:00:00,0.00020270427385094708,BTCUSDT
2025-05-22 17:00:00,0.0,BTCUSDT
2025-05-22 18:00:00,0.0,BTCUSDT
2025-05-22 19:00:00,0.0,BTCUSDT
2025-05-22 20:00:00,0.0,BTCUSDT
2025-05-22 21:00:00,0.0,BTCUSDT
2025-05-22 22:00:00,0.0,BTCUSDT
2025-05-22 23:00:00,0.0,BTCUSDT
2025-05-23 00:00:00,0.00015217323494439518,BTCUSDT
2025-05-23 01:00:00,0.0,BTCUSDT
2025-05-23 02:00:00,0.0,BTCUSDT
2025-05-23 03:00:00,0.0,BTCUSDT
2025-05-23 04:00:00,0.0,BTCUSDT
2025-05-23 05:00:00,0.0,BTCUSDT
2025-05-23 06:00:00,0.0,BTCUSDT
2025-05-23 07:00:00,0.0,BTCUSDT
2025-05-23 08:00:00,0.0001661727062133824,BTCUSDT
2025-05-23 09:00:00,0.0,BTCUSDT
2025-05-23 10:00:00,0.0,BTCUSDT
2025-05-23 11:00:00,0.0,BTCUSDT
2025-05-23 12:00:00,0.0,BTCUSDT
2025-05-23 13:00:00,0.0,BTCUSDT
2025-05-23 14:00:00,0.0,BTCUSDT
2025-05-23 15:00:00,0.0,BTCUSDT
2025-05-23 16:00:00,0.00035966689795508336,BTCUSDT
2025-05-23 17:00:00,0.0,BTCUSDT
2025-05-23 18:00:00,0.0,BTCUSDT
2025-05-23 19:00:00,0.0,BTCUSDT
2025-05-23 20:00:00,0.0,BTCUSDT
2025-05-23 21:00:00,0.0,BTCUSDT
2025-05-23 22:00:00,0.0,BTCUSDT
2025-05-23 23:00:00,0.0,BTCUSDT
2025-05-24 00:00:00,2.584588066789807e-05,BTCUSDT
2025-05-24 01:00:00,0.0,BTCUSDT
2025-05-24 02:00:00,0.0,BTCUSDT
2025-05-24 03:00:00,0.0,BTCUSDT
2025-05-24 04:00:00,0.0,BTCUSDT
2025-05-24 05:00:00,0.0,BTCUSDT
2025-05-24 06:00:00,0.0,BTCUSDT
2025-05-24 07:00:00,0.0,BTCUSDT
2025-05-24 08:00:00,-2.13926891745271e-05,BTCUSDT
2025-05-24 09:00:00,0.0,BTCUSDT
2025-05-24 10:00:00,0.0,BTCUSDT
2025-05-24 11:00:00,0.0,BTCUSDT
2025-05-24 12:00:00,0.0,BTCUSDT
2025-05-24 13:00:00,0.0,BTCUSDT
2025-05-24 14:00:00,0.0,BTCUSDT
2025-05-24 15:00:00,0.0,BTCUSDT
2025-05-24 16:00:00,-7.210477359624781e-05,BTCUSDT
2025-05-24 17:00:00,0.0,BTCUSDT
2025-05-24 18:00:00,0.0,BTCUSDT
2025-05-24 19:00:00,0.0,BTCUSDT
2025-05-24 20:00:00,0.0,BTCUSDT
2025-05-24 21:00:00,0.0,BTCUSDT
2025-05-24 22:00:00,0.0,BTCUSDT
2025-05-24 23:00:00,0.0,BTCUSDT
2025-05-25 00:00:00,-0.00011732723777705636,BTCUSDT
2025-05-25 01:00:00,0.0,BTCUSDT
2025-05-25 02:00:00,0.0,BTCUSDT
2025-05-25 03:00:00,0.0,BTCUSDT
2025-05-25 04:00:00,0.0,BTCUSDT
2025-05-25 05:00:00,0.0,BTCUSDT
2025-05-25 06:00:00,0.0,BTCUSDT
2025-05-25 07:00:00,0.0,BTCUSDT
2025-05-25 08:00:00,0.00019057486535897826,BTCUSDT
2025-05-25 09:00:00,0.0,BTCUSDT
2025-05-25 10:00:00,0.0,BTCUSDT
2025-05-25 11:00:00,0.0,BTCUSDT
2025-05-25 12:00:00,0.0,BTCUSDT
2025-05-25 13:00:00,0.0,BTCUSDT
2025-05-25 14:00:00,0.0,BTCUSDT
2025-05-25 15:00:00,0.0,BTCUSDT
2025-05-25 16:00:00,0.00026321620882278777,BTCUSDT
2025-05-25 17:00:00,0.0,BTCUSDT
2025-05-25 18:00:00,0.0,BTCUSDT
2025-05-25 19:00:00,0.0,BTCUSDT
2025-05-25 20:00:00,0.0,BTCUSDT
2025-05-25 21:00:00,0.0,BTCUSDT
2025-05-25 22:00:00,0.0,BTCUSDT
2025-05-25 23:00:00,0.0,BTCUSDT
2025-05-26 00:00:00,-0.00020138445982760273,BTCUSDT
2025-05-26 01:00:00,0.0,BTCUSDT
2025-05-26 02:00:00,0.0,BTCUSDT
2025-05-26 03:00:00,0.0,BTCUSDT
2025-05-26 04:00:00,0.0,BTCUSDT
2025-05-26 05:00:00,0.0,BTCUSDT
2025-05-26 06:00:00,0.0,BTCUSDT
2025-05-26 07:00:00,0.0,BTCUSDT
2025-05-26 08:00:00,6.781901234468026e-05,BTCUSDT
2025-05-26 09:00:00,0.0,BTCUSDT
2025-05-26 10:00:00,0.0,BTCUSDT
2025-05-26 11:00:00,0.0,BTCUSDT
2025-05-26 12:00:00,0.0,BTCUSDT
2025-05-26 13:00:00,0.0,BTCUSDT
2025-05-26 14:00:00,0.0,BTCUSDT
2025-05-26 15:00:00,0.0,BTCUSDT
2025-05-26 16:00:00,0.0005113171641415192,BTCUSDT
2025-05-26 17:00:00,0.0,BTCUSDT
2025-05-26 18:00:00,0.0,BTCUSDT
2025-05-26 19:00:00,0.0,BTCUSDT
2025-05-26 20:00:00,0.0,BTCUSDT
2025-05-26 21:00:00,0.0,BTCUSDT
2025-05-26 22:00:00,0.0,BTCUSDT
2025-05-26 23:00:00,0.0,BTCUSDT
2025-05-27 00:00:00,3.354545974998235e-05,BTCUSDT
2025-05-27 01:00:00,0.0,BTCUSDT
2025-05-27 02:00:00,0.0,BTCUSDT
2025-05-27 03:00:00,0.0,BTCUSDT
2025-05-27 04:00:00,0.0,BTCUSDT
2025-05-27 05:00:00,0.0,BTCUSDT
2025-05-27 06:00:00,0.0,BTCUSDT
2025-05-27 07:00:00,0.0,BTCUSDT
2025-05-27 08:00:00,3.1073032598368766e-05,BTCUSDT
2025-05-27 09:00:00,0.0,BTCUSDT
2025-05-27 10:00:00,0.0,BTCUSDT
2025-05-27 11:00:00,0.0,BTCUSDT
2025-05-27 12:00:00,0.0,BTCUSDT
2025-05-27 13:00:00,0.0,BTCUSDT
2025-05-27 14:00:00,0.0,BTCUSDT
2025-05-27 15:00:00,0.0,BTCUSDT
2025-05-27 16:00:00,-6.773152750411694e-05,BTCUSDT
2025-05-27 17:00:00,0.0,BTCUSDT
2025-05-27 18:00:00,0.0,BTCUSDT
2025-05-27 19:00:00,0.0,BTCUSDT
2025-05-27 20:00:00,0.0,BTCUSDT
2025-05-27 21:00:00,0.0,BTCUSDT
2025-05-27 22:00:00,0.0,BTCUSDT
2025-05-27 23:00:00,0.0,BTCUSDT
2025-05-28 00:00:00,-6.771613189630045e-05,BTCUSDT
2025-05-28 01:00:00,0.0,BTCUSDT
2025-05-28 02:00:00,0.0,BTCUSDT
2025-05-28 03:00:00,0.0,BTCUSDT
2025-05-28 04:00:00,0.0,BTCUSDT
2025-05-28 05:00:00,0.0,BTCUSDT
2025-05-28 06:00:00,0.0,BTCUSDT
2025-05-28 07:00:00,0.0,BTCUSDT
2025-05-28 08:00:00,0.00022455382504551005,BTCUSDT
2025-05-28 09:00:00,0.0,BTCUSDT
2025-05-28 10:00:00,0.0,BTCUSDT
2025-05-28 11:00:00,0.0,BTCUSDT
2025-05-28 12:00:00,0.0,BTCUSDT
2025-05-28 13:00:00,0.0,BTCUSDT
2025-05-28 14:00:00,0.0,BTCUSDT
2025-05-28 15:00:00,0.0,BTCUSDT
2025-05-28 16:00:00,2.684385093959872e-05,BTCUSDT
2025-05-28 17:00:00,0.0,BTCUSDT
2025-05-28 18:00:00,0.0,BTCUSDT
2025-05-28 19:00:00,0.0,BTCUSDT
2025-05-28 20:00:00,0.0,BTCUSDT
2025-05-28 21:00:00,0.0,BTCUSDT
2025-05-28 22:00:00,0.0,BTCUSDT
2025-05-28 23:00:00,0.0,BTCUSDT
2025-05-29 00:00:00,3.9075470329052886e-05,BTCUSDT
2025-05-29 01:00:00,0.0,BTCUSDT
2025-05-29 02:00:00,0.0,BTCUSDT
2025-05-29 03:00:00,0.0,BTCUSDT
2025-05-29 04:00:00,0.0,BTCUSDT
2025-05-29 05:00:00,0.0,BTCUSDT
2025-05-29 06:00:00,0.0,BTCUSDT
2025-05-29 07:00:00,0.0,BTCUSDT
2025-05-29 08:00:00,-8.409775754791565e-05,BTCUSDT
2025-05-29 09:00:00,0.0,BTCUSDT
2025-05-29 10:00:00,0.0,BTCUSDT
2025-05-29 11:00:00,0.0,BTCUSDT
2025-05-29 12:00:00,0.0,BTCUSDT
2025-05-29 13:00:00,0.0,BTCUSDT
2025-05-29 14:00:00,0.0,BTCUSDT
2025-05-29 15:00:00,0.0,BTCUSDT
2025-05-29 16:00:00,-0.00037380486231625035,BTCUSDT
2025-05-29 17:00:00,0.0,BTCUSDT
2025-05-29 18:00:00,0.0,BTCUSDT
2025-05-29 19:00:00,0.0,BTCUSDT
2025-05-29 20:00:00,0.0,BTCUSDT
2025-05-29 21:00:00,0.0,BTCUSDT
2025-05-29 22:00:00,0.0,BTCUSDT
2025-05-29 23:00:00,0.0,BTCUSDT
2025-05-30 00:00:00,0.0004080215647488063,BTCUSDT
2025-05-30 01:00:00,0.0,BTCUSDT
2025-05-30 02:00:00,0.0,BTCUSDT
2025-05-30 03:00:00,0.0,BTCUSDT
2025-05-30 04:00:00,0.0,BTCUSDT
2025-05-30 05:00:00,0.0,BTCUSDT
2025-05-30 06:00:00,0.0,BTCUSDT
2025-05-30 07:00:00,0.0,BTCUSDT
2025-05-30 08:00:00,0.0002480842428095503,BTCUSDT
2025-05-30 09:00:00,0.0,BTCUSDT
2025-05-30 10:00:00,0.0,BTCUSDT
2025-05-30 11:00:00,0.0,BTCUSDT
2025-05-30 12:00:00,0.0,BTCUSDT
2025-05-30 13:00:00,0.0,BTCUSDT
2025-05-30 14:00:00,0.0,BTCUSDT
2025-05-30 15:00:00,0.0,BTCUSDT
2025-05-30 16:00:00,0.00013463952854174947,BTCUSDT
2025-05-30 17:00:00,0.0,BTCUSDT
2025-05-30 18:00:00,0.0,BTCUSDT
2025-05-30 19:00:00,0.0,BTCUSDT
2025-05-30 20:00:00,0.0,BTCUSDT
2025-05-30 21:00:00,0.0,BTCUSDT
2025-05-30 22:00:00,0.0,BTCUSDT
2025-05-30 23:00:00,0.0,BTCUSDT
2025-05-31 00:00:00,2.0986618774558127e-05,BTCUSDT
2025-05-31 01:00:00,0.0,BTCUSDT
2025-05-31 02:00:00,0.0,BTCUSDT
2025-05-31 03:00:00,0.0,BTCUSDT
2025-05-31 04:00:00,0.0,BTCUSDT
2025-05-31 05:00:00,0.0,BTCUSDT
2025-05-31 06:00:00,0.0,BTCUSDT
2025-05-31 07:00:00,0.0,BTCUSDT
2025-05-31 08:00:00,0.00036709477957013093,BTCUSDT
2025-05-31 09:00:00,0.0,BTCUSDT
2025-05-31 10:00:00,0.0,BTCUSDT
2025-05-31 11:00:00,0.0,BTCUSDT
2025-05-31 12:00:00,0.0,BTCUSDT
2025-05-31 13:00:00,0.0,BTCUSDT
2025-05-31 14:00:00,0.0,BTCUSDT
2025-05-31 15:00:00,0.0,BTCUSDT
2025-05-31 16:00:00,0.0002514112003638834,BTCUSDT
2025-05-31 17:00:00,0.0,BTCUSDT
2025-05-31 18:00:00,0.0,BTCUSDT
2025-05-31 19:00:00,0.0,BTCUSDT
2025-05-31 20:00:00,0.0,BTCUSDT
2025-05-31 21:00:00,0.0,BTCUSDT
2025-05-31 22:00:00,0.0,BTCUSDT
2025-05-31 23:00:00,0.0,BTCUSDT
2025-06-01 00:00:00,-6.726770729925759e-05,BTCUSDT
2025-06-01 01:00:00,0.0,BTCUSDT
2025-06-01 02:00:00,0.0,BTCUSDT
2025-06-01 03:00:00,0.0,BTCUSDT
2025-06-01 04:00:00,0.0,BTCUSDT
2025-06-01 05:00:00,0.0,BTCUSDT
2025-06-01 06:00:00,0.0,BTCUSDT
2025-06-01 07:00:00,0.0,BTCUSDT
2025-06-01 08:00:00,-7.885958755683714e-06,BTCUSDT
2025-06-01 09:00:00,0.0,BTCUSDT
2025-06-01 10:00:00,0.0,BTCUSDT
2025-06-01 11:00:00,0.0,BTCUSDT
2025-06-01 12:00:00,0.0,BTCUSDT
2025-06-01 13:00:00,0.0,BTCUSDT
2025-06-01 14:00:00,0.0,BTCUSDT
2025-06-01 15:00:00,0.0,BTCUSDT
2025-06-01 16:00:00,3.58751047386377e-05,BTCUSDT
2025-06-01 17:00:00,0.0,BTCUSDT
2025-06-01 18:00:00,0.0,BTCUSDT
2025-06-01 19:00:00,0.0,BTCUSDT
2025-06-01 20:00:00,0.0,BTCUSDT
2025-06-01 21:00:00,0.0,BTCUSDT
2025-06-01 22:00:00,0.0,BTCUSDT
2025-06-01 23:00:00,0.0,BTCUSDT
2025-06-02 00:00:00,-0.00022200433458179932,BTCUSDT
2025-06-02 01:00:00,0.0,BTCUSDT
2025-06-02 02:00:00,0.0,BTCUSDT
2025-06-02 03:00:00,0.0,BTCUSDT
2025-06-02 04:00:00,0.0,BTCUSDT
2025-06-02 05:00:00,0.0,BTCUSDT
2025-06-02 06:00:00,0.0,BTCUSDT
2025-06-02 07:00:00,0.0,BTCUSDT
2025-06-02 08:00:00,0.00015891536010806398,BTCUSDT
2025-06-02 09:00:00,0.0,BTCUSDT
2025-06-02 10:00:00,0.0,BTCUSDT
2025-06-02 11:00:00,0.0,BTCUSDT
2025-06-02 12:00:00,0.0,BTCUSDT
2025-06-02 13:00:00,0.0,BTCUSDT
2025-06-02 14:00:00,0.0,BTCUSDT
2025-06-02 15:00:00,0.0,BTCUSDT
2025-06-02 16:00:00,0.00016398557236895468,BTCUSDT
2025-06-02 17:00:00,0.0,BTCUSDT
2025-06-02 18:00:00,0.0,BTCUSDT
2025-06-02 19:00:00,0.0,BTCUSDT
2025-06-02 20:00:00,0.0,BTCUSDT
2025-06-02 21:00:00,0.0,BTCUSDT
2025-06-02 22:00:00,0.0,BTCUSDT
2025-06-02 23:00:00,0.0,BTCUSDT
2025-06-03 00:00:00,0.00027494792431605143,BTCUSDT
2025-06-03 01:00:00,0.0,BTCUSDT
2025-06-03 02:00:00,0.0,BTCUSDT
2025-06-03 03:00:00,0.0,BTCUSDT
2025-06-03 04:00:00,0.0,BTCUSDT
2025-06-03 05:00:00,0.0,BTCUSDT
2025-06-03 06:00:00,0.0,BTCUSDT
2025-06-03 07:00:00,0.0,BTCUSDT
2025-06-03 08:00:00,0.0001516405469402274,BTCUSDT
2025-06-03 09:00:00,0.0,BTCUSDT
2025-06-03 10:00:00,0.0,BTCUSDT
2025-06-03 11:00:00,0.0,BTCUSDT
2025-06-03 12:00:00,0.0,BTCUSDT
2025-06-03 13:00:00,0.0,BTCUSDT
2025-06-03 14:00:00,0.0,BTCUSDT
2025-06-03 15:00:00,0.0,BTCUSDT
2025-06-03 16:00:00,0.00016347252665107226,BTCUSDT
2025-06-03 17:00:00,0.0,BTCUSDT
2025-06-03 18:00:00,0.0,BTCUSDT
2025-06-03 19:00:00,0.0,BTCUSDT
2025-06-03 20:00:00,0.0,BTCUSDT
2025-06-03 21:00:00,0.0,BTCUSDT
2025-06-03 22:00:00,0.0,BTCUSDT
2025-06-03 23:00:00,0.0,BTCUSDT
2025-06-04 00:00:00,5.2629590175564344e-05,BTCUSDT
2025-06-04 01:00:00,0.0,BTCUSDT
2025-06-04 02:00:00,0.0,BTCUSDT
2025-06-04 03:00:00,0.0,BTCUSDT
2025-06-04 04:00:00,0.0,BTCUSDT
2025-06-04 05:00:00,0.0,BTCUSDT
2025-06-04 06:00:00,0.0,BTCUSDT
2025-06-04 07:00:00,0.0,BTCUSDT
2025-06-04 08:00:00,9.788871302382935e-05,BTCUSDT
2025-06-04 09:00:00,0.0,BTCUSDT
2025-06-04 10:00:00,0.0,BTCUSDT
2025-06-04 11:00:00,0.0,BTCUSDT
2025-06-04 12:00:00,0.0,BTCUSDT
2025-06-04 13:00:00,0.0,BTCUSDT
2025-06-04 14:00:00,0.0,BTCUSDT
2025-06-04 15:00:00,0.0,BTCUSDT
2025-06-04 16:00:00,0.0002838522183362584,BTCUSDT
2025-06-04 17:00:00,0.0,BTCUSDT
2025-06-04 18:00:00,0.0,BTCUSDT
2025-06-04 19:00:00,0.0,BTCUSDT
2025-06-04 20:00:00,0.0,BTCUSDT
2025-06-04 21:00:00,0.0,BTCUSDT
2025-06-04 22:00:00,0.0,BTCUSDT
2025-06-04 23:00:00,0.0,BTCUSDT
2025-06-05 00:00:00,7.22997956120093e-05,BTCUSDT
2025-06-05 01:00:00,0.0,BTCUSDT
2025-06-05 02:00:00,0.0,BTCUSDT
2025-06-05 03:00:00,0.0,BTCUSDT
2025-06-05 04:00:00,0.0,BTCUSDT
2025-06-05 05:00:00,0.0,BTCUSDT
2025-06-05 06:00:00,0.0,BTCUSDT
2025-06-05 07:00:00,0.0,BTCUSDT
2025-06-05 08:00:00,2.9156276816671883e-05,BTCUSDT
2025-06-05 09:00:00,0.0,BTCUSDT
2025-06-05 10:00:00,0.0,BTCUSDT
2025-06-05 11:00:00,0.0,BTCUSDT
2025-06-05 12:00:00,0.0,BTCUSDT
2025-06-05 13:00:00,0.0,BTCUSDT
2025-06-05 14:00:00,0.0,BTCUSDT
2025-06-05 15:00:00,0.0,BTCUSDT
2025-06-05 16:00:00,0.00010063959812305768,BTCUSDT
2025-06-05 17:00:00,0.0,BTCUSDT
2025-06-05 18:00:00,0.0,BTCUSDT
2025-06-05 19:00:00,0.0,BTCUSDT
2025-06-05 20:00:00,0.0,BTCUSDT
2025-06-05 21:00:00,0.0,BTCUSDT
2025-06-05 22:00:00,0.0,BTCUSDT
2025-06-05 23:00:00,0.0,BTCUSDT
2025-06-06 00:00:00,0.00025040927672376597,BTCUSDT
2025-06-06 01:00:00,0.0,BTCUSDT
2025-06-06 02:00:00,0.0,BTCUSDT
2025-06-06 03:00:00,0.0,BTCUSDT
2025-06-06 04:00:00,0.0,BTCUSDT
2025-06-06 05:00:00,0.0,BTCUSDT
2025-06-06 06:00:00,0.0,BTCUSDT
2025-06-06 07:00:00,0.0,BTCUSDT
2025-06-06 08:00:00,0.00024064365097134879,BTCUSDT
2025-06-06 09:00:00,0.0,BTCUSDT
2025-06-06 10:00:00,0.0,BTCUSDT
2025-06-06 11:00:00,0.0,BTCUSDT
2025-06-06 12:00:00,0.0,BTCUSDT
2025-06-06 13:00:00,0.0,BTCUSDT
2025-06-06 14:00:00,0.0,BTCUSDT
2025-06-06 15:00:00,0.0,BTCUSDT
2025-06-06 16:00:00,-3.0158731013692048e-05,BTCUSDT
2025-06-06 17:00:00,0.0,BTCUSDT
2025-06-06 18:00:00,0.0,BTCUSDT
2025-06-06 19:00:00,0.0,BTCUSDT
2025-06-06 20:00:00,0.0,BTCUSDT
2025-06-06 21:00:00,0.0,BTCUSDT
2025-06-06 22:00:00,0.0,BTCUSDT
2025-06-06 23:00:00,0.0,BTCUSDT
2025-06-07 00:00:00,0.0002047455530827707,BTCUSDT
2025-06-07 01:00:00,0.0,BTCUSDT
2025-06-07 02:00:00,0.0,BTCUSDT
2025-06-07 03:00:00,0.0,BTCUSDT
2025-06-07 04:00:00,0.0,BTCUSDT
2025-06-07 05:00:00,0.0,BTCUSDT
2025-06-07 06:00:00,0.0,BTCUSDT
2025-06-07 07:00:00,0.0,BTCUSDT
2025-06-07 08:00:00,8.248929070931212e-05,BTCUSDT
2025-06-07 09:00:00,0.0,BTCUSDT
2025-06-07 10:00:00,0.0,BTCUSDT
2025-06-07 11:00:00,0.0,BTCUSDT
2025-06-07 12:00:00,0.0,BTCUSDT
2025-06-07 13:00:00,0.0,BTCUSDT
2025-06-07 14:00:00,0.0,BTCUSDT
2025-06-07 15:00:00,0.0,BTCUSDT
2025-06-07 16:00:00,-0.00023439449435851042,BTCUSDT
2025-06-07 17:00:00,0.0,BTCUSDT
2025-06-07 18:00:00,0.0,BTCUSDT
2025-06-07 19:00:00,0.0,BTCUSDT
2025-06-07 20:00:00,0.0,BTCUSDT
2025-06-07 21:00:00,0.0,BTCUSDT
2025-06-07 22:00:00,0.0,BTCUSDT
2025-06-07 23:00:00,0.0,BTCUSDT
2025-06-08 00:00:00,0.00041183645809647027,BTCUSDT
2025-06-08 01:00:00,0.0,BTCUSDT
2025-06-08 02:00:00,0.0,BTCUSDT
2025-06-08 03:00:00,0.0,BTCUSDT
2025-06-08 04:00:00,0.0,BTCUSDT
2025-06-08 05:00:00,0.0,BTCUSDT
2025-06-08 06:00:00,0.0,BTCUSDT
2025-06-08 07:00:00,0.0,BTCUSDT
2025-06-08 08:00:00,-3.9848812845815046e-05,BTCUSDT
2025-06-08 09:00:00,0.0,BTCUSDT
2025-06-08 10:00:00,0.0,BTCUSDT
2025-06-08 11:00:00,0.0,BTCUSDT
2025-06-08 12:00:00,0.0,BTCUSDT
2025-06-08 13:00:00,0.0,BTCUSDT
2025-06-08 14:00:00,0.0,BTCUSDT
2025-06-08 15:00:00,0.0,BTCUSDT
2025-06-08 16:00:00,-6.457352099959556e-05,BTCUSDT
2025-06-08 17:00:00,0.0,BTCUSDT
2025-06-08 18:00:00,0.0,BTCUSDT
2025-06-08 19:00:00,0.0,BTCUSDT
2025-06-08 20:00:00,0.0,BTCUSDT
2025-06-08 21:00:00,0.0,BTCUSDT
2025-06-08 22:00:00,0.0,BTCUSDT
2025-06-08 23:00:00,0.0,BTCUSDT
2025-06-09 00:00:00,0.000350431807393222,BTCUSDT
2025-06-09 01:00:00,0.0,BTCUSDT
2025-06-09 02:00:00,0.0,BTCUSDT
2025-06-09 03:00:00,0.0,BTCUSDT
2025-06-09 04:00:00,0.0,BTCUSDT
2025-06-09 05:00:00,0.0,BTCUSDT
2025-06-09 06:00:00,0.0,BTCUSDT
2025-06-09 07:00:00,0.0,BTCUSDT
2025-06-09 08:00:00,-0.00031021048157077105,BTCUSDT
2025-06-09 09:00:00,0.0,BTCUSDT
2025-06-09 10:00:00,0.0,BTCUSDT
2025-06-09 11:00:00,0.0,BTCUSDT
2025-06-09 12:00:00,0.0,BTCUSDT
2025-06-09 13:00:00,0.0,BTCUSDT
2025-06-09 14:00:00,0.0,BTCUSDT
2025-06-09 15:00:00,0.0,BTCUSDT
2025-06-09 16:00:00,0.0004351837575218753,BTCUSDT
2025-06-09 17:00:00,0.0,BTCUSDT
2025-06-09 18:00:00,0.0,BTCUSDT
2025-06-09 19:00:00,0.0,BTCUSDT
2025-06-09 20:00:00,0.0,BTCUSDT
2025-06-09 21:00:00,0.0,BTCUSDT
2025-06-09 22:00:00,0.0,BTCUSDT
2025-06-09 23:00:00,0.0,BTCUSDT
2025-06-10 00:00:00,-0.0003671861394110193,BTCUSDT
2025-06-10 01:00:00,0.0,BTCUSDT
2025-06-10 02:00:00,0.0,BTCUSDT
2025-06-10 03:00:00,0.0,BTCUSDT
2025-06-10 04:00:00,0.0,BTCUSDT
2025-06-10 05:00:00,0.0,BTCUSDT
2025-06-10 06:00:00,0.0,BTCUSDT
2025-06-10 07:00:00,0.0,BTCUSDT
2025-06-10 08:00:00,7.083111340556208e-05,BTCUSDT
2025-06-10 09:00:00,0.0,BTCUSDT
2025-06-10 10:00:00,0.0,BTCUSDT
2025-06-10 11:00:00,0.0,BTCUSDT
2025-06-10 12:00:00,0.0,BTCUSDT
2025-06-10 13:00:00,0.0,BTCUSDT
2025-06-10 14:00:00,0.0,BTCUSDT
2025-06-10 15:00:00,0.0,BTCUSDT
2025-06-10 16:00:00,-0.00019003263340734038,BTCUSDT
2025-06-10 17:00:00,0.0,BTCUSDT
2025-06-10 18:00:00,0.0,BTCUSDT
2025-06-10 19:00:00,0.0,BTCUSDT
2025-06-10 20:00:00,0.0,BTCUSDT
2025-06-10 21:00:00,0.0,BTCUSDT
2025-06-10 22:00:00,0.0,BTCUSDT
2025-06-10 23:00:00,0.0,BTCUSDT
2025-06-11 00:00:00,-0.0002590258393239737,BTCUSDT
2025-06-11 01:00:00,0.0,BTCUSDT
2025-06-11 02:00:00,0.0,BTCUSDT
2025-06-11 03:00:00,0.0,BTCUSDT
2025-06-11 04:00:00,0.0,BTCUSDT
2025-06-11 05:00:00,0.0,BTCUSDT
2025-06-11 06:00:00,0.0,BTCUSDT
2025-06-11 07:00:00,0.0,BTCUSDT
2025-06-11 08:00:00,0.000368937034646123,BTCUSDT
2025-06-11 09:00:00,0.0,BTCUSDT
2025-06-11 10:00:00,0.0,BTCUSDT
2025-06-11 11:00:00,0.0,BTCUSDT
2025-06-11 12:00:00,0.0,BTCUSDT
2025-06-11 13:00:00,0.0,BTCUSDT
2025-06-11 14:00:00,0.0,BTCUSDT
2025-06-11 15:00:00,0.0,BTCUSDT
2025-06-11 16:00:00,2.6673224266213395e-05,BTCUSDT
2025-06-11 17:00:00,0.0,BTCUSDT
2025-06-11 18:00:00,0.0,BTCUSDT
2025-06-11 19:00:00,0.0,BTCUSDT
2025-06-11 20:00:00,0.0,BTCUSDT
2025-06-11 21:00:00,0.0,BTCUSDT
2025-06-11 22:00:00,0.0,BTCUSDT
2025-06-11 23:00:00,0.0,BTCUSDT
2025-06-12 00:00:00,3.787415203262389e-05,BTCUSDT
2025-06-12 01:00:00,0.0,BTCUSDT
2025-06-12 02:00:00,0.0,BTCUSDT
2025-06-12 03:00:00,0.0,BTCUSDT
2025-06-12 04:00:00,0.0,BTCUSDT
2025-06-12 05:00:00,0.0,BTCUSDT
2025-06-12 06:00:00,0.0,BTCUSDT
2025-06-12 07:00:00,0.0,BTCUSDT
2025-06-12 08:00:00,0.0001957362361301874,BTCUSDT
2025-06-12 09:00:00,0.0,BTCUSDT
2025-06-12 10:00:00,0.0,BTCUSDT
2025-06-12 11:00:00,0.0,BTCUSDT
2025-06-12 12:00:00,0.0,BTCUSDT
2025-06-12 13:00:00,0.0,BTCUSDT
2025-06-12 14:00:00,0.0,BTCUSDT
2025-06-12 15:00:00,0.0,BTCUSDT
2025-06-12 16:00:00,0.0003344549919216137,BTCUSDT
2025-06-12 17:00:00,0.0,BTCUSDT
2025-06-12 18:00:00,0.0,BTCUSDT
2025-06-12 19:00:00,0.0,BTCUSDT
2025-06-12 20:00:00,0.0,BTCUSDT
2025-06-12 21:00:00,0.0,BTCUSDT
2025-06-12 22:00:00,0.0,BTCUSDT
2025-06-12 23:00:00,0.0,BTCUSDT
2025-06-13 00:00:00,0.0003846529842131322,BTCUSDT
2025-06-13 01:00:00,0.0,BTCUSDT
2025-06-13 02:00:00,0.0,BTCUSDT
2025-06-13 03:00:00,0.0,BTCUSDT
2025-06-13 04:00:00,0.0,BTCUSDT
2025-06-13 05:00:00,0.0,BTCUSDT
2025-06-13 06:00:00,0.0,BTCUSDT
2025-06-13 07:00:00,0.0,BTCUSDT
2025-06-13 08:00:00,0.0002021352275717615,BTCUSDT
2025-06-13 09:00:00,0.0,BTCUSDT
2025-06-13 10:00:00,0.0,BTCUSDT
2025-06-13 11:00:00,0.0,BTCUSDT
2025-06-13 12:00:00,0.0,BTCUSDT
2025-06-13 13:00:00,0.0,BTCUSDT
2025-06-13 14:00:00,0.0,BTCUSDT
2025-06-13 15:00:00,0.0,BTCUSDT
2025-06-13 16:00:00,7.510867405711558e-05,BTCUSDT
2025-06-13 17:00:00,0.0,BTCUSDT
2025-06-13 18:00:00,0.0,BTCUSDT
2025-06-13 19:00:00,0.0,BTCUSDT
2025-06-13 20:00:00,0.0,BTCUSDT
2025-06-13 21:00:00,0.0,BTCUSDT
2025-06-13 22:00:00,0.0,BTCUSDT
2025-06-13 23:00:00,0.0,BTCUSDT
2025-06-14 00:00:00,-0.00017200471526211892,BTCUSDT
2025-06-14 01:00:00,0.0,BTCUSDT
2025-06-14 02:00:00,0.0,BTCUSDT
2025-06-14 03:00:00,0.0,BTCUSDT
2025-06-14 04:00:00,0.0,BTCUSDT
2025-06-14 05:00:00,0.0,BTCUSDT
2025-06-14 06:00:00,0.0,BTCUSDT
2025-06-14 07:00:00,0.0,BTCUSDT
2025-06-14 08:00:00,0.00010991836553231718,BTCUSDT
2025-06-14 09:00:00,0.0,BTCUSDT
2025-06-14 10:00:00,0.0,BTCUSDT
2025-06-14 11:00:00,0.0,BTCUSDT
2025-06-14 12:00:00,0.0,BTCUSDT
2025-06-14 13:00:00,0.0,BTCUSDT
2025-06-14 14:00:00,0.0,BTCUSDT
2025-06-14 15:00:00,0.0,BTCUSDT
2025-06-14 16:00:00,-5.394141984757109e-05,BTCUSDT
2025-06-14 17:00:00,0.0,BTCUSDT
2025-06-14 18:00:00,0.0,BTCUSDT
2025-06-14 19:00:00,0.0,BTCUSDT
2025-06-14 20:00:00,0.0,BTCUSDT
2025-06-14 21:00:00,0.0,BTCUSDT
2025-06-14 22:00:00,0.0,BTCUSDT
2025-06-14 23:00:00,0.0,BTCUSDT
2025-06-15 00:00:00,0.00016133938840596753,BTCUSDT
2025-06-15 01:00:00,0.0,BTCUSDT
2025-06-15 02:00:00,0.0,BTCUSDT
2025-06-15 03:00:00,0.0,BTCUSDT
2025-06-15 04:00:00,0.0,BTCUSDT
2025-06-15 05:00:00,0.0,BTCUSDT
2025-06-15 06:00:00,0.0,BTCUSDT
2025-06-15 07:00:00,0.0,BTCUSDT
2025-06-15 08:00:00,-0.0001363133158204825,BTCUSDT
2025-06-15 09:00:00,0.0,BTCUSDT
2025-06-15 10:00:00,0.0,BTCUSDT
2025-06-15 11:00:00,0.0,BTCUSDT
2025-06-15 12:00:00,0.0,BTCUSDT
2025-06-15 13:00:00,0.0,BTCUSDT
2025-06-15 14:00:00,0.0,BTCUSDT
2025-06-15 15:00:00,0.0,BTCUSDT
2025-06-15 16:00:00,0.0003320165024797226,BTCUSDT
2025-06-15 17:00:00,0.0,BTCUSDT
2025-06-15 18:00:00,0.0,BTCUSDT
2025-06-15 19:00:00,0.0,BTCUSDT
2025-06-15 20:00:00,0.0,BTCUSDT
2025-06-15 21:00:00,0.0,BTCUSDT
2025-06-15 22:00:00,0.0,BTCUSDT
2025-06-15 23:00:00,0.0,BTCUSDT
2025-06-16 00:00:00,5.13187050409761e-05,BTCUSDT
2025-06-16 01:00:00,0.0,BTCUSDT
2025-06-16 02:00:00,0.0,BTCUSDT
2025-06-16 03:00:00,0.0,BTCUSDT
2025-06-16 04:00:00,0.0,BTCUSDT
2025-06-16 05:00:00,0.0,BTCUSDT
2025-06-16 06:00:00,0.0,BTCUSDT
2025-06-16 07:00:00,0.0,BTCUSDT
2025-06-16 08:00:00,-0.00011703473566714892,BTCUSDT
2025-06-16 09:00:00,0.0,BTCUSDT
2025-06-16 10:00:00,0.0,BTCUSDT
2025-06-16 11:00:00,0.0,BTCUSDT
2025-06-16 12:00:00,0.0,BTCUSDT
2025-06-16 13:00:00,0.0,BTCUSDT
2025-06-16 14:00:00,0.0,BTCUSDT
2025-06-16 15:00:00,0.0,BTCUSDT
2025-06-16 16:00:00,2.623934696222626e-05,BTCUSDT
2025-06-16 17:00:00,0.0,BTCUSDT
2025-06-16 18:00:00,0.0,BTCUSDT
2025-06-16 19:00:00,0.0,BTCUSDT
2025-06-16 20:00:00,0.0,BTCUSDT
2025-06-16 21:00:00,0.0,BTCUSDT
2025-06-16 22:00:00,0.0,BTCUSDT
2025-06-16 23:00:00,0.0,BTCUSDT
2025-06-17 00:00:00,0.0004365295188026595,BTCUSDT
2025-06-17 01:00:00,0.0,BTCUSDT
2025-06-17 02:00:00,0.0,BTCUSDT
2025-06-17 03:00:00,0.0,BTCUSDT
2025-06-17 04:00:00,0.0,BTCUSDT
2025-06-17 05:00:00,0.0,BTCUSDT
2025-06-17 06:00:00,0.0,BTCUSDT
2025-06-17 07:00:00,0.0,BTCUSDT
2025-06-17 08:00:00,0.00041895239780877274,BTCUSDT
2025-06-17 09:00:00,0.0,BTCUSDT
2025-06-17 10:00:00,0.0,BTCUSDT
2025-06-17 11:00:00,0.0,BTCUSDT
2025-06-17 12:00:00,0.0,BTCUSDT
2025-06-17 13:00:00,0.0,BTCUSDT
2025-06-17 14:00:00,0.0,BTCUSDT
2025-06-17 15:00:00,0.0,BTCUSDT
2025-06-17 16:00:00,2.2317751802244966e-05,BTCUSDT
2025-06-17 17:00:00,0.0,BTCUSDT
2025-06-17 18:00:00,0.0,BTCUSDT
2025-06-17 19:00:00,0.0,BTCUSDT
2025-06-17 20:00:00,0.0,BTCUSDT
2025-06-17 21:00:00,0.0,BTCUSDT
2025-06-17 22:00:00,0.0,BTCUSDT
2025-06-17 23:00:00,0.0,BTCUSDT
2025-06-18 00:00:00,0.00011927542462280718,BTCUSDT
2025-06-18 01:00:00,0.0,BTCUSDT
2025-06-18 02:00:00,0.0,BTCUSDT
2025-06-18 03:00:00,0.0,BTCUSDT
2025-06-18 04:00:00,0.0,BTCUSDT
2025-06-18 05:00:00,0.0,BTCUSDT
2025-06-18 06:00:00,0.0,BTCUSDT
2025-06-18 07:00:00,0.0,BTCUSDT
2025-06-18 08:00:00,-9.122831265750527e-06,BTCUSDT
2025-06-18 09:00:00,0.0,BTCUSDT
2025-06-18 10:00:00,0.0,BTCUSDT
2025-06-18 11:00:00,0.0,BTCUSDT
2025-06-18 12:00:00,0.0,BTCUSDT
2025-06-18 13:00:00,0.0,BTCUSDT
2025-06-18 14:00:00,0.0,BTCUSDT
2025-06-18 15:00:00,0.0,BTCUSDT
2025-06-18 16:00:00,6.774291326777098e-05,BTCUSDT
2025-06-18 17:00:00,0.0,BTCUSDT
2025-06-18 18:00:00,0.0,BTCUSDT
2025-06-18 19:00:00,0.0,BTCUSDT
2025-06-18 20:00:00,0.0,BTCUSDT
2025-06-18 21:00:00,0.0,BTCUSDT
2025-06-18 22:00:00,0.0,BTCUSDT
2025-06-18 23:00:00,0.0,BTCUSDT
2025-06-19 00:00:00,-6.862046093257384e-05,BTCUSDT
2025-06-19 01:00:00,0.0,BTCUSDT
2025-06-19 02:00:00,0.0,BTCUSDT
2025-06-19 03:00:00,0.0,BTCUSDT
2025-06-19 04:00:00,0.0,BTCUSDT
2025-06-19 05:00:00,0.0,BTCUSDT
2025-06-19 06:00:00,0.0,BTCUSDT
2025-06-19 07:00:00,0.0,BTCUSDT
2025-06-19 08:00:00,-0.00021464258791234145,BTCUSDT
2025-06-19 09:00:00,0.0,BTCUSDT
2025-06-19 10:00:00,0.0,BTCUSDT
2025-06-19 11:00:00,0.0,BTCUSDT
2025-06-19 12:00:00,0.0,BTCUSDT
2025-06-19 13:00:00,0.0,BTCUSDT
2025-06-19 14:00:00,0.0,BTCUSDT
2025-06-19 15:00:00,0.0,BTCUSDT
2025-06-19 16:00:00,0.00024368233955532597,BTCUSDT
2025-06-19 17:00:00,0.0,BTCUSDT
2025-06-19 18:00:00,0.0,BTCUSDT
2025-06-19 19:00:00,0.0,BTCUSDT
2025-06-19 20:00:00,0.0,BTCUSDT
2025-06-19 21:00:00,0.0,BTCUSDT
2025-06-19 22:00:00,0.0,BTCUSDT
2025-06-19 23:00:00,0.0,BTCUSDT
2025-06-20 00:00:00,6.189496207599252e-05,BTCUSDT
2025-06-20 01:00:00,0.0,BTCUSDT
2025-06-20 02:00:00,0.0,BTCUSDT
2025-06-20 03:00:00,0.0,BTCUSDT
2025-06-20 04:00:00,0.0,BTCUSDT
2025-06-20 05:00:00,0.0,BTCUSDT
2025-06-20 06:00:00,0.0,BTCUSDT
2025-06-20 07:00:00,0.0,BTCUSDT
2025-06-20 08:00:00,0.00014633453683901218,BTCUSDT
2025-06-20 09:00:00,0.0,BTCUSDT
2025-06-20 10:00:00,0.0,BTCUSDT
2025-06-20 11:00:00,0.0,BTCUSDT
2025-06-20 12:00:00,0.0,BTCUSDT
2025-06-20 13:00:00,0.0,BTCUSDT
2025-06-20 14:00:00,0.0,BTCUSDT
2025-06-20 15:00:00,0.0,BTCUSDT
2025-06-20 16:00:00,0.00016135799249229039,BTCUSDT
2025-06-20 17:00:00,0.0,BTCUSDT
2025-06-20 18:00:00,0.0,BTCUSDT
2025-06-20 19:00:00,0.0,BTCUSDT
2025-06-20 20:00:00,0.0,BTCUSDT
2025-06-20 21:00:00,0.0,BTCUSDT
2025-06-20 22:00:00,0.0,BTCUSDT
2025-06-20 23:00:00,0.0,BTCUSDT
2025-06-21 00:00:00,0.00012415409311027233,BTCUSDT
2025-06-21 01:00:00,0.0,BTCUSDT
2025-06-21 02:00:00,0.0,BTCUSDT
2025-06-21 03:00:00,0.0,BTCUSDT
2025-06-21 04:00:00,0.0,BTCUSDT
2025-06-21 05:00:00,0.0,BTCUSDT
2025-06-21 06:00:00,0.0,BTCUSDT
2025-06-21 07:00:00,0.0,BTCUSDT
2025-06-21 08:00:00,9.154640031304139e-05,BTCUSDT
2025-06-21 09:00:00,0.0,BTCUSDT
2025-06-21 10:00:00,0.0,BTCUSDT
2025-06-21 11:00:00,0.0,BTCUSDT
2025-06-21 12:00:00,0.0,BTCUSDT
2025-06-21 13:00:00,0.0,BTCUSDT
2025-06-21 14:00:00,0.0,BTCUSDT
2025-06-21 15:00:00,0.0,BTCUSDT
2025-06-21 16:00:00,-0.0002256508095430349,BTCUSDT
2025-06-21 17:00:00,0.0,BTCUSDT
2025-06-21 18:00:00,0.0,BTCUSDT
2025-06-21 19:00:00,0.0,BTCUSDT
2025-06-21 20:00:00,0.0,BTCUSDT
2025-06-21 21:00:00,0.0,BTCUSDT
2025-06-21 22:00:00,0.0,BTCUSDT
2025-06-21 23:00:00,0.0,BTCUSDT
2025-06-22 00:00:00,0.00044827673105734113,BTCUSDT
2025-06-22 01:00:00,0.0,BTCUSDT
2025-06-22 02:00:00,0.0,BTCUSDT
2025-06-22 03:00:00,0.0,BTCUSDT
2025-06-22 04:00:00,0.0,BTCUSDT
2025-06-22 05:00:00,0.0,BTCUSDT
2025-06-22 06:00:00,0.0,BTCUSDT
2025-06-22 07:00:00,0.0,BTCUSDT
2025-06-22 08:00:00,-0.00012711945310510484,BTCUSDT
2025-06-22 09:00:00,0.0,BTCUSDT
2025-06-22 10:00:00,0.0,BTCUSDT
2025-06-22 11:00:00,0.0,BTCUSDT
2025-06-22 12:00:00,0.0,BTCUSDT
2025-06-22 13:00:00,0.0,BTCUSDT
2025-06-22 14:00:00,0.0,BTCUSDT
2025-06-22 15:00:00,0.0,BTCUSDT
2025-06-22 16:00:00,-0.00019573471926205945,BTCUSDT
2025-06-22 17:00:00,0.0,BTCUSDT
2025-06-22 18:00:00,0.0,BTCUSDT
2025-06-22 19:00:00,0.0,BTCUSDT
2025-06-22 20:00:00,0.0,BTCUSDT
2025-06-22 21:00:00,0.0,BTCUSDT
2025-06-22 22:00:00,0.0,BTCUSDT
2025-06-22 23:00:00,0.0,BTCUSDT
2025-06-23 00:00:00,0.0002930528768760896,BTCUSDT
2025-06-23 01:00:00,0.0,BTCUSDT
2025-06-23 02:00:00,0.0,BTCUSDT
2025-06-23 03:00:00,0.0,BTCUSDT
2025-06-23 04:00:00,0.0,BTCUSDT
2025-06-23 05:00:00,0.0,BTCUSDT
2025-06-23 06:00:00,0.0,BTCUSDT
2025-06-23 07:00:00,0.0,BTCUSDT
2025-06-23 08:00:00,-0.00013717046584777397,BTCUSDT
2025-06-23 09:00:00,0.0,BTCUSDT
2025-06-23 10:00:00,0.0,BTCUSDT
2025-06-23 11:00:00,0.0,BTCUSDT
2025-06-23 12:00:00,0.0,BTCUSDT
2025-06-23 13:00:00,0.0,BTCUSDT
2025-06-23 14:00:00,0.0,BTCUSDT
2025-06-23 15:00:00,0.0,BTCUSDT
2025-06-23 16:00:00,0.000523546000601713,BTCUSDT
2025-06-23 17:00:00,0.0,BTCUSDT
2025-06-23 18:00:00,0.0,BTCUSDT
2025-06-23 19:00:00,0.0,BTCUSDT
2025-06-23 20:00:00,0.0,BTCUSDT
2025-06-23 21:00:00,0.0,BTCUSDT
2025-06-23 22:00:00,0.0,BTCUSDT
2025-06-23 23:00:00,0.0,BTCUSDT
2025-06-24 00:00:00,0.0003180944338113988,BTCUSDT
2025-06-24 01:00:00,0.0,BTCUSDT
2025-06-24 02:00:00,0.0,BTCUSDT
2025-06-24 03:00:00,0.0,BTCUSDT
2025-06-24 04:00:00,0.0,BTCUSDT
2025-06-24 05:00:00,0.0,BTCUSDT
2025-06-24 06:00:00,0.0,BTCUSDT
2025-06-24 07:00:00,0.0,BTCUSDT
2025-06-24 08:00:00,0.0001527638171358682,BTCUSDT
2025-06-24 09:00:00,0.0,BTCUSDT
2025-06-24 10:00:00,0.0,BTCUSDT
2025-06-24 11:00:00,0.0,BTCUSDT
2025-06-24 12:00:00,0.0,BTCUSDT
2025-06-24 13:00:00,0.0,BTCUSDT
2025-06-24 14:00:00,0.0,BTCUSDT
2025-06-24 15:00:00,0.0,BTCUSDT
2025-06-24 16:00:00,0.0002572034581628417,BTCUSDT
2025-06-24 17:00:00,0.0,BTCUSDT
2025-06-24 18:00:00,0.0,BTCUSDT
2025-06-24 19:00:00,0.0,BTCUSDT
2025-06-24 20:00:00,0.0,BTCUSDT
2025-06-24 21:00:00,0.0,BTCUSDT
2025-06-24 22:00:00,0.0,BTCUSDT
2025-06-24 23:00:00,0.0,BTCUSDT
2025-06-25 00:00:00,0.00026290709193906486,BTCUSDT
2025-06-25 01:00:00,0.0,BTCUSDT
2025-06-25 02:00:00,0.0,BTCUSDT
2025-06-25 03:00:00,0.0,BTCUSDT
2025-06-25 04:00:00,0.0,BTCUSDT
2025-06-25 05:00:00,0.0,BTCUSDT
2025-06-25 06:00:00,0.0,BTCUSDT
2025-06-25 07:00:00,0.0,BTCUSDT
2025-06-25 08:00:00,0.00036003530536262785,BTCUSDT
2025-06-25 09:00:00,0.0,BTCUSDT
2025-06-25 10:00:00,0.0,BTCUSDT
2025-06-25 11:00:00,0.0,BTCUSDT
2025-06-25 12:00:00,0.0,BTCUSDT
2025-06-25 13:00:00,0.0,BTCUSDT
2025-06-25 14:00:00,0.0,BTCUSDT
2025-06-25 15:00:00,0.0,BTCUSDT
2025-06-25 16:00:00,0.00010234727394438717,BTCUSDT
2025-06-25 17:00:00,0.0,BTCUSDT
2025-06-25 18:00:00,0.0,BTCUSDT
2025-06-25 19:00:00,0.0,BTCUSDT
2025-06-25 20:00:00,0.0,BTCUSDT
2025-06-25 21:00:00,0.0,BTCUSDT
2025-06-25 22:00:00,0.0,BTCUSDT
2025-06-25 23:00:00,0.0,BTCUSDT
2025-06-26 00:00:00,0.00022991626632923464,BTCUSDT
2025-06-26 01:00:00,0.0,BTCUSDT
2025-06-26 02:00:00,0.0,BTCUSDT
2025-06-26 03:00:00,0.0,BTCUSDT
2025-06-26 04:00:00,0.0,BTCUSDT
2025-06-26 05:00:00,0.0,BTCUSDT
2025-06-26 06:00:00,0.0,BTCUSDT
2025-06-26 07:00:00,0.0,BTCUSDT
2025-06-26 08:00:00,-0.0002484107883543661,BTCUSDT
2025-06-26 09:00:00,0.0,BTCUSDT
2025-06-26 10:00:00,0.0,BTCUSDT
2025-06-26 11:00:00,0.0,BTCUSDT
2025-06-26 12:00:00,0.0,BTCUSDT
2025-06-26 13:00:00,0.0,BTCUSDT
2025-06-26 14:00:00,0.0,BTCUSDT
2025-06-26 15:00:00,0.0,BTCUSDT
2025-06-26 16:00:00,0.00012675211481084586,BTCUSDT
2025-06-26 17:00:00,0.0,BTCUSDT
2025-06-26 18:00:00,0.0,BTCUSDT
2025-06-26 19:00:00,0.0,BTCUSDT
2025-06-26 20:00:00,0.0,BTCUSDT
2025-06-26 21:00:00,0.0,BTCUSDT
2025-06-26 22:00:00,0.0,BTCUSDT
2025-06-26 23:00:00,0.0,BTCUSDT
2025-06-27 00:00:00,0.00013326777319013118,BTCUSDT
2025-06-27 01:00:00,0.0,BTCUSDT
2025-06-27 02:00:00,0.0,BTCUSDT
2025-06-27 03:00:00,0.0,BTCUSDT
2025-06-27 04:00:00,0.0,BTCUSDT
2025-06-27 05:00:00,0.0,BTCUSDT
2025-06-27 06:00:00,0.0,BTCUSDT
2025-06-27 07:00:00,0.0,BTCUSDT
2025-06-27 08:00:00,-7.92666665943992e-05,BTCUSDT
2025-06-27 09:00:00,0.0,BTCUSDT
2025-06-27 10:00:00,0.0,BTCUSDT
2025-06-27 11:00:00,0.0,BTCUSDT
2025-06-27 12:00:00,0.0,BTCUSDT
2025-06-27 13:00:00,0.0,BTCUSDT
2025-06-27 14:00:00,0.0,BTCUSDT
2025-06-27 15:00:00,0.0,BTCUSDT
2025-06-27 16:00:00,9.08578490708345e-05,BTCUSDT
2025-06-27 17:00:00,0.0,BTCUSDT
2025-06-27 18:00:00,0.0,BTCUSDT
2025-06-27 19:00:00,0.0,BTCUSDT
2025-06-27 20:00:00,0.0,BTCUSDT
2025-06-27 21:00:00,0.0,BTCUSDT
2025-06-27 22:00:00,0.0,BTCUSDT
2025-06-27 23:00:00,0.0,BTCUSDT
2025-06-28 00:00:00,2.5388266467216898e-05,BTCUSDT
2025-06-28 01:00:00,0.0,BTCUSDT
2025-06-28 02:00:00,0.0,BTCUSDT
2025-06-28 03:00:00,0.0,BTCUSDT
2025-06-28 04:00:00,0.0,BTCUSDT
2025-06-28 05:00:00,0.0,BTCUSDT
2025-06-28 06:00:00,0.0,BTCUSDT
2025-06-28 07:00:00,0.0,BTCUSDT
2025-06-28 08:00:00,0.00011321884925979519,BTCUSDT
2025-06-28 09:00:00,0.0,BTCUSDT
2025-06-28 10:00:00,0.0,BTCUSDT
2025-06-28 11:00:00,0.0,BTCUSDT
2025-06-28 12:00:00,0.0,BTCUSDT
2025-06-28 13:00:00,0.0,BTCUSDT
2025-06-28 14:00:00,0.0,BTCUSDT
2025-06-28 15:00:00,0.0,BTCUSDT
2025-06-28 16:00:00,0.00023968502687687438,BTCUSDT
2025-06-28 17:00:00,0.0,BTCUSDT
2025-06-28 18:00:00,0.0,BTCUSDT
2025-06-28 19:00:00,0.0,BTCUSDT
2025-06-28 20:00:00,0.0,BTCUSDT
2025-06-28 21:00:00,0.0,BTCUSDT
2025-06-28 22:00:00,0.0,BTCUSDT
2025-06-28 23:00:00,0.0,BTCUSDT
2025-06-29 00:00:00,0.00030591338476455024,BTCUSDT
2025-06-29 01:00:00,0.0,BTCUSDT
2025-06-29 02:00:00,0.0,BTCUSDT
2025-06-29 03:00:00,0.0,BTCUSDT
2025-06-29 04:00:00,0.0,BTCUSDT
2025-06-29 05:00:00,0.0,BTCUSDT
2025-06-29 06:00:00,0.0,BTCUSDT
2025-06-29 07:00:00,0.0,BTCUSDT
2025-06-29 08:00:00,-6.054434324498328e-05,BTCUSDT
2025-06-29 09:00:00,0.0,BTCUSDT
2025-06-29 10:00:00,0.0,BTCUSDT
2025-06-29 11:00:00,0.0,BTCUSDT
2025-06-29 12:00:00,0.0,BTCUSDT
2025-06-29 13:00:00,0.0,BTCUSDT
2025-06-29 14:00:00,0.0,BTCUSDT
2025-06-29 15:00:00,0.0,BTCUSDT
2025-06-29 16:00:00,0.00041167680237615633,BTCUSDT
2025-06-29 17:00:00,0.0,BTCUSDT
2025-06-29 18:00:00,0.0,BTCUSDT
2025-06-29 19:00:00,0.0,BTCUSDT
2025-06-29 20:00:00,0.0,BTCUSDT
2025-06-29 21:00:00,0.0,BTCUSDT
2025-06-29 22:00:00,0.0,BTCUSDT
2025-06-29 23:00:00,0.0,BTCUSDT
2025-06-30 00:00:00,0.00017166681423938428,BTCUSDT
2025-06-30 01:00:00,0.0,BTCUSDT
2025-06-30 02:00:00,0.0,BTCUSDT
2025-06-30 03:00:00,0.0,BTCUSDT
2025-06-30 04:00:00,0.0,BTCUSDT
2025-06-30 05:00:00,0.0,BTCUSDT
2025-06-30 06:00:00,0.0,BTCUSDT
2025-06-30 07:00:00,0.0,BTCUSDT
2025-06-30 08:00:00,0.00027441803910675675,BTCUSDT
2025-06-30 09:00:00,0.0,BTCUSDT
2025-06-30 10:00:00,0.0,BTCUSDT
2025-06-30 11:00:00,0.0,BTCUSDT
2025-06-30 12:00:00,0.0,BTCUSDT
2025-06-30 13:00:00,0.0,BTCUSDT
2025-06-30 14:00:00,0.0,BTCUSDT
2025-06-30 15:00:00,0.0,BTCUSDT
2025-06-30 16:00:00,0.00016295251229103274,BTCUSDT
2025-06-30 17:00:00,0.0,BTCUSDT
2025-06-30 18:00:00,0.0,BTCUSDT
2025-06-30 19:00:00,0.0,BTCUSDT
2025-06-30 20:00:00,0.0,BTCUSDT
2025-06-30 21:00:00,0.0,BTCUSDT
2025-06-30 22:00:00,0.0,BTCUSDT
2025-06-30 23:00:00,0.0,BTCUSDT
2025-07-01 00:00:00,-0.00016634949687963524,BTCUSDT
2025-07-01 01:00:00,0.0,BTCUSDT
2025-07-01 02:00:00,0.0,BTCUSDT
2025-07-01 03:00:00,0.0,BTCUSDT
2025-07-01 04:00:00,0.0,BTCUSDT
2025-07-01 05:00:00,0.0,BTCUSDT
2025-07-01 06:00:00,0.0,BTCUSDT
2025-07-01 07:00:00,0.0,BTCUSDT
2025-07-01 08:00:00,1.7293748238133953e-05,BTCUSDT
2025-07-01 09:00:00,0.0,BTCUSDT
2025-07-01 10:00:00,0.0,BTCUSDT
2025-07-01 11:00:00,0.0,BTCUSDT
2025-07-01 12:00:00,0.0,BTCUSDT
2025-07-01 13:00:00,0.0,BTCUSDT
2025-07-01 14:00:00,0.0,BTCUSDT
2025-07-01 15:00:00,0.0,BTCUSDT
2025-07-01 16:00:00,-1.9929902290186392e-05,BTCUSDT
2025-07-01 17:00:00,0.0,BTCUSDT
2025-07-01 18:00:00,0.0,BTCUSDT
2025-07-01 19:00:00,0.0,BTCUSDT
2025-07-01 20:00:00,0.0,BTCUSDT
2025-07-01 21:00:00,0.0,BTCUSDT
2025-07-01 22:00:00,0.0,BTCUSDT
2025-07-01 23:00:00,0.0,BTCUSDT
2025-07-02 00:00:00,-8.124362523853893e-05,BTCUSDT
2025-07-02 01:00:00,0.0,BTCUSDT
2025-07-02 02:00:00,0.0,BTCUSDT
2025-07-02 03:00:00,0.0,BTCUSDT
2025-07-02 04:00:00,0.0,BTCUSDT
2025-07-02 05:00:00,0.0,BTCUSDT
2025-07-02 06:00:00,0.0,BTCUSDT
2025-07-02 07:00:00,0.0,BTCUSDT
2025-07-02 08:00:00,8.367312799775122e-05,BTCUSDT
2025-07-02 09:00:00,0.0,BTCUSDT
2025-07-02 10:00:00,0.0,BTCUSDT
2025-07-02 11:00:00,0.0,BTCUSDT
2025-07-02 12:00:00,0.0,BTCUSDT
2025-07-02 13:00:00,0.0,BTCUSDT
2025-07-02 14:00:00,0.0,BTCUSDT
2025-07-02 15:00:00,0.0,BTCUSDT
2025-07-02 16:00:00,-1.684581863841707e-05,BTCUSDT
2025-07-02 17:00:00,0.0,BTCUSDT
2025-07-02 18:00:00,0.0,BTCUSDT
2025-07-02 19:00:00,0.0,BTCUSDT
2025-07-02 20:00:00,0.0,BTCUSDT
2025-07-02 21:00:00,0.0,BTCUSDT
2025-07-02 22:00:00,0.0,BTCUSDT
2025-07-02 23:00:00,0.0,BTCUSDT
2025-07-03 00:00:00,5.994923463744487e-05,BTCUSDT
2025-07-03 01:00:00,0.0,BTCUSDT
2025-07-03 02:00:00,0.0,BTCUSDT
2025-07-03 03:00:00,0.0,BTCUSDT
2025-07-03 04:00:00,0.0,BTCUSDT
2025-07-03 05:00:00,0.0,BTCUSDT
2025-07-03 06:00:00,0.0,BTCUSDT
2025-07-03 07:00:00,0.0,BTCUSDT
2025-07-03 08:00:00,1.357579137411605e-05,BTCUSDT
2025-07-03 09:00:00,0.0,BTCUSDT
2025-07-03 10:00:00,0.0,BTCUSDT
2025-07-03 11:00:00,0.0,BTCUSDT
2025-07-03 12:00:00,0.0,BTCUSDT
2025-07-03 13:00:00,0.0,BTCUSDT
2025-07-03 14:00:00,0.0,BTCUSDT
2025-07-03 15:00:00,0.0,BTCUSDT
2025-07-03 16:00:00,-3.59345984330195e-06,BTCUSDT
2025-07-03 17:00:00,0.0,BTCUSDT
2025-07-03 18:00:00,0.0,BTCUSDT
2025-07-03 19:00:00,0.0,BTCUSDT
2025-07-03 20:00:00,0.0,BTCUSDT
2025-07-03 21:00:00,0.0,BTCUSDT
2025-07-03 22:00:00,0.0,BTCUSDT
2025-07-03 23:00:00,0.0,BTCUSDT
2025-07-04 00:00:00,0.00013339352466683265,BTCUSDT
2025-07-04 01:00:00,0.0,BTCUSDT
2025-07-04 02:00:00,0.0,BTCUSDT
2025-07-04 03:00:00,0.0,BTCUSDT
2025-07-04 04:00:00,0.0,BTCUSDT
2025-07-04 05:00:00,0.0,BTCUSDT
2025-07-04 06:00:00,0.0,BTCUSDT
2025-07-04 07:00:00,0.0,BTCUSDT
2025-07-04 08:00:00,0.00012839789011511856,BTCUSDT
2025-07-04 09:00:00,0.0,BTCUSDT
2025-07-04 10:00:00,0.0,BTCUSDT
2025-07-04 11:00:00,0.0,BTCUSDT
2025-07-04 12:00:00,0.0,BTCUSDT
2025-07-04 13:00:00,0.0,BTCUSDT
2025-07-04 14:00:00,0.0,BTCUSDT
2025-07-04 15:00:00,0.0,BTCUSDT
2025-07-04 16:00:00,0.00018877856780857735,BTCUSDT
2025-07-04 17:00:00,0.0,BTCUSDT
2025-07-04 18:00:00,0.0,BTCUSDT
2025-07-04 19:00:00,0.0,BTCUSDT
2025-07-04 20:00:00,0.0,BTCUSDT
2025-07-04 21:00:00,0.0,BTCUSDT
2025-07-04 22:00:00,0.0,BTCUSDT
2025-07-04 23:00:00,0.0,BTCUSDT
2025-07-05 00:00:00,0.00030887721037531585,BTCUSDT
2025-07-05 01:00:00,0.0,BTCUSDT
2025-07-05 02:00:00,0.0,BTCUSDT
2025-07-05 03:00:00,0.0,BTCUSDT
2025-07-05 04:00:00,0.0,BTCUSDT
2025-07-05 05:00:00,0.0,BTCUSDT
2025-07-05 06:00:00,0.0,BTCUSDT
2025-07-05 07:00:00,0.0,BTCUSDT
2025-07-05 08:00:00,0.00017606733006317657,BTCUSDT
2025-07-05 09:00:00,0.0,BTCUSDT
2025-07-05 10:00:00,0.0,BTCUSDT
2025-07-05 11:00:00,0.0,BTCUSDT
2025-07-05 12:00:00,0.0,BTCUSDT
2025-07-05 13:00:00,0.0,BTCUSDT
2025-07-05 14:00:00,0.0,BTCUSDT
2025-07-05 15:00:00,0.0,BTCUSDT
2025-07-05 16:00:00,-0.0002460444252290971,BTCUSDT
2025-07-05 17:00:00,0.0,BTCUSDT
2025-07-05 18:00:00,0.0,BTCUSDT
2025-07-05 19:00:00,0.0,BTCUSDT
2025-07-05 20:00:00,0.0,BTCUSDT
2025-07-05 21:00:00,0.0,BTCUSDT
2025-07-05 22:00:00,0.0,BTCUSDT
2025-07-05 23:00:00,0.0,BTCUSDT
2025-07-06 00:00:00,0.0003587506311731921,BTCUSDT
2025-07-06 01:00:00,0.0,BTCUSDT
2025-07-06 02:00:00,0.0,BTCUSDT
2025-07-06 03:00:00,0.0,BTCUSDT
2025-07-06 04:00:00,0.0,BTCUSDT
2025-07-06 05:00:00,0.0,BTCUSDT
2025-07-06 06:00:00,0.0,BTCUSDT
2025-07-06 07:00:00,0.0,BTCUSDT
2025-07-06 08:00:00,0.00047102371460706926,BTCUSDT
2025-07-06 09:00:00,0.0,BTCUSDT
2025-07-06 10:00:00,0.0,BTCUSDT
2025-07-06 11:00:00,0.0,BTCUSDT
2025-07-06 12:00:00,0.0,BTCUSDT
2025-07-06 13:00:00,0.0,BTCUSDT
2025-07-06 14:00:00,0.0,BTCUSDT
2025-07-06 15:00:00,0.0,BTCUSDT
2025-07-06 16:00:00,0.00033136078978269454,BTCUSDT
2025-07-06 17:00:00,0.0,BTCUSDT
2025-07-06 18:00:00,0.0,BTCUSDT
2025-07-06 19:00:00,0.0,BTCUSDT
2025-07-06 20:00:00,0.0,BTCUSDT
2025-07-06 21:00:00,0.0,BTCUSDT
2025-07-06 22:00:00,0.0,BTCUSDT
2025-07-06 23:00:00,0.0,BTCUSDT
2025-07-07 00:00:00,0.00036826601390993604,BTCUSDT
2025-07-07 01:00:00,0.0,BTCUSDT
2025-07-07 02:00:00,0.0,BTCUSDT
2025-07-07 03:00:00,0.0,BTCUSDT
2025-07-07 04:00:00,0.0,BTCUSDT
2025-07-07 05:00:00,0.0,BTCUSDT
2025-07-07 06:00:00,0.0,BTCUSDT
2025-07-07 07:00:00,0.0,BTCUSDT
2025-07-07 08:00:00,1.4163541954469142e-05,BTCUSDT
2025-07-07 09:00:00,0.0,BTCUSDT
2025-07-07 10:00:00,0.0,BTCUSDT
2025-07-07 11:00:00,0.0,BTCUSDT
2025-07-07 12:00:00,0.0,BTCUSDT
2025-07-07 13:00:00,0.0,BTCUSDT
2025-07-07 14:00:00,0.0,BTCUSDT
2025-07-07 15:00:00,0.0,BTCUSDT
2025-07-07 16:00:00,-3.238703598348553e-05,BTCUSDT
2025-07-07 17:00:00,0.0,BTCUSDT
2025-07-07 18:00:00,0.0,BTCUSDT
2025-07-07 19:00:00,0.0,BTCUSDT
2025-07-07 20:00:00,0.0,BTCUSDT
2025-07-07 21:00:00,0.0,BTCUSDT
2025-07-07 22:00:00,0.0,BTCUSDT
2025-07-07 23:00:00,0.0,BTCUSDT
2025-07-08 00:00:00,0.00021335207622353157,BTCUSDT
2025-07-08 01:00:00,0.0,BTCUSDT
2025-07-08 02:00:00,0.0,BTCUSDT
2025-07-08 03:00:00,0.0,BTCUSDT
2025-07-08 04:00:00,0.0,BTCUSDT
2025-07-08 05:00:00,0.0,BTCUSDT
2025-07-08 06:00:00,0.0,BTCUSDT
2025-07-08 07:00:00,0.0,BTCUSDT
2025-07-08 08:00:00,-0.0002725727172902472,BTCUSDT
2025-07-08 09:00:00,0.0,BTCUSDT
2025-07-08 10:00:00,0.0,BTCUSDT
2025-07-08 11:00:00,0.0,BTCUSDT
2025-07-08 12:00:00,0.0,BTCUSDT
2025-07-08 13:00:00,0.0,BTCUSDT
2025-07-08 14:00:00,0.0,BTCUSDT
2025-07-08 15:00:00,0.0,BTCUSDT
2025-07-08 16:00:00,0.0002292090686857463,BTCUSDT
2025-07-08 17:00:00,0.0,BTCUSDT
2025-07-08 18:00:00,0.0,BTCUSDT
2025-07-08 19:00:00,0.0,BTCUSDT
2025-07-08 20:00:00,0.0,BTCUSDT
2025-07-08 21:00:00,0.0,BTCUSDT
2025-07-08 22:00:00,0.0,BTCUSDT
2025-07-08 23:00:00,0.0,BTCUSDT
2025-07-09 00:00:00,-4.884867339111425e-05,BTCUSDT
2025-07-09 01:00:00,0.0,BTCUSDT
2025-07-09 02:00:00,0.0,BTCUSDT
2025-07-09 03:00:00,0.0,BTCUSDT
2025-07-09 04:00:00,0.0,BTCUSDT
2025-07-09 05:00:00,0.0,BTCUSDT
2025-07-09 06:00:00,0.0,BTCUSDT
2025-07-09 07:00:00,0.0,BTCUSDT
2025-07-09 08:00:00,0.00011107938235666683,BTCUSDT
2025-07-09 09:00:00,0.0,BTCUSDT
2025-07-09 10:00:00,0.0,BTCUSDT
2025-07-09 11:00:00,0.0,BTCUSDT
2025-07-09 12:00:00,0.0,BTCUSDT
2025-07-09 13:00:00,0.0,BTCUSDT
2025-07-09 14:00:00,0.0,BTCUSDT
2025-07-09 15:00:00,0.0,BTCUSDT
2025-07-09 16:00:00,6.159974594771602e-05,BTCUSDT
2025-07-09 17:00:00,0.0,BTCUSDT
2025-07-09 18:00:00,0.0,BTCUSDT
2025-07-09 19:00:00,0.0,BTCUSDT
2025-07-09 20:00:00,0.0,BTCUSDT
2025-07-09 21:00:00,0.0,BTCUSDT
2025-07-09 22:00:00,0.0,BTCUSDT
2025-07-09 23:00:00,0.0,BTCUSDT
2025-07-10 00:00:00,0.00012635002194945835,BTCUSDT
2025-07-10 01:00:00,0.0,BTCUSDT
2025-07-10 02:00:00,0.0,BTCUSDT
2025-07-10 03:00:00,0.0,BTCUSDT
2025-07-10 04:00:00,0.0,BTCUSDT
2025-07-10 05:00:00,0.0,BTCUSDT
2025-07-10 06:00:00,0.0,BTCUSDT
2025-07-10 07:00:00,0.0,BTCUSDT
2025-07-10 08:00:00,0.0002818574793387388,BTCUSDT
2025-07-10 09:00:00,0.0,BTCUSDT
2025-07-10 10:00:00,0.0,BTCUSDT
2025-07-10 11:00:00,0.0,BTCUSDT
2025-07-10 12:00:00,0.0,BTCUSDT
2025-07-10 13:00:00,0.0,BTCUSDT
2025-07-10 14:00:00,0.0,BTCUSDT
2025-07-10 15:00:00,0.0,BTCUSDT
2025-07-10 16:00:00,6.505779241400511e-05,BTCUSDT
2025-07-10 17:00:00,0.0,BTCUSDT
2025-07-10 18:00:00,0.0,BTCUSDT
2025-07-10 19:00:00,0.0,BTCUSDT
2025-07-10 20:00:00,0.0,BTCUSDT
2025-07-10 21:00:00,0.0,BTCUSDT
2025-07-10 22:00:00,0.0,BTCUSDT
2025-07-10 23:00:00,0.0,BTCUSDT
2025-07-11 00:00:00,6.216393296821598e-05,BTCUSDT
2025-07-11 01:00:00,0.0,BTCUSDT
2025-07-11 02:00:00,0.0,BTCUSDT
2025-07-11 03:00:00,0.0,BTCUSDT
2025-07-11 04:00:00,0.0,BTCUSDT
2025-07-11 05:00:00,0.0,BTCUSDT
2025-07-11 06:00:00,0.0,BTCUSDT
2025-07-11 07:00:00,0.0,BTCUSDT
2025-07-11 08:00:00,1.403343537042929e-05,BTCUSDT
2025-07-11 09:00:00,0.0,BTCUSDT
2025-07-11 10:00:00,0.0,BTCUSDT
2025-07-11 11:00:00,0.0,BTCUSDT
2025-07-11 12:00:00,0.0,BTCUSDT
2025-07-11 13:00:00,0.0,BTCUSDT
2025-07-11 14:00:00,0.0,BTCUSDT
2025-07-11 15:00:00,0.0,BTCUSDT
2025-07-11 16:00:00,-0.00021586903241405206,BTCUSDT
2025-07-11 17:00:00,0.0,BTCUSDT
2025-07-11 18:00:00,0.0,BTCUSDT
2025-07-11 19:00:00,0.0,BTCUSDT
2025-07-11 20:00:00,0.0,BTCUSDT
2025-07-11 21:00:00,0.0,BTCUSDT
2025-07-11 22:00:00,0.0,BTCUSDT
2025-07-11 23:00:00,0.0,BTCUSDT
2025-07-12 00:00:00,0.00019086628663044576,BTCUSDT
2025-07-12 01:00:00,0.0,BTCUSDT
2025-07-12 02:00:00,0.0,BTCUSDT
2025-07-12 03:00:00,0.0,BTCUSDT
2025-07-12 04:00:00,0.0,BTCUSDT
2025-07-12 05:00:00,0.0,BTCUSDT
2025-07-12 06:00:00,0.0,BTCUSDT
2025-07-12 07:00:00,0.0,BTCUSDT
2025-07-12 08:00:00,-0.00011030951166803221,BTCUSDT
2025-07-12 09:00:00,0.0,BTCUSDT
2025-07-12 10:00:00,0.0,BTCUSDT
2025-07-12 11:00:00,0.0,BTCUSDT
2025-07-12 12:00:00,0.0,BTCUSDT
2025-07-12 13:00:00,0.0,BTCUSDT
2025-07-12 14:00:00,0.0,BTCUSDT
2025-07-12 15:00:00,0.0,BTCUSDT
2025-07-12 16:00:00,0.0005108191165847287,BTCUSDT
2025-07-12 17:00:00,0.0,BTCUSDT
2025-07-12 18:00:00,0.0,BTCUSDT
2025-07-12 19:00:00,0.0,BTCUSDT
2025-07-12 20:00:00,0.0,BTCUSDT
2025-07-12 21:00:00,0.0,BTCUSDT
2025-07-12 22:00:00,0.0,BTCUSDT
2025-07-12 23:00:00,0.0,BTCUSDT
2025-07-13 00:00:00,-0.0003076893049764346,BTCUSDT
2025-07-13 01:00:00,0.0,BTCUSDT
2025-07-13 02:00:00,0.0,BTCUSDT
2025-07-13 03:00:00,0.0,BTCUSDT
2025-07-13 04:00:00,0.0,BTCUSDT
2025-07-13 05:00:00,0.0,BTCUSDT
2025-07-13 06:00:00,0.0,BTCUSDT
2025-07-13 07:00:00,0.0,BTCUSDT
2025-07-13 08:00:00,0.0003049547601330022,BTCUSDT
2025-07-13 09:00:00,0.0,BTCUSDT
2025-07-13 10:00:00,0.0,BTCUSDT
2025-07-13 11:00:00,0.0,BTCUSDT
2025-07-13 12:00:00,0.0,BTCUSDT
2025-07-13 13:00:00,0.0,BTCUSDT
2025-07-13 14:00:00,0.0,BTCUSDT
2025-07-13 15:00:00,0.0,BTCUSDT
2025-07-13 16:00:00,0.00016947796834171106,BTCUSDT
2025-07-13 17:00:00,0.0,BTCUSDT
2025-07-13 18:00:00,0.0,BTCUSDT
2025-07-13 19:00:00,0.0,BTCUSDT
2025-07-13 20:00:00,0.0,BTCUSDT
2025-07-13 21:00:00,0.0,BTCUSDT
2025-07-13 22:00:00,0.0,BTCUSDT
2025-07-13 23:00:00,0.0,BTCUSDT
2025-07-14 00:00:00,0.0003545820434494848,BTCUSDT
2025-07-14 01:00:00,0.0,BTCUSDT
2025-07-14 02:00:00,0.0,BTCUSDT
2025-07-14 03:00:00,0.0,BTCUSDT
2025-07-14 04:00:00,0.0,BTCUSDT
2025-07-14 05:00:00,0.0,BTCUSDT
2025-07-14 06:00:00,0.0,BTCUSDT
2025-07-14 07:00:00,0.0,BTCUSDT
2025-07-14 08:00:00,0.00012871796509589844,BTCUSDT
2025-07-14 09:00:00,0.0,BTCUSDT
2025-07-14 10:00:00,0.0,BTCUSDT
2025-07-14 11:00:00,0.0,BTCUSDT
2025-07-14 12:00:00,0.0,BTCUSDT
2025-07-14 13:00:00,0.0,BTCUSDT
2025-07-14 14:00:00,0.0,BTCUSDT
2025-07-14 15:00:00,0.0,BTCUSDT
2025-07-14 16:00:00,-7.181546327305131e-05,BTCUSDT
2025-07-14 17:00:00,0.0,BTCUSDT
2025-07-14 18:00:00,0.0,BTCUSDT
2025-07-14 19:00:00,0.0,BTCUSDT
2025-07-14 20:00:00,0.0,BTCUSDT
2025-07-14 21:00:00,0.0,BTCUSDT
2025-07-14 22:00:00,0.0,BTCUSDT
2025-07-14 23:00:00,0.0,BTCUSDT
2025-07-15 00:00:00,0.00015213123094104053,BTCUSDT
2025-07-15 01:00:00,0.0,BTCUSDT
2025-07-15 02:00:00,0.0,BTCUSDT
2025-07-15 03:00:00,0.0,BTCUSDT
2025-07-15 04:00:00,0.0,BTCUSDT
2025-07-15 05:00:00,0.0,BTCUSDT
2025-07-15 06:00:00,0.0,BTCUSDT
2025-07-15 07:00:00,0.0,BTCUSDT
2025-07-15 08:00:00,-0.0002106912267326531,BTCUSDT
2025-07-15 09:00:00,0.0,BTCUSDT
2025-07-15 10:00:00,0.0,BTCUSDT
2025-07-15 11:00:00,0.0,BTCUSDT
2025-07-15 12:00:00,0.0,BTCUSDT
2025-07-15 13:00:00,0.0,BTCUSDT
2025-07-15 14:00:00,0.0,BTCUSDT
2025-07-15 15:00:00,0.0,BTCUSDT
2025-07-15 16:00:00,0.0005220685304192755,BTCUSDT
2025-07-15 17:00:00,0.0,BTCUSDT
2025-07-15 18:00:00,0.0,BTCUSDT
2025-07-15 19:00:00,0.0,BTCUSDT
2025-07-15 20:00:00,0.0,BTCUSDT
2025-07-15 21:00:00,0.0,BTCUSDT
2025-07-15 22:00:00,0.0,BTCUSDT
2025-07-15 23:00:00,0.0,BTCUSDT
2025-07-16 00:00:00,0.0001532590712881247,BTCUSDT
2025-07-16 01:00:00,0.0,BTCUSDT
2025-07-16 02:00:00,0.0,BTCUSDT
2025-07-16 03:00:00,0.0,BTCUSDT
2025-07-16 04:00:00,0.0,BTCUSDT
2025-07-16 05:00:00,0.0,BTCUSDT
2025-07-16 06:00:00,0.0,BTCUSDT
2025-07-16 07:00:00,0.0,BTCUSDT
2025-07-16 08:00:00,-0.00018586529419481294,BTCUSDT
2025-07-16 09:00:00,0.0,BTCUSDT
2025-07-16 10:00:00,0.0,BTCUSDT
2025-07-16 11:00:00,0.0,BTCUSDT
2025-07-16 12:00:00,0.0,BTCUSDT
2025-07-16 13:00:00,0.0,BTCUSDT
2025-07-16 14:00:00,0.0,BTCUSDT
2025-07-16 15:00:00,0.0,BTCUSDT
2025-07-16 16:00:00,0.00024356924579925336,BTCUSDT
2025-07-16 17:00:00,0.0,BTCUSDT
2025-07-16 18:00:00,0.0,BTCUSDT
2025-07-16 19:00:00,0.0,BTCUSDT
2025-07-16 20:00:00,0.0,BTCUSDT
2025-07-16 21:00:00,0.0,BTCUSDT
2025-07-16 22:00:00,0.0,BTCUSDT
2025-07-16 23:00:00,0.0,BTCUSDT
2025-07-17 00:00:00,-0.0002473453635528879,BTCUSDT
2025-07-17 01:00:00,0.0,BTCUSDT
2025-07-17 02:00:00,0.0,BTCUSDT
2025-07-17 03:00:00,0.0,BTCUSDT
2025-07-17 04:00:00,0.0,BTCUSDT
2025-07-17 05:00:00,0.0,BTCUSDT
2025-07-17 06:00:00,0.0,BTCUSDT
2025-07-17 07:00:00,0.0,BTCUSDT
2025-07-17 08:00:00,1.2961333560441353e-05,BTCUSDT
2025-07-17 09:00:00,0.0,BTCUSDT
2025-07-17 10:00:00,0.0,BTCUSDT
2025-07-17 11:00:00,0.0,BTCUSDT
2025-07-17 12:00:00,0.0,BTCUSDT
2025-07-17 13:00:00,0.0,BTCUSDT
2025-07-17 14:00:00,0.0,BTCUSDT
2025-07-17 15:00:00,0.0,BTCUSDT
2025-07-17 16:00:00,0.00045627994332017157,BTCUSDT
2025-07-17 17:00:00,0.0,BTCUSDT
2025-07-17 18:00:00,0.0,BTCUSDT
2025-07-17 19:00:00,0.0,BTCUSDT
2025-07-17 20:00:00,0.0,BTCUSDT
2025-07-17 21:00:00,0.0,BTCUSDT
2025-07-17 22:00:00,0.0,BTCUSDT
2025-07-17 23:00:00,0.0,BTCUSDT
2025-07-18 00:00:00,-7.718698509302214e-05,BTCUSDT
2025-07-18 01:00:00,0.0,BTCUSDT
2025-07-18 02:00:00,0.0,BTCUSDT
2025-07-18 03:00:00,0.0,BTCUSDT
2025-07-18 04:00:00,0.0,BTCUSDT
2025-07-18 05:00:00,0.0,BTCUSDT
2025-07-18 06:00:00,0.0,BTCUSDT
2025-07-18 07:00:00,0.0,BTCUSDT
2025-07-18 08:00:00,0.00017803852212108057,BTCUSDT
2025-07-18 09:00:00,0.0,BTCUSDT
2025-07-18 10:00:00,0.0,BTCUSDT
2025-07-18 11:00:00,0.0,BTCUSDT
2025-07-18 12:00:00,0.0,BTCUSDT
2025-07-18 13:00:00,0.0,BTCUSDT
2025-07-18 14:00:00,0.0,BTCUSDT
2025-07-18 15:00:00,0.0,BTCUSDT
2025-07-18 16:00:00,-4.933756113072857e-06,BTCUSDT
2025-07-18 17:00:00,0.0,BTCUSDT
2025-07-18 18:00:00,0.0,BTCUSDT
2025-07-18 19:00:00,0.0,BTCUSDT
2025-07-18 20:00:00,0.0,BTCUSDT
2025-07-18 21:00:00,0.0,BTCUSDT
2025-07-18 22:00:00,0.0,BTCUSDT
2025-07-18 23:00:00,0.0,BTCUSDT
2025-07-19 00:00:00,0.00011018273910709455,BTCUSDT
2025-07-19 01:00:00,0.0,BTCUSDT
2025-07-19 02:00:00,0.0,BTCUSDT
2025-07-19 03:00:00,0.0,BTCUSDT
2025-07-19 04:00:00,0.0,BTCUSDT
2025-07-19 05:00:00,0.0,BTCUSDT
2025-07-19 06:00:00,0.0,BTCUSDT
2025-07-19 07:00:00,0.0,BTCUSDT
2025-07-19 08:00:00,-2.0936170025482182e-05,BTCUSDT
2025-07-19 09:00:00,0.0,BTCUSDT
2025-07-19 10:00:00,0.0,BTCUSDT
2025-07-19 11:00:00,0.0,BTCUSDT
2025-07-19 12:00:00,0.0,BTCUSDT
2025-07-19 13:00:00,0.0,BTCUSDT
2025-07-19 14:00:00,0.0,BTCUSDT
2025-07-19 15:00:00,0.0,BTCUSDT
2025-07-19 16:00:00,0.0004344083546084641,BTCUSDT
2025-07-19 17:00:00,0.0,BTCUSDT
2025-07-19 18:00:00,0.0,BTCUSDT
2025-07-19 19:00:00,0.0,BTCUSDT
2025-07-19 20:00:00,0.0,BTCUSDT
2025-07-19 21:00:00,0.0,BTCUSDT
2025-07-19 22:00:00,0.0,BTCUSDT
2025-07-19 23:00:00,0.0,BTCUSDT
2025-07-20 00:00:00,0.00024404480338108156,BTCUSDT
2025-07-20 01:00:00,0.0,BTCUSDT
2025-07-20 02:00:00,0.0,BTCUSDT
2025-07-20 03:00:00,0.0,BTCUSDT
2025-07-20 04:00:00,0.0,BTCUSDT
2025-07-20 05:00:00,0.0,BTCUSDT
2025-07-20 06:00:00,0.0,BTCUSDT
2025-07-20 07:00:00,0.0,BTCUSDT
2025-07-20 08:00:00,-0.00021404733081636896,BTCUSDT
2025-07-20 09:00:00,0.0,BTCUSDT
2025-07-20 10:00:00,0.0,BTCUSDT
2025-07-20 11:00:00,0.0,BTCUSDT
2025-07-20 12:00:00,0.0,BTCUSDT
2025-07-20 13:00:00,0.0,BTCUSDT
2025-07-20 14:00:00,0.0,BTCUSDT
2025-07-20 15:00:00,0.0,BTCUSDT
2025-07-20 16:00:00,-7.813921705245547e-05,BTCUSDT
2025-07-20 17:00:00,0.0,BTCUSDT
2025-07-20 18:00:00,0.0,BTCUSDT
2025-07-20 19:00:00,0.0,BTCUSDT
2025-07-20 20:00:00,0.0,BTCUSDT
2025-07-20 21:00:00,0.0,BTCUSDT
2025-07-20 22:00:00,0.0,BTCUSDT
2025-07-20 23:00:00,0.0,BTCUSDT
2025-07-21 00:00:00,8.674242855618948e-06,BTCUSDT
2025-07-21 01:00:00,0.0,BTCUSDT
2025-07-21 02:00:00,0.0,BTCUSDT
2025-07-21 03:00:00,0.0,BTCUSDT
2025-07-21 04:00:00,0.0,BTCUSDT
2025-07-21 05:00:00,0.0,BTCUSDT
2025-07-21 06:00:00,0.0,BTCUSDT
2025-07-21 07:00:00,0.0,BTCUSDT
2025-07-21 08:00:00,0.00017238156727219763,BTCUSDT
2025-07-21 09:00:00,0.0,BTCUSDT
2025-07-21 10:00:00,0.0,BTCUSDT
2025-07-21 11:00:00,0.0,BTCUSDT
2025-07-21 12:00:00,0.0,BTCUSDT
2025-07-21 13:00:00,0.0,BTCUSDT
2025-07-21 14:00:00,0.0,BTCUSDT
2025-07-21 15:00:00,0.0,BTCUSDT
2025-07-21 16:00:00,-1.8269875959655543e-05,BTCUSDT
2025-07-21 17:00:00,0.0,BTCUSDT
2025-07-21 18:00:00,0.0,BTCUSDT
2025-07-21 19:00:00,0.0,BTCUSDT
2025-07-21 20:00:00,0.0,BTCUSDT
2025-07-21 21:00:00,0.0,BTCUSDT
2025-07-21 22:00:00,0.0,BTCUSDT
2025-07-21 23:00:00,0.0,BTCUSDT
2025-07-22 00:00:00,0.00033265642655884176,BTCUSDT
2025-07-22 01:00:00,0.0,BTCUSDT
2025-07-22 02:00:00,0.0,BTCUSDT
2025-07-22 03:00:00,0.0,BTCUSDT
2025-07-22 04:00:00,0.0,BTCUSDT
2025-07-22 05:00:00,0.0,BTCUSDT
2025-07-22 06:00:00,0.0,BTCUSDT
2025-07-22 07:00:00,0.0,BTCUSDT
2025-07-22 08:00:00,4.131371953733749e-05,BTCUSDT
2025-07-22 09:00:00,0.0,BTCUSDT
2025-07-22 10:00:00,0.0,BTCUSDT
2025-07-22 11:00:00,0.0,BTCUSDT
2025-07-22 12:00:00,0.0,BTCUSDT
2025-07-22 13:00:00,0.0,BTCUSDT
2025-07-22 14:00:00,0.0,BTCUSDT
2025-07-22 15:00:00,0.0,BTCUSDT
2025-07-22 16:00:00,-0.00016361840715910117,BTCUSDT
2025-07-22 17:00:00,0.0,BTCUSDT
2025-07-22 18:00:00,0.0,BTCUSDT
2025-07-22 19:00:00,0.0,BTCUSDT
2025-07-22 20:00:00,0.0,BTCUSDT
2025-07-22 21:00:00,0.0,BTCUSDT
2025-07-22 22:00:00,0.0,BTCUSDT
2025-07-22 23:00:00,0.0,BTCUSDT
2025-07-23 00:00:00,0.0005109619637277298,BTCUSDT
2025-07-23 01:00:00,0.0,BTCUSDT
2025-07-23 02:00:00,0.0,BTCUSDT
2025-07-23 03:00:00,0.0,BTCUSDT
2025-07-23 04:00:00,0.0,BTCUSDT
2025-07-23 05:00:00,0.0,BTCUSDT
2025-07-23 06:00:00,0.0,BTCUSDT
2025-07-23 07:00:00,0.0,BTCUSDT
2025-07-23 08:00:00,0.00019224565229975963,BTCUSDT
2025-07-23 09:00:00,0.0,BTCUSDT
2025-07-23 10:00:00,0.0,BTCUSDT
2025-07-23 11:00:00,0.0,BTCUSDT
2025-07-23 12:00:00,0.0,BTCUSDT
2025-07-23 13:00:00,0.0,BTCUSDT
2025-07-23 14:00:00,0.0,BTCUSDT
2025-07-23 15:00:00,0.0,BTCUSDT
2025-07-23 16:00:00,0.0005943867544863716,BTCUSDT
2025-07-23 17:00:00,0.0,BTCUSDT
2025-07-23 18:00:00,0.0,BTCUSDT
2025-07-23 19:00:00,0.0,BTCUSDT
2025-07-23 20:00:00,0.0,BTCUSDT
2025-07-23 21:00:00,0.0,BTCUSDT
2025-07-23 22:00:00,0.0,BTCUSDT
2025-07-23 23:00:00,0.0,BTCUSDT
2025-07-24 00:00:00,-0.00023900355859506154,BTCUSDT
2025-07-24 01:00:00,0.0,BTCUSDT
2025-07-24 02:00:00,0.0,BTCUSDT
2025-07-24 03:00:00,0.0,BTCUSDT
2025-07-24 04:00:00,0.0,BTCUSDT
2025-07-24 05:00:00,0.0,BTCUSDT
2025-07-24 06:00:00,0.0,BTCUSDT
2025-07-24 07:00:00,0.0,BTCUSDT
2025-07-24 08:00:00,-3.3819352027542664e-05,BTCUSDT
2025-07-24 09:00:00,0.0,BTCUSDT
2025-07-24 10:00:00,0.0,BTCUSDT
2025-07-24 11:00:00,0.0,BTCUSDT
2025-07-24 12:00:00,0.0,BTCUSDT
2025-07-24 13:00:00,0.0,BTCUSDT
2025-07-24 14:00:00,0.0,BTCUSDT
2025-07-24 15:00:00,0.0,BTCUSDT
2025-07-24 16:00:00,0.00024318208322576188,BTCUSDT
2025-07-24 17:00:00,0.0,BTCUSDT
2025-07-24 18:00:00,0.0,BTCUSDT
2025-07-24 19:00:00,0.0,BTCUSDT
2025-07-24 20:00:00,0.0,BTCUSDT
2025-07-24 21:00:00,0.0,BTCUSDT
2025-07-24 22:00:00,0.0,BTCUSDT
2025-07-24 23:00:00,0.0,BTCUSDT
2025-07-25 00:00:00,0.00020431903207050145,BTCUSDT
2025-07-25 01:00:00,0.0,BTCUSDT
2025-07-25 02:00:00,0.0,BTCUSDT
2025-07-25 03:00:00,0.0,BTCUSDT
2025-07-25 04:00:00,0.0,BTCUSDT
2025-07-25 05:00:00,0.0,BTCUSDT
2025-07-25 06:00:00,0.0,BTCUSDT
2025-07-25 07:00:00,0.0,BTCUSDT
2025-07-25 08:00:00,0.000259932903069515,BTCUSDT
2025-07-25 09:00:00,0.0,BTCUSDT
2025-07-25 10:00:00,0.0,BTCUSDT
2025-07-25 11:00:00,0.0,BTCUSDT
2025-07-25 12:00:00,0.0,BTCUSDT
2025-07-25 13:00:00,0.0,BTCUSDT
2025-07-25 14:00:00,0.0,BTCUSDT
2025-07-25 15:00:00,0.0,BTCUSDT
2025-07-25 16:00:00,0.00034187383566695265,BTCUSDT
2025-07-25 17:00:00,0.0,BTCUSDT
2025-07-25 18:00:00,0.0,BTCUSDT
2025-07-25 19:00:00,0.0,BTCUSDT
2025-07-25 20:00:00,0.0,BTCUSDT
2025-07-25 21:00:00,0.0,BTCUSDT
2025-07-25 22:00:00,0.0,BTCUSDT
2025-07-25 23:00:00,0.0,BTCUSDT
2025-07-26 00:00:00,0.0001564001085109022,BTCUSDT
2025-07-26 01:00:00,0.0,BTCUSDT
2025-07-26 02:00:00,0.0,BTCUSDT
2025-07-26 03:00:00,0.0,BTCUSDT
2025-07-26 04:00:00,0.0,BTCUSDT
2025-07-26 05:00:00,0.0,BTCUSDT
2025-07-26 06:00:00,0.0,BTCUSDT
2025-07-26 07:00:00,0.0,BTCUSDT
2025-07-26 08:00:00,0.00023967982426588023,BTCUSDT
2025-07-26 09:00:00,0.0,BTCUSDT
2025-07-26 10:00:00,0.0,BTCUSDT
2025-07-26 11:00:00,0.0,BTCUSDT
2025-07-26 12:00:00,0.0,BTCUSDT
2025-07-26 13:00:00,0.0,BTCUSDT
2025-07-26 14:00:00,0.0,BTCUSDT
2025-07-26 15:00:00,0.0,BTCUSDT
2025-07-26 16:00:00,4.53102831123312e-06,BTCUSDT
2025-07-26 17:00:00,0.0,BTCUSDT
2025-07-26 18:00:00,0.0,BTCUSDT
2025-07-26 19:00:00,0.0,BTCUSDT
2025-07-26 20:00:00,0.0,BTCUSDT
2025-07-26 21:00:00,0.0,BTCUSDT
2025-07-26 22:00:00,0.0,BTCUSDT
2025-07-26 23:00:00,0.0,BTCUSDT
2025-07-27 00:00:00,1.5802826397364787e-05,BTCUSDT
2025-07-27 01:00:00,0.0,BTCUSDT
2025-07-27 02:00:00,0.0,BTCUSDT
2025-07-27 03:00:00,0.0,BTCUSDT
2025-07-27 04:00:00,0.0,BTCUSDT
2025-07-27 05:00:00,0.0,BTCUSDT
2025-07-27 06:00:00,0.0,BTCUSDT
2025-07-27 07:00:00,0.0,BTCUSDT
2025-07-27 08:00:00,0.00048016636301314897,BTCUSDT
2025-07-27 09:00:00,0.0,BTCUSDT
2025-07-27 10:00:00,0.0,BTCUSDT
2025-07-27 11:00:00,0.0,BTCUSDT
2025-07-27 12:00:00,0.0,BTCUSDT
2025-07-27 13:00:00,0.0,BTCUSDT
2025-07-27 14:00:00,0.0,BTCUSDT
2025-07-27 15:00:00,0.0,BTCUSDT
2025-07-27 16:00:00,-8.459537967481878e-05,BTCUSDT
2025-07-27 17:00:00,0.0,BTCUSDT
2025-07-27 18:00:00,0.0,BTCUSDT
2025-07-27 19:00:00,0.0,BTCUSDT
2025-07-27 20:00:00,0.0,BTCUSDT
2025-07-27 21:00:00,0.0,BTCUSDT
2025-07-27 22:00:00,0.0,BTCUSDT
2025-07-27 23:00:00,0.0,BTCUSDT
2025-07-28 00:00:00,1.7567770990357227e-05,BTCUSDT
2025-07-28 01:00:00,0.0,BTCUSDT
2025-07-28 02:00:00,0.0,BTCUSDT
2025-07-28 03:00:00,0.0,BTCUSDT
2025-07-28 04:00:00,0.0,BTCUSDT
2025-07-28 05:00:00,0.0,BTCUSDT
2025-07-28 06:00:00,0.0,BTCUSDT
2025-07-28 07:00:00,0.0,BTCUSDT
2025-07-28 08:00:00,-3.7470886871658705e-05,BTCUSDT
2025-07-28 09:00:00,0.0,BTCUSDT
2025-07-28 10:00:00,0.0,BTCUSDT
2025-07-28 11:00:00,0.0,BTCUSDT
2025-07-28 12:00:00,0.0,BTCUSDT
2025-07-28 13:00:00,0.0,BTCUSDT
2025-07-28 14:00:00,0.0,BTCUSDT
2025-07-28 15:00:00,0.0,BTCUSDT
2025-07-28 16:00:00,0.0002812686470794304,BTCUSDT
2025-07-28 17:00:00,0.0,BTCUSDT
2025-07-28 18:00:00,0.0,BTCUSDT
2025-07-28 19:00:00,0.0,BTCUSDT
2025-07-28 20:00:00,0.0,BTCUSDT
2025-07-28 21:00:00,0.0,BTCUSDT
2025-07-28 22:00:00,0.0,BTCUSDT
2025-07-28 23:00:00,0.0,BTCUSDT
2025-07-29 00:00:00,0.00012221349463912654,BTCUSDT
2025-07-29 01:00:00,0.0,BTCUSDT
2025-07-29 02:00:00,0.0,BTCUSDT
2025-07-29 03:00:00,0.0,BTCUSDT
2025-07-29 04:00:00,0.0,BTCUSDT
2025-07-29 05:00:00,0.0,BTCUSDT
2025-07-29 06:00:00,0.0,BTCUSDT
2025-07-29 07:00:00,0.0,BTCUSDT
2025-07-29 08:00:00,0.0004171358346201518,BTCUSDT
2025-07-29 09:00:00,0.0,BTCUSDT
2025-07-29 10:00:00,0.0,BTCUSDT
2025-07-29 11:00:00,0.0,BTCUSDT
2025-07-29 12:00:00,0.0,BTCUSDT
2025-07-29 13:00:00,0.0,BTCUSDT
2025-07-29 14:00:00,0.0,BTCUSDT
2025-07-29 15:00:00,0.0,BTCUSDT
2025-07-29 16:00:00,0.00011680203818487026,BTCUSDT
2025-07-29 17:00:00,0.0,BTCUSDT
2025-07-29 18:00:00,0.0,BTCUSDT
2025-07-29 19:00:00,0.0,BTCUSDT
2025-07-29 20:00:00,0.0,BTCUSDT
2025-07-29 21:00:00,0.0,BTCUSDT
2025-07-29 22:00:00,0.0,BTCUSDT
2025-07-29 23:00:00,0.0,BTCUSDT
2025-07-30 00:00:00,0.0005103018928171163,BTCUSDT
2025-07-30 01:00:00,0.0,BTCUSDT
2025-07-30 02:00:00,0.0,BTCUSDT
2025-07-30 03:00:00,0.0,BTCUSDT
2025-07-30 04:00:00,0.0,BTCUSDT
2025-07-30 05:00:00,0.0,BTCUSDT
2025-07-30 06:00:00,0.0,BTCUSDT
2025-07-30 07:00:00,0.0,BTCUSDT
2025-07-30 08:00:00,0.00010467702503123623,BTCUSDT
2025-07-30 09:00:00,0.0,BTCUSDT
2025-07-30 10:00:00,0.0,BTCUSDT
2025-07-30 11:00:00,0.0,BTCUSDT
2025-07-30 12:00:00,0.0,BTCUSDT
2025-07-30 13:00:00,0.0,BTCUSDT
2025-07-30 14:00:00,0.0,BTCUSDT
2025-07-30 15:00:00,0.0,BTCUSDT
2025-07-30 16:00:00,0.0004041702464127559,BTCUSDT
2025-07-30 17:00:00,0.0,BTCUSDT
2025-07-30 18:00:00,0.0,BTCUSDT
2025-07-30 19:00:00,0.0,BTCUSDT
2025-07-30 20:00:00,0.0,BTCUSDT
2025-07-30 21:00:00,0.0,BTCUSDT
2025-07-30 22:00:00,0.0,BTCUSDT
2025-07-30 23:00:00,0.0,BTCUSDT
2025-07-31 00:00:00,0.0001294021667225727,BTCUSDT
2025-07-31 01:00:00,0.0,BTCUSDT
2025-07-31 02:00:00,0.0,BTCUSDT
2025-07-31 03:00:00,0.0,BTCUSDT
2025-07-31 04:00:00,0.0,BTCUSDT
2025-07-31 05:00:00,0.0,BTCUSDT
2025-07-31 06:00:00,0.0,BTCUSDT
2025-07-31 07:00:00,0.0,BTCUSDT
2025-07-31 08:00:00,-9.783090359859736e-05,BTCUSDT
2025-07-31 09:00:00,0.0,BTCUSDT
2025-07-31 10:00:00,0.0,BTCUSDT
2025-07-31 11:00:00,0.0,BTCUSDT
2025-07-31 12:00:00,0.0,BTCUSDT
2025-07-31 13:00:00,0.0,BTCUSDT
2025-07-31 14:00:00,0.0,BTCUSDT
2025-07-31 15:00:00,0.0,BTCUSDT
2025-07-31 16:00:00,0.00023484966168495311,BTCUSDT
2025-07-31 17:00:00,0.0,BTCUSDT
2025-07-31 18:00:00,0.0,BTCUSDT
2025-07-31 19:00:00,0.0,BTCUSDT
2025-07-31 20:00:00,0.0,BTCUSDT
2025-07-31 21:00:00,0.0,BTCUSDT
2025-07-31 22:00:00,0.0,BTCUSDT
2025-07-31 23:00:00,0.0,BTCUSDT
2025-08-01 00:00:00,0.00039183219883773827,BTCUSDT
2025-08-01 01:00:00,0.0,BTCUSDT
2025-08-01 02:00:00,0.0,BTCUSDT
2025-08-01 03:00:00,0.0,BTCUSDT
2025-08-01 04:00:00,0.0,BTCUSDT
2025-08-01 05:00:00,0.0,BTCUSDT
2025-08-01 06:00:00,0.0,BTCUSDT
2025-08-01 07:00:00,0.0,BTCUSDT
2025-08-01 08:00:00,-0.0001309273897769456,BTCUSDT
2025-08-01 09:00:00,0.0,BTCUSDT
2025-08-01 10:00:00,0.0,BTCUSDT
2025-08-01 11:00:00,0.0,BTCUSDT
2025-08-01 12:00:00,0.0,BTCUSDT
2025-08-01 13:00:00,0.0,BTCUSDT
2025-08-01 14:00:00,0.0,BTCUSDT
2025-08-01 15:00:00,0.0,BTCUSDT
2025-08-01 16:00:00,-1.6453412501755423e-05,BTCUSDT
2025-08-01 17:00:00,0.0,BTCUSDT
2025-08-01 18:00:00,0.0,BTCUSDT
2025-08-01 19:00:00,0.0,BTCUSDT
2025-08-01 20:00:00,0.0,BTCUSDT
2025-08-01 21:00:00,0.0,BTCUSDT
2025-08-01 22:00:00,0.0,BTCUSDT
2025-08-01 23:00:00,0.0,BTCUSDT
2025-08-02 00:00:00,0.00033524514135170586,BTCUSDT
2025-08-02 01:00:00,0.0,BTCUSDT
2025-08-02 02:00:00,0.0,BTCUSDT
2025-08-02 03:00:00,0.0,BTCUSDT
2025-08-02 04:00:00,0.0,BTCUSDT
2025-08-02 05:00:00,0.0,BTCUSDT
2025-08-02 06:00:00,0.0,BTCUSDT
2025-08-02 07:00:00,0.0,BTCUSDT
2025-08-02 08:00:00,-0.00019745795864148575,BTCUSDT
2025-08-02 09:00:00,0.0,BTCUSDT
2025-08-02 10:00:00,0.0,BTCUSDT
2025-08-02 11:00:00,0.0,BTCUSDT
2025-08-02 12:00:00,0.0,BTCUSDT
2025-08-02 13:00:00,0.0,BTCUSDT
2025-08-02 14:00:00,0.0,BTCUSDT
2025-08-02 15:00:00,0.0,BTCUSDT
2025-08-02 16:00:00,0.0004247687488538514,BTCUSDT
2025-08-02 17:00:00,0.0,BTCUSDT
2025-08-02 18:00:00,0.0,BTCUSDT
2025-08-02 19:00:00,0.0,BTCUSDT
2025-08-02 20:00:00,0.0,BTCUSDT
2025-08-02 21:00:00,0.0,BTCUSDT
2025-08-02 22:00:00,0.0,BTCUSDT
2025-08-02 23:00:00,0.0,BTCUSDT
2025-08-03 00:00:00,0.00028053562853984967,BTCUSDT
2025-08-03 01:00:00,0.0,BTCUSDT
2025-08-03 02:00:00,0.0,BTCUSDT
2025-08-03 03:00:00,0.0,BTCUSDT
2025-08-03 04:00:00,0.0,BTCUSDT
2025-08-03 05:00:00,0.0,BTCUSDT
2025-08-03 06:00:00,0.0,BTCUSDT
2025-08-03 07:00:00,0.0,BTCUSDT
2025-08-03 08:00:00,0.0003643761984319604,BTCUSDT
2025-08-03 09:00:00,0.0,BTCUSDT
2025-08-03 10:00:00,0.0,BTCUSDT
2025-08-03 11:00:00,0.0,BTCUSDT
2025-08-03 12:00:00,0.0,BTCUSDT
2025-08-03 13:00:00,0.0,BTCUSDT
2025-08-03 14:00:00,0.0,BTCUSDT
2025-08-03 15:00:00,0.0,BTCUSDT
2025-08-03 16:00:00,-0.00010746523966026853,BTCUSDT
2025-08-03 17:00:00,0.0,BTCUSDT
2025-08-03 18:00:00,0.0,BTCUSDT
2025-08-03 19:00:00,0.0,BTCUSDT
2025-08-03 20:00:00,0.0,BTCUSDT
2025-08-03 21:00:00,0.0,BTCUSDT
2025-08-03 22:00:00,0.0,BTCUSDT
2025-08-03 23:00:00,0.0,BTCUSDT
2025-08-04 00:00:00,-7.331411088509932e-05,BTCUSDT
2025-08-04 01:00:00,0.0,BTCUSDT
2025-08-04 02:00:00,0.0,BTCUSDT
2025-08-04 03:00:00,0.0,BTCUSDT
2025-08-04 04:00:00,0.0,BTCUSDT
2025-08-04 05:00:00,0.0,BTCUSDT
2025-08-04 06:00:00,0.0,BTCUSDT
2025-08-04 07:00:00,0.0,BTCUSDT
2025-08-04 08:00:00,0.00045612771989554164,BTCUSDT
2025-08-04 09:00:00,0.0,BTCUSDT
2025-08-04 10:00:00,0.0,BTCUSDT
2025-08-04 11:00:00,0.0,BTCUSDT
2025-08-04 12:00:00,0.0,BTCUSDT
2025-08-04 13:00:00,0.0,BTCUSDT
2025-08-04 14:00:00,0.0,BTCUSDT
2025-08-04 15:00:00,0.0,BTCUSDT
2025-08-04 16:00:00,-3.347681087202563e-05,BTCUSDT
2025-08-04 17:00:00,0.0,BTCUSDT
2025-08-04 18:00:00,0.0,BTCUSDT
2025-08-04 19:00:00,0.0,BTCUSDT
2025-08-04 20:00:00,0.0,BTCUSDT
2025-08-04 21:00:00,0.0,BTCUSDT
2025-08-04 22:00:00,0.0,BTCUSDT
2025-08-04 23:00:00,0.0,BTCUSDT
2025-08-05 00:00:00,-9.662062942882985e-05,BTCUSDT
2025-08-05 01:00:00,0.0,BTCUSDT
2025-08-05 02:00:00,0.0,BTCUSDT
2025-08-05 03:00:00,0.0,BTCUSDT
2025-08-05 04:00:00,0.0,BTCUSDT
2025-08-05 05:00:00,0.0,BTCUSDT
2025-08-05 06:00:00,0.0,BTCUSDT
2025-08-05 07:00:00,0.0,BTCUSDT
2025-08-05 08:00:00,0.0002760972920448263,BTCUSDT
2025-08-05 09:00:00,0.0,BTCUSDT
2025-08-05 10:00:00,0.0,BTCUSDT
2025-08-05 11:00:00,0.0,BTCUSDT
2025-08-05 12:00:00,0.0,BTCUSDT
2025-08-05 13:00:00,0.0,BTCUSDT
2025-08-05 14:00:00,0.0,BTCUSDT
2025-08-05 15:00:00,0.0,BTCUSDT
2025-08-05 16:00:00,0.00018539673677241993,BTCUSDT
2025-08-05 17:00:00,0.0,BTCUSDT
2025-08-05 18:00:00,0.0,BTCUSDT
2025-08-05 19:00:00,0.0,BTCUSDT
2025-08-05 20:00:00,0.0,BTCUSDT
2025-08-05 21:00:00,0.0,BTCUSDT
2025-08-05 22:00:00,0.0,BTCUSDT
2025-08-05 23:00:00,0.0,BTCUSDT
2025-08-06 00:00:00,0.00021906465757853285,BTCUSDT
2025-08-06 01:00:00,0.0,BTCUSDT
2025-08-06 02:00:00,0.0,BTCUSDT
2025-08-06 03:00:00,0.0,BTCUSDT
2025-08-06 04:00:00,0.0,BTCUSDT
2025-08-06 05:00:00,0.0,BTCUSDT
2025-08-06 06:00:00,0.0,BTCUSDT
2025-08-06 07:00:00,0.0,BTCUSDT
2025-08-06 08:00:00,5.5151808890362746e-05,BTCUSDT
2025-08-06 09:00:00,0.0,BTCUSDT
2025-08-06 10:00:00,0.0,BTCUSDT
2025-08-06 11:00:00,0.0,BTCUSDT
2025-08-06 12:00:00,0.0,BTCUSDT
2025-08-06 13:00:00,0.0,BTCUSDT
2025-08-06 14:00:00,0.0,BTCUSDT
2025-08-06 15:00:00,0.0,BTCUSDT
2025-08-06 16:00:00,-6.191336041791447e-05,BTCUSDT
2025-08-06 17:00:00,0.0,BTCUSDT
2025-08-06 18:00:00,0.0,BTCUSDT
2025-08-06 19:00:00,0.0,BTCUSDT
2025-08-06 20:00:00,0.0,BTCUSDT
2025-08-06 21:00:00,0.0,BTCUSDT
2025-08-06 22:00:00,0.0,BTCUSDT
2025-08-06 23:00:00,0.0,BTCUSDT
2025-08-07 00:00:00,0.0002846174584900259,BTCUSDT
2025-08-07 01:00:00,0.0,BTCUSDT
2025-08-07 02:00:00,0.0,BTCUSDT
2025-08-07 03:00:00,0.0,BTCUSDT
2025-08-07 04:00:00,0.0,BTCUSDT
2025-08-07 05:00:00,0.0,BTCUSDT
2025-08-07 06:00:00,0.0,BTCUSDT
2025-08-07 07:00:00,0.0,BTCUSDT
2025-08-07 08:00:00,-0.000265632985585428,BTCUSDT
2025-08-07 09:00:00,0.0,BTCUSDT
2025-08-07 10:00:00,0.0,BTCUSDT
2025-08-07 11:00:00,0.0,BTCUSDT
2025-08-07 12:00:00,0.0,BTCUSDT
2025-08-07 13:00:00,0.0,BTCUSDT
2025-08-07 14:00:00,0.0,BTCUSDT
2025-08-07 15:00:00,0.0,BTCUSDT
2025-08-07 16:00:00,0.0003173726979443672,BTCUSDT
2025-08-07 17:00:00,0.0,BTCUSDT
2025-08-07 18:00:00,0.0,BTCUSDT
2025-08-07 19:00:00,0.0,BTCUSDT
2025-08-07 20:00:00,0.0,BTCUSDT
2025-08-07 21:00:00,0.0,BTCUSDT
2025-08-07 22:00:00,0.0,BTCUSDT
2025-08-07 23:00:00,0.0,BTCUSDT
2025-08-08 00:00:00,-7.246138723273622e-05,BTCUSDT
2025-08-08 01:00:00,0.0,BTCUSDT
2025-08-08 02:00:00,0.0,BTCUSDT
2025-08-08 03:00:00,0.0,BTCUSDT
2025-08-08 04:00:00,0.0,BTCUSDT
2025-08-08 05:00:00,0.0,BTCUSDT
2025-08-08 06:00:00,0.0,BTCUSDT
2025-08-08 07:00:00,0.0,BTCUSDT
2025-08-08 08:00:00,-5.657330205949828e-05,BTCUSDT
2025-08-08 09:00:00,0.0,BTCUSDT
2025-08-08 10:00:00,0.0,BTCUSDT
2025-08-08 11:00:00,0.0,BTCUSDT
2025-08-08 12:00:00,0.0,BTCUSDT
2025-08-08 13:00:00,0.0,BTCUSDT
2025-08-08 14:00:00,0.0,BTCUSDT
2025-08-08 15:00:00,0.0,BTCUSDT
2025-08-08 16:00:00,0.00040130572726245335,BTCUSDT
2025-08-08 17:00:00,0.0,BTCUSDT
2025-08-08 18:00:00,0.0,BTCUSDT
2025-08-08 19:00:00,0.0,BTCUSDT
2025-08-08 20:00:00,0.0,BTCUSDT
2025-08-08 21:00:00,0.0,BTCUSDT
2025-08-08 22:00:00,0.0,BTCUSDT
2025-08-08 23:00:00,0.0,BTCUSDT
2025-08-09 00:00:00,8.951046007017617e-05,BTCUSDT
2025-08-09 01:00:00,0.0,BTCUSDT
2025-08-09 02:00:00,0.0,BTCUSDT
2025-08-09 03:00:00,0.0,BTCUSDT
2025-08-09 04:00:00,0.0,BTCUSDT
2025-08-09 05:00:00,0.0,BTCUSDT
2025-08-09 06:00:00,0.0,BTCUSDT
2025-08-09 07:00:00,0.0,BTCUSDT
2025-08-09 08:00:00,-9.003509241395899e-05,BTCUSDT
2025-08-09 09:00:00,0.0,BTCUSDT
2025-08-09 10:00:00,0.0,BTCUSDT
2025-08-09 11:00:00,0.0,BTCUSDT
2025-08-09 12:00:00,0.0,BTCUSDT
2025-08-09 13:00:00,0.0,BTCUSDT
2025-08-09 14:00:00,0.0,BTCUSDT
2025-08-09 15:00:00,0.0,BTCUSDT
2025-08-09 16:00:00,-4.3708541355808064e-05,BTCUSDT
2025-08-09 17:00:00,0.0,BTCUSDT
2025-08-09 18:00:00,0.0,BTCUSDT
2025-08-09 19:00:00,0.0,BTCUSDT
2025-08-09 20:00:00,0.0,BTCUSDT
2025-08-09 21:00:00,0.0,BTCUSDT
2025-08-09 22:00:00,0.0,BTCUSDT
2025-08-09 23:00:00,0.0,BTCUSDT
2025-08-10 00:00:00,-3.3588334091900945e-05,BTCUSDT
2025-08-10 01:00:00,0.0,BTCUSDT
2025-08-10 02:00:00,0.0,BTCUSDT
2025-08-10 03:00:00,0.0,BTCUSDT
2025-08-10 04:00:00,0.0,BTCUSDT
2025-08-10 05:00:00,0.0,BTCUSDT
2025-08-10 06:00:00,0.0,BTCUSDT
2025-08-10 07:00:00,0.0,BTCUSDT
2025-08-10 08:00:00,0.00023735509780953295,BTCUSDT
2025-08-10 09:00:00,0.0,BTCUSDT
2025-08-10 10:00:00,0.0,BTCUSDT
2025-08-10 11:00:00,0.0,BTCUSDT
2025-08-10 12:00:00,0.0,BTCUSDT
2025-08-10 13:00:00,0.0,BTCUSDT
2025-08-10 14:00:00,0.0,BTCUSDT
2025-08-10 15:00:00,0.0,BTCUSDT
2025-08-10 16:00:00,-4.7452335278392186e-05,BTCUSDT
2025-08-10 17:00:00,0.0,BTCUSDT
2025-08-10 18:00:00,0.0,BTCUSDT
2025-08-10 19:00:00,0.0,BTCUSDT
2025-08-10 20:00:00,0.0,BTCUSDT
2025-08-10 21:00:00,0.0,BTCUSDT
2025-08-10 22:00:00,0.0,BTCUSDT
2025-08-10 23:00:00,0.0,BTCUSDT
2025-08-11 00:00:00,5.280398022661076e-05,BTCUSDT
2025-08-11 01:00:00,0.0,BTCUSDT
2025-08-11 02:00:00,0.0,BTCUSDT
2025-08-11 03:00:00,0.0,BTCUSDT
2025-08-11 04:00:00,0.0,BTCUSDT
2025-08-11 05:00:00,0.0,BTCUSDT
2025-08-11 06:00:00,0.0,BTCUSDT
2025-08-11 07:00:00,0.0,BTCUSDT
2025-08-11 08:00:00,-0.00043599689719289384,BTCUSDT
2025-08-11 09:00:00,0.0,BTCUSDT
2025-08-11 10:00:00,0.0,BTCUSDT
2025-08-11 11:00:00,0.0,BTCUSDT
2025-08-11 12:00:00,0.0,BTCUSDT
2025-08-11 13:00:00,0.0,BTCUSDT
2025-08-11 14:00:00,0.0,BTCUSDT
2025-08-11 15:00:00,0.0,BTCUSDT
2025-08-11 16:00:00,0.0001574440690350559,BTCUSDT
2025-08-11 17:00:00,0.0,BTCUSDT
2025-08-11 18:00:00,0.0,BTCUSDT
2025-08-11 19:00:00,0.0,BTCUSDT
2025-08-11 20:00:00,0.0,BTCUSDT
2025-08-11 21:00:00,0.0,BTCUSDT
2025-08-11 22:00:00,0.0,BTCUSDT
2025-08-11 23:00:00,0.0,BTCUSDT
2025-08-12 00:00:00,0.00018845632766606197,BTCUSDT
2025-08-12 01:00:00,0.0,BTCUSDT
2025-08-12 02:00:00,0.0,BTCUSDT
2025-08-12 03:00:00,0.0,BTCUSDT
2025-08-12 04:00:00,0.0,BTCUSDT
2025-08-12 05:00:00,0.0,BTCUSDT
2025-08-12 06:00:00,0.0,BTCUSDT
2025-08-12 07:00:00,0.0,BTCUSDT
2025-08-12 08:00:00,-0.0001638390105535599,BTCUSDT
2025-08-12 09:00:00,0.0,BTCUSDT
2025-08-12 10:00:00,0.0,BTCUSDT
2025-08-12 11:00:00,0.0,BTCUSDT
2025-08-12 12:00:00,0.0,BTCUSDT
2025-08-12 13:00:00,0.0,BTCUSDT
2025-08-12 14:00:00,0.0,BTCUSDT
2025-08-12 15:00:00,0.0,BTCUSDT
2025-08-12 16:00:00,0.00033343919667181896,BTCUSDT
2025-08-12 17:00:00,0.0,BTCUSDT
2025-08-12 18:00:00,0.0,BTCUSDT
2025-08-12 19:00:00,0.0,BTCUSDT
2025-08-12 20:00:00,0.0,BTCUSDT
2025-08-12 21:00:00,0.0,BTCUSDT
2025-08-12 22:00:00,0.0,BTCUSDT
2025-08-12 23:00:00,0.0,BTCUSDT
2025-08-13 00:00:00,0.0003116272225134844,BTCUSDT
2025-08-13 01:00:00,0.0,BTCUSDT
2025-08-13 02:00:00,0.0,BTCUSDT
2025-08-13 03:00:00,0.0,BTCUSDT
2025-08-13 04:00:00,0.0,BTCUSDT
2025-08-13 05:00:00,0.0,BTCUSDT
2025-08-13 06:00:00,0.0,BTCUSDT
2025-08-13 07:00:00,0.0,BTCUSDT
2025-08-13 08:00:00,9.843101381306921e-06,BTCUSDT
2025-08-13 09:00:00,0.0,BTCUSDT
2025-08-13 10:00:00,0.0,BTCUSDT
2025-08-13 11:00:00,0.0,BTCUSDT
2025-08-13 12:00:00,0.0,BTCUSDT
2025-08-13 13:00:00,0.0,BTCUSDT
2025-08-13 14:00:00,0.0,BTCUSDT
2025-08-13 15:00:00,0.0,BTCUSDT
2025-08-13 16:00:00,0.00039838861183232814,BTCUSDT
2025-08-13 17:00:00,0.0,BTCUSDT
2025-08-13 18:00:00,0.0,BTCUSDT
2025-08-13 19:00:00,0.0,BTCUSDT
2025-08-13 20:00:00,0.0,BTCUSDT
2025-08-13 21:00:00,0.0,BTCUSDT
2025-08-13 22:00:00,0.0,BTCUSDT
2025-08-13 23:00:00,0.0,BTCUSDT
2025-08-14 00:00:00,0.00016227798753928543,BTCUSDT
2025-08-14 01:00:00,0.0,BTCUSDT
2025-08-14 02:00:00,0.0,BTCUSDT
2025-08-14 03:00:00,0.0,BTCUSDT
2025-08-14 04:00:00,0.0,BTCUSDT
2025-08-14 05:00:00,0.0,BTCUSDT
2025-08-14 06:00:00,0.0,BTCUSDT
2025-08-14 07:00:00,0.0,BTCUSDT
2025-08-14 08:00:00,3.549557617858866e-05,BTCUSDT
2025-08-14 09:00:00,0.0,BTCUSDT
2025-08-14 10:00:00,0.0,BTCUSDT
2025-08-14 11:00:00,0.0,BTCUSDT
2025-08-14 12:00:00,0.0,BTCUSDT
2025-08-14 13:00:00,0.0,BTCUSDT
2025-08-14 14:00:00,0.0,BTCUSDT
2025-08-14 15:00:00,0.0,BTCUSDT
2025-08-14 16:00:00,-0.00017986860955717505,BTCUSDT
2025-08-14 17:00:00,0.0,BTCUSDT
2025-08-14 18:00:00,0.0,BTCUSDT
2025-08-14 19:00:00,0.0,BTCUSDT
2025-08-14 20:00:00,0.0,BTCUSDT
2025-08-14 21:00:00,0.0,BTCUSDT
2025-08-14 22:00:00,0.0,BTCUSDT
2025-08-14 23:00:00,0.0,BTCUSDT
2025-08-15 00:00:00,-6.639422161570627e-05,BTCUSDT
2025-08-15 01:00:00,0.0,BTCUSDT
2025-08-15 02:00:00,0.0,BTCUSDT
2025-08-15 03:00:00,0.0,BTCUSDT
2025-08-15 04:00:00,0.0,BTCUSDT
2025-08-15 05:00:00,0.0,BTCUSDT
2025-08-15 06:00:00,0.0,BTCUSDT
2025-08-15 07:00:00,0.0,BTCUSDT
2025-08-15 08:00:00,0.00010679137703303366,BTCUSDT
2025-08-15 09:00:00,0.0,BTCUSDT
2025-08-15 10:00:00,0.0,BTCUSDT
2025-08-15 11:00:00,0.0,BTCUSDT
2025-08-15 12:00:00,0.0,BTCUSDT
2025-08-15 13:00:00,0.0,BTCUSDT
2025-08-15 14:00:00,0.0,BTCUSDT
2025-08-15 15:00:00,0.0,BTCUSDT
2025-08-15 16:00:00,-0.00012785723184205358,BTCUSDT
2025-08-15 17:00:00,0.0,BTCUSDT
2025-08-15 18:00:00,0.0,BTCUSDT
2025-08-15 19:00:00,0.0,BTCUSDT
2025-08-15 20:00:00,0.0,BTCUSDT
2025-08-15 21:00:00,0.0,BTCUSDT
2025-08-15 22:00:00,0.0,BTCUSDT
2025-08-15 23:00:00,0.0,BTCUSDT
2025-08-16 00:00:00,-0.00015000513111752085,BTCUSDT
2025-08-16 01:00:00,0.0,BTCUSDT
2025-08-16 02:00:00,0.0,BTCUSDT
2025-08-16 03:00:00,0.0,BTCUSDT
2025-08-16 04:00:00,0.0,BTCUSDT
2025-08-16 05:00:00,0.0,BTCUSDT
2025-08-16 06:00:00,0.0,BTCUSDT
2025-08-16 07:00:00,0.0,BTCUSDT
2025-08-16 08:00:00,7.015397127055876e-06,BTCUSDT
2025-08-16 09:00:00,0.0,BTCUSDT
2025-08-16 10:00:00,0.0,BTCUSDT
2025-08-16 11:00:00,0.0,BTCUSDT
2025-08-16 12:00:00,0.0,BTCUSDT
2025-08-16 13:00:00,0.0,BTCUSDT
2025-08-16 14:00:00,0.0,BTCUSDT
2025-08-16 15:00:00,0.0,BTCUSDT
2025-08-16 16:00:00,0.0001974626326106632,BTCUSDT
2025-08-16 17:00:00,0.0,BTCUSDT
2025-08-16 18:00:00,0.0,BTCUSDT
2025-08-16 19:00:00,0.0,BTCUSDT
2025-08-16 20:00:00,0.0,BTCUSDT
2025-08-16 21:00:00,0.0,BTCUSDT
2025-08-16 22:00:00,0.0,BTCUSDT
2025-08-16 23:00:00,0.0,BTCUSDT
2025-08-17 00:00:00,0.0002682163077212832,BTCUSDT
2025-08-17 01:00:00,0.0,BTCUSDT
2025-08-17 02:00:00,0.0,BTCUSDT
2025-08-17 03:00:00,0.0,BTCUSDT
2025-08-17 04:00:00,0.0,BTCUSDT
2025-08-17 05:00:00,0.0,BTCUSDT
2025-08-17 06:00:00,0.0,BTCUSDT
2025-08-17 07:00:00,0.0,BTCUSDT
2025-08-17 08:00:00,0.00016678900959980785,BTCUSDT
2025-08-17 09:00:00,0.0,BTCUSDT
2025-08-17 10:00:00,0.0,BTCUSDT
2025-08-17 11:00:00,0.0,BTCUSDT
2025-08-17 12:00:00,0.0,BTCUSDT
2025-08-17 13:00:00,0.0,BTCUSDT
2025-08-17 14:00:00,0.0,BTCUSDT
2025-08-17 15:00:00,0.0,BTCUSDT
2025-08-17 16:00:00,-0.0001766035617488948,BTCUSDT
2025-08-17 17:00:00,0.0,BTCUSDT
2025-08-17 18:00:00,0.0,BTCUSDT
2025-08-17 19:00:00,0.0,BTCUSDT
2025-08-17 20:00:00,0.0,BTCUSDT
2025-08-17 21:00:00,0.0,BTCUSDT
2025-08-17 22:00:00,0.0,BTCUSDT
2025-08-17 23:00:00,0.0,BTCUSDT
2025-08-18 00:00:00,-0.00021686551556967946,BTCUSDT
2025-08-18 01:00:00,0.0,BTCUSDT
2025-08-18 02:00:00,0.0,BTCUSDT
2025-08-18 03:00:00,0.0,BTCUSDT
2025-08-18 04:00:00,0.0,BTCUSDT
2025-08-18 05:00:00,0.0,BTCUSDT
2025-08-18 06:00:00,0.0,BTCUSDT
2025-08-18 07:00:00,0.0,BTCUSDT
2025-08-18 08:00:00,6.118397353338103e-05,BTCUSDT
2025-08-18 09:00:00,0.0,BTCUSDT
2025-08-18 10:00:00,0.0,BTCUSDT
2025-08-18 11:00:00,0.0,BTCUSDT
2025-08-18 12:00:00,0.0,BTCUSDT
2025-08-18 13:00:00,0.0,BTCUSDT
2025-08-18 14:00:00,0.0,BTCUSDT
2025-08-18 15:00:00,0.0,BTCUSDT
2025-08-18 16:00:00,3.060530937897655e-05,BTCUSDT
2025-08-18 17:00:00,0.0,BTCUSDT
2025-08-18 18:00:00,0.0,BTCUSDT
2025-08-18 19:00:00,0.0,BTCUSDT
2025-08-18 20:00:00,0.0,BTCUSDT
2025-08-18 21:00:00,0.0,BTCUSDT
2025-08-18 22:00:00,0.0,BTCUSDT
2025-08-18 23:00:00,0.0,BTCUSDT
2025-08-19 00:00:00,3.304533505903449e-05,BTCUSDT
2025-08-19 01:00:00,0.0,BTCUSDT
2025-08-19 02:00:00,0.0,BTCUSDT
2025-08-19 03:00:00,0.0,BTCUSDT
2025-08-19 04:00:00,0.0,BTCUSDT
2025-08-19 05:00:00,0.0,BTCUSDT
2025-08-19 06:00:00,0.0,BTCUSDT
2025-08-19 07:00:00,0.0,BTCUSDT
2025-08-19 08:00:00,2.5897328681226075e-05,BTCUSDT
2025-08-19 09:00:00,0.0,BTCUSDT
2025-08-19 10:00:00,0.0,BTCUSDT
2025-08-19 11:00:00,0.0,BTCUSDT
2025-08-19 12:00:00,0.0,BTCUSDT
2025-08-19 13:00:00,0.0,BTCUSDT
2025-08-19 14:00:00,0.0,BTCUSDT
2025-08-19 15:00:00,0.0,BTCUSDT
2025-08-19 16:00:00,-0.00012387817594918194,BTCUSDT
2025-08-19 17:00:00,0.0,BTCUSDT
2025-08-19 18:00:00,0.0,BTCUSDT
2025-08-19 19:00:00,0.0,BTCUSDT
2025-08-19 20:00:00,0.0,BTCUSDT
2025-08-19 21:00:00,0.0,BTCUSDT
2025-08-19 22:00:00,0.0,BTCUSDT
2025-08-19 23:00:00,0.0,BTCUSDT
2025-08-20 00:00:00,0.00036678712797758966,BTCUSDT
2025-08-20 01:00:00,0.0,BTCUSDT
2025-08-20 02:00:00,0.0,BTCUSDT
2025-08-20 03:00:00,0.0,BTCUSDT
2025-08-20 04:00:00,0.0,BTCUSDT
2025-08-20 05:00:00,0.0,BTCUSDT
2025-08-20 06:00:00,0.0,BTCUSDT
2025-08-20 07:00:00,0.0,BTCUSDT
2025-08-20 08:00:00,7.049236237996963e-05,BTCUSDT
2025-08-20 09:00:00,0.0,BTCUSDT
2025-08-20 10:00:00,0.0,BTCUSDT
2025-08-20 11:00:00,0.0,BTCUSDT
2025-08-20 12:00:00,0.0,BTCUSDT
2025-08-20 13:00:00,0.0,BTCUSDT
2025-08-20 14:00:00,0.0,BTCUSDT
2025-08-20 15:00:00,0.0,BTCUSDT
2025-08-20 16:00:00,-0.00014318756359518031,BTCUSDT
2025-08-20 17:00:00,0.0,BTCUSDT
2025-08-20 18:00:00,0.0,BTCUSDT
2025-08-20 19:00:00,0.0,BTCUSDT
2025-08-20 20:00:00,0.0,BTCUSDT
2025-08-20 21:00:00,0.0,BTCUSDT
2025-08-20 22:00:00,0.0,BTCUSDT
2025-08-20 23:00:00,0.0,BTCUSDT
2025-08-21 00:00:00,0.00021134359532668377,BTCUSDT
2025-08-21 01:00:00,0.0,BTCUSDT
2025-08-21 02:00:00,0.0,BTCUSDT
2025-08-21 03:00:00,0.0,BTCUSDT
2025-08-21 04:00:00,0.0,BTCUSDT
2025-08-21 05:00:00,0.0,BTCUSDT
2025-08-21 06:00:00,0.0,BTCUSDT
2025-08-21 07:00:00,0.0,BTCUSDT
2025-08-21 08:00:00,0.00019545920176188464,BTCUSDT
2025-08-21 09:00:00,0.0,BTCUSDT
2025-08-21 10:00:00,0.0,BTCUSDT
2025-08-21 11:00:00,0.0,BTCUSDT
2025-08-21 12:00:00,0.0,BTCUSDT
2025-08-21 13:00:00,0.0,BTCUSDT
2025-08-21 14:00:00,0.0,BTCUSDT
2025-08-21 15:00:00,0.0,BTCUSDT
2025-08-21 16:00:00,0.00039006805175181245,BTCUSDT
2025-08-21 17:00:00,0.0,BTCUSDT
2025-08-21 18:00:00,0.0,BTCUSDT
2025-08-21 19:00:00,0.0,BTCUSDT
2025-08-21 20:00:00,0.0,BTCUSDT
2025-08-21 21:00:00,0.0,BTCUSDT
2025-08-21 22:00:00,0.0,BTCUSDT
2025-08-21 23:00:00,0.0,BTCUSDT
2025-08-22 00:00:00,-1.607100057054623e-05,BTCUSDT
2025-08-22 01:00:00,0.0,BTCUSDT
2025-08-22 02:00:00,0.0,BTCUSDT
2025-08-22 03:00:00,0.0,BTCUSDT
2025-08-22 04:00:00,0.0,BTCUSDT
2025-08-22 05:00:00,0.0,BTCUSDT
2025-08-22 06:00:00,0.0,BTCUSDT
2025-08-22 07:00:00,0.0,BTCUSDT
2025-08-22 08:00:00,0.00039027509221407637,BTCUSDT
2025-08-22 09:00:00,0.0,BTCUSDT
2025-08-22 10:00:00,0.0,BTCUSDT
2025-08-22 11:00:00,0.0,BTCUSDT
2025-08-22 12:00:00,0.0,BTCUSDT
2025-08-22 13:00:00,0.0,BTCUSDT
2025-08-22 14:00:00,0.0,BTCUSDT
2025-08-22 15:00:00,0.0,BTCUSDT
2025-08-22 16:00:00,-8.974014164702423e-06,BTCUSDT
2025-08-22 17:00:00,0.0,BTCUSDT
2025-08-22 18:00:00,0.0,BTCUSDT
2025-08-22 19:00:00,0.0,BTCUSDT
2025-08-22 20:00:00,0.0,BTCUSDT
2025-08-22 21:00:00,0.0,BTCUSDT
2025-08-22 22:00:00,0.0,BTCUSDT
2025-08-22 23:00:00,0.0,BTCUSDT
2025-08-23 00:00:00,8.914907942717043e-05,BTCUSDT
2025-08-23 01:00:00,0.0,BTCUSDT
2025-08-23 02:00:00,0.0,BTCUSDT
2025-08-23 03:00:00,0.0,BTCUSDT
2025-08-23 04:00:00,0.0,BTCUSDT
2025-08-23 05:00:00,0.0,BTCUSDT
2025-08-23 06:00:00,0.0,BTCUSDT
2025-08-23 07:00:00,0.0,BTCUSDT
2025-08-23 08:00:00,-7.078578291427148e-05,BTCUSDT
2025-08-23 09:00:00,0.0,BTCUSDT
2025-08-23 10:00:00,0.0,BTCUSDT
2025-08-23 11:00:00,0.0,BTCUSDT
2025-08-23 12:00:00,0.0,BTCUSDT
2025-08-23 13:00:00,0.0,BTCUSDT
2025-08-23 14:00:00,0.0,BTCUSDT
2025-08-23 15:00:00,0.0,BTCUSDT
2025-08-23 16:00:00,-0.0002483528224766605,BTCUSDT
2025-08-23 17:00:00,0.0,BTCUSDT
2025-08-23 18:00:00,0.0,BTCUSDT
2025-08-23 19:00:00,0.0,BTCUSDT
2025-08-23 20:00:00,0.0,BTCUSDT
2025-08-23 21:00:00,0.0,BTCUSDT
2025-08-23 22:00:00,0.0,BTCUSDT
2025-08-23 23:00:00,0.0,BTCUSDT
2025-08-24 00:00:00,1.4433156856425501e-05,BTCUSDT
2025-08-24 01:00:00,0.0,BTCUSDT
2025-08-24 02:00:00,0.0,BTCUSDT
2025-08-24 03:00:00,0.0,BTCUSDT
2025-08-24 04:00:00,0.0,BTCUSDT
2025-08-24 05:00:00,0.0,BTCUSDT
2025-08-24 06:00:00,0.0,BTCUSDT
2025-08-24 07:00:00,0.0,BTCUSDT
2025-08-24 08:00:00,0.00038936456802230677,BTCUSDT
2025-08-24 09:00:00,0.0,BTCUSDT
2025-08-24 10:00:00,0.0,BTCUSDT
2025-08-24 11:00:00,0.0,BTCUSDT
2025-08-24 12:00:00,0.0,BTCUSDT
2025-08-24 13:00:00,0.0,BTCUSDT
2025-08-24 14:00:00,0.0,BTCUSDT
2025-08-24 15:00:00,0.0,BTCUSDT
2025-08-24 16:00:00,0.0003511874080031394,BTCUSDT
2025-08-24 17:00:00,0.0,BTCUSDT
2025-08-24 18:00:00,0.0,BTCUSDT
2025-08-24 19:00:00,0.0,BTCUSDT
2025-08-24 20:00:00,0.0,BTCUSDT
2025-08-24 21:00:00,0.0,BTCUSDT
2025-08-24 22:00:00,0.0,BTCUSDT
2025-08-24 23:00:00,0.0,BTCUSDT
2025-08-25 00:00:00,0.00013299137508180494,BTCUSDT
2025-08-25 01:00:00,0.0,BTCUSDT
2025-08-25 02:00:00,0.0,BTCUSDT
2025-08-25 03:00:00,0.0,BTCUSDT
2025-08-25 04:00:00,0.0,BTCUSDT
2025-08-25 05:00:00,0.0,BTCUSDT
2025-08-25 06:00:00,0.0,BTCUSDT
2025-08-25 07:00:00,0.0,BTCUSDT
2025-08-25 08:00:00,0.00019417377187507618,BTCUSDT
2025-08-25 09:00:00,0.0,BTCUSDT
2025-08-25 10:00:00,0.0,BTCUSDT
2025-08-25 11:00:00,0.0,BTCUSDT
2025-08-25 12:00:00,0.0,BTCUSDT
2025-08-25 13:00:00,0.0,BTCUSDT
2025-08-25 14:00:00,0.0,BTCUSDT
2025-08-25 15:00:00,0.0,BTCUSDT
2025-08-25 16:00:00,0.00046449266859875817,BTCUSDT
2025-08-25 17:00:00,0.0,BTCUSDT
2025-08-25 18:00:00,0.0,BTCUSDT
2025-08-25 19:00:00,0.0,BTCUSDT
2025-08-25 20:00:00,0.0,BTCUSDT
2025-08-25 21:00:00,0.0,BTCUSDT
2025-08-25 22:00:00,0.0,BTCUSDT
2025-08-25 23:00:00,0.0,BTCUSDT
2025-08-26 00:00:00,-0.000194955708247679,BTCUSDT
2025-08-26 01:00:00,0.0,BTCUSDT
2025-08-26 02:00:00,0.0,BTCUSDT
2025-08-26 03:00:00,0.0,BTCUSDT
2025-08-26 04:00:00,0.0,BTCUSDT
2025-08-26 05:00:00,0.0,BTCUSDT
2025-08-26 06:00:00,0.0,BTCUSDT
2025-08-26 07:00:00,0.0,BTCUSDT
2025-08-26 08:00:00,-7.176885565979184e-05,BTCUSDT
2025-08-26 09:00:00,0.0,BTCUSDT
2025-08-26 10:00:00,0.0,BTCUSDT
2025-08-26 11:00:00,0.0,BTCUSDT
2025-08-26 12:00:00,0.0,BTCUSDT
2025-08-26 13:00:00,0.0,BTCUSDT
2025-08-26 14:00:00,0.0,BTCUSDT
2025-08-26 15:00:00,0.0,BTCUSDT
2025-08-26 16:00:00,-9.481203138364434e-05,BTCUSDT
2025-08-26 17:00:00,0.0,BTCUSDT
2025-08-26 18:00:00,0.0,BTCUSDT
2025-08-26 19:00:00,0.0,BTCUSDT
2025-08-26 20:00:00,0.0,BTCUSDT
2025-08-26 21:00:00,0.0,BTCUSDT
2025-08-26 22:00:00,0.0,BTCUSDT
2025-08-26 23:00:00,0.0,BTCUSDT
2025-08-27 00:00:00,-3.0519581866297654e-05,BTCUSDT
2025-08-27 01:00:00,0.0,BTCUSDT
2025-08-27 02:00:00,0.0,BTCUSDT
2025-08-27 03:00:00,0.0,BTCUSDT
2025-08-27 04:00:00,0.0,BTCUSDT
2025-08-27 05:00:00,0.0,BTCUSDT
2025-08-27 06:00:00,0.0,BTCUSDT
2025-08-27 07:00:00,0.0,BTCUSDT
2025-08-27 08:00:00,0.0002078082993505518,BTCUSDT
2025-08-27 09:00:00,0.0,BTCUSDT
2025-08-27 10:00:00,0.0,BTCUSDT
2025-08-27 11:00:00,0.0,BTCUSDT
2025-08-27 12:00:00,0.0,BTCUSDT
2025-08-27 13:00:00,0.0,BTCUSDT
2025-08-27 14:00:00,0.0,BTCUSDT
2025-08-27 15:00:00,0.0,BTCUSDT
2025-08-27 16:00:00,-8.874108628601522e-05,BTCUSDT
2025-08-27 17:00:00,0.0,BTCUSDT
2025-08-27 18:00:00,0.0,BTCUSDT
2025-08-27 19:00:00,0.0,BTCUSDT
2025-08-27 20:00:00,0.0,BTCUSDT
2025-08-27 21:00:00,0.0,BTCUSDT
2025-08-27 22:00:00,0.0,BTCUSDT
2025-08-27 23:00:00,0.0,BTCUSDT
2025-08-28 00:00:00,0.00020081876638878838,BTCUSDT
2025-08-28 01:00:00,0.0,BTCUSDT
2025-08-28 02:00:00,0.0,BTCUSDT
2025-08-28 03:00:00,0.0,BTCUSDT
2025-08-28 04:00:00,0.0,BTCUSDT
2025-08-28 05:00:00,0.0,BTCUSDT
2025-08-28 06:00:00,0.0,BTCUSDT
2025-08-28 07:00:00,0.0,BTCUSDT
2025-08-28 08:00:00,0.00036870930132441024,BTCUSDT
2025-08-28 09:00:00,0.0,BTCUSDT
2025-08-28 10:00:00,0.0,BTCUSDT
2025-08-28 11:00:00,0.0,BTCUSDT
2025-08-28 12:00:00,0.0,BTCUSDT
2025-08-28 13:00:00,0.0,BTCUSDT
2025-08-28 14:00:00,0.0,BTCUSDT
2025-08-28 15:00:00,0.0,BTCUSDT
2025-08-28 16:00:00,0.00014923678885919345,BTCUSDT
2025-08-28 17:00:00,0.0,BTCUSDT
2025-08-28 18:00:00,0.0,BTCUSDT
2025-08-28 19:00:00,0.0,BTCUSDT
2025-08-28 20:00:00,0.0,BTCUSDT
2025-08-28 21:00:00,0.0,BTCUSDT
2025-08-28 22:00:00,0.0,BTCUSDT
2025-08-28 23:00:00,0.0,BTCUSDT
2025-08-29 00:00:00,0.0003365789877755851,BTCUSDT
2025-08-29 01:00:00,0.0,BTCUSDT
2025-08-29 02:00:00,0.0,BTCUSDT
2025-08-29 03:00:00,0.0,BTCUSDT
2025-08-29 04:00:00,0.0,BTCUSDT
2025-08-29 05:00:00,0.0,BTCUSDT
2025-08-29 06:00:00,0.0,BTCUSDT
2025-08-29 07:00:00,0.0,BTCUSDT
2025-08-29 08:00:00,0.00042983826466689234,BTCUSDT
2025-08-29 09:00:00,0.0,BTCUSDT
2025-08-29 10:00:00,0.0,BTCUSDT
2025-08-29 11:00:00,0.0,BTCUSDT
2025-08-29 12:00:00,0.0,BTCUSDT
2025-08-29 13:00:00,0.0,BTCUSDT
2025-08-29 14:00:00,0.0,BTCUSDT
2025-08-29 15:00:00,0.0,BTCUSDT
2025-08-29 16:00:00,0.00036424222521551526,BTCUSDT
2025-08-29 17:00:00,0.0,BTCUSDT
2025-08-29 18:00:00,0.0,BTCUSDT
2025-08-29 19:00:00,0.0,BTCUSDT
2025-08-29 20:00:00,0.0,BTCUSDT
2025-08-29 21:00:00,0.0,BTCUSDT
2025-08-29 22:00:00,0.0,BTCUSDT
2025-08-29 23:00:00,0.0,BTCUSDT
2025-08-30 00:00:00,-2.962648677755555e-05,BTCUSDT
2025-08-30 01:00:00,0.0,BTCUSDT
2025-08-30 02:00:00,0.0,BTCUSDT
2025-08-30 03:00:00,0.0,BTCUSDT
2025-08-30 04:00:00,0.0,BTCUSDT
2025-08-30 05:00:00,0.0,BTCUSDT
2025-08-30 06:00:00,0.0,BTCUSDT
2025-08-30 07:00:00,0.0,BTCUSDT
2025-08-30 08:00:00,5.7508254993146104e-05,BTCUSDT
2025-08-30 09:00:00,0.0,BTCUSDT
2025-08-30 10:00:00,0.0,BTCUSDT
2025-08-30 11:00:00,0.0,BTCUSDT
2025-08-30 12:00:00,0.0,BTCUSDT
2025-08-30 13:00:00,0.0,BTCUSDT
2025-08-30 14:00:00,0.0,BTCUSDT
2025-08-30 15:00:00,0.0,BTCUSDT
2025-08-30 16:00:00,-9.668995269559426e-05,BTCUSDT
2025-08-30 17:00:00,0.0,BTCUSDT
2025-08-30 18:00:00,0.0,BTCUSDT
2025-08-30 19:00:00,0.0,BTCUSDT
2025-08-30 20:00:00,0.0,BTCUSDT
2025-08-30 21:00:00,0.0,BTCUSDT
2025-08-30 22:00:00,0.0,BTCUSDT
2025-08-30 23:00:00,0.0,BTCUSDT
2025-08-31 00:00:00,0.00034448043233010047,BTCUSDT
2025-08-31 01:00:00,0.0,BTCUSDT
2025-08-31 02:00:00,0.0,BTCUSDT
2025-08-31 03:00:00,0.0,BTCUSDT
2025-08-31 04:00:00,0.0,BTCUSDT
2025-08-31 05:00:00,0.0,BTCUSDT
2025-08-31 06:00:00,0.0,BTCUSDT
2025-08-31 07:00:00,0.0,BTCUSDT
2025-08-31 08:00:00,0.00036606870149794376,BTCUSDT
2025-08-31 09:00:00,0.0,BTCUSDT
2025-08-31 10:00:00,0.0,BTCUSDT
2025-08-31 11:00:00,0.0,BTCUSDT
2025-08-31 12:00:00,0.0,BTCUSDT
2025-08-31 13:00:00,0.0,BTCUSDT
2025-08-31 14:00:00,0.0,BTCUSDT
2025-08-31 15:00:00,0.0,BTCUSDT
2025-08-31 16:00:00,4.8958773112075086e-05,BTCUSDT
2025-08-31 17:00:00,0.0,BTCUSDT
2025-08-31 18:00:00,0.0,BTCUSDT
2025-08-31 19:00:00,0.0,BTCUSDT
2025-08-31 20:00:00,0.0,BTCUSDT
2025-08-31 21:00:00,0.0,BTCUSDT
2025-08-31 22:00:00,0.0,BTCUSDT
2025-08-31 23:00:00,0.0,BTCUSDT
2025-09-01 00:00:00,-2.4425496071277803e-05,BTCUSDT
2025-09-01 01:00:00,0.0,BTCUSDT
2025-09-01 02:00:00,0.0,BTCUSDT
2025-09-01 03:00:00,0.0,BTCUSDT
2025-09-01 04:00:00,0.0,BTCUSDT
2025-09-01 05:00:00,0.0,BTCUSDT
2025-09-01 06:00:00,0.0,BTCUSDT
2025-09-01 07:00:00,0.0,BTCUSDT
2025-09-01 08:00:00,-0.0002728539674512945,BTCUSDT
2025-09-01 09:00:00,0.0,BTCUSDT
2025-09-01 10:00:00,0.0,BTCUSDT
2025-09-01 11:00:00,0.0,BTCUSDT
2025-09-01 12:00:00,0.0,BTCUSDT
2025-09-01 13:00:00,0.0,BTCUSDT
2025-09-01 14:00:00,0.0,BTCUSDT
2025-09-01 15:00:00,0.0,BTCUSDT
2025-09-01 16:00:00,5.829871380924994e-05,BTCUSDT
2025-09-01 17:00:00,0.0,BTCUSDT
2025-09-01 18:00:00,0.0,BTCUSDT
2025-09-01 19:00:00,0.0,BTCUSDT
2025-09-01 20:00:00,0.0,BTCUSDT
2025-09-01 21:00:00,0.0,BTCUSDT
2025-09-01 22:00:00,0.0,BTCUSDT
2025-09-01 23:00:00,0.0,BTCUSDT
2025-09-02 00:00:00,0.0005089877596062053,BTCUSDT
2025-09-02 01:00:00,0.0,BTCUSDT
2025-09-02 02:00:00,0.0,BTCUSDT
2025-09-02 03:00:00,0.0,BTCUSDT
2025-09-02 04:00:00,0.0,BTCUSDT
2025-09-02 05:00:00,0.0,BTCUSDT
2025-09-02 06:00:00,0.0,BTCUSDT
2025-09-02 07:00:00,0.0,BTCUSDT
2025-09-02 08:00:00,0.0005836711507144903,BTCUSDT
2025-09-02 09:00:00,0.0,BTCUSDT
2025-09-02 10:00:00,0.0,BTCUSDT
2025-09-02 11:00:00,0.0,BTCUSDT
2025-09-02 12:00:00,0.0,BTCUSDT
2025-09-02 13:00:00,0.0,BTCUSDT
2025-09-02 14:00:00,0.0,BTCUSDT
2025-09-02 15:00:00,0.0,BTCUSDT
2025-09-02 16:00:00,0.0001429065837772832,BTCUSDT
2025-09-02 17:00:00,0.0,BTCUSDT
2025-09-02 18:00:00,0.0,BTCUSDT
2025-09-02 19:00:00,0.0,BTCUSDT
2025-09-02 20:00:00,0.0,BTCUSDT
2025-09-02 21:00:00,0.0,BTCUSDT
2025-09-02 22:00:00,0.0,BTCUSDT
2025-09-02 23:00:00,0.0,BTCUSDT
2025-09-03 00:00:00,0.00026555504287438357,BTCUSDT
2025-09-03 01:00:00,0.0,BTCUSDT
2025-09-03 02:00:00,0.0,BTCUSDT
2025-09-03 03:00:00,0.0,BTCUSDT
2025-09-03 04:00:00,0.0,BTCUSDT
2025-09-03 05:00:00,0.0,BTCUSDT
2025-09-03 06:00:00,0.0,BTCUSDT
2025-09-03 07:00:00,0.0,BTCUSDT
2025-09-03 08:00:00,0.00019910330482897912,BTCUSDT
2025-09-03 09:00:00,0.0,BTCUSDT
2025-09-03 10:00:00,0.0,BTCUSDT
2025-09-03 11:00:00,0.0,BTCUSDT
2025-09-03 12:00:00,0.0,BTCUSDT
2025-09-03 13:00:00,0.0,BTCUSDT
2025-09-03 14:00:00,0.0,BTCUSDT
2025-09-03 15:00:00,0.0,BTCUSDT
2025-09-03 16:00:00,-3.8588646029413617e-05,BTCUSDT
2025-09-03 17:00:00,0.0,BTCUSDT
2025-09-03 18:00:00,0.0,BTCUSDT
2025-09-03 19:00:00,0.0,BTCUSDT
2025-09-03 20:00:00,0.0,BTCUSDT
2025-09-03 21:00:00,0.0,BTCUSDT
2025-09-03 22:00:00,0.0,BTCUSDT
2025-09-03 23:00:00,0.0,BTCUSDT
2025-09-04 00:00:00,0.0003406425564584571,BTCUSDT
2025-09-04 01:00:00,0.0,BTCUSDT
2025-09-04 02:00:00,0.0,BTCUSDT
2025-09-04 03:00:00,0.0,BTCUSDT
2025-09-04 04:00:00,0.0,BTCUSDT
2025-09-04 05:00:00,0.0,BTCUSDT
2025-09-04 06:00:00,0.0,BTCUSDT
2025-09-04 07:00:00,0.0,BTCUSDT
2025-09-04 08:00:00,0.00015548422224746864,BTCUSDT
2025-09-04 09:00:00,0.0,BTCUSDT
2025-09-04 10:00:00,0.0,BTCUSDT
2025-09-04 11:00:00,0.0,BTCUSDT
2025-09-04 12:00:00,0.0,BTCUSDT
2025-09-04 13:00:00,0.0,BTCUSDT
2025-09-04 14:00:00,0.0,BTCUSDT
2025-09-04 15:00:00,0.0,BTCUSDT
2025-09-04 16:00:00,-0.00020368439720185787,BTCUSDT
2025-09-04 17:00:00,0.0,BTCUSDT
2025-09-04 18:00:00,0.0,BTCUSDT
2025-09-04 19:00:00,0.0,BTCUSDT
2025-09-04 20:00:00,0.0,BTCUSDT
2025-09-04 21:00:00,0.0,BTCUSDT
2025-09-04 22:00:00,0.0,BTCUSDT
2025-09-04 23:00:00,0.0,BTCUSDT
2025-09-05 00:00:00,0.0004179126665725155,BTCUSDT
2025-09-05 01:00:00,0.0,BTCUSDT
2025-09-05 02:00:00,0.0,BTCUSDT
2025-09-05 03:00:00,0.0,BTCUSDT
2025-09-05 04:00:00,0.0,BTCUSDT
2025-09-05 05:00:00,0.0,BTCUSDT
2025-09-05 06:00:00,0.0,BTCUSDT
2025-09-05 07:00:00,0.0,BTCUSDT
2025-09-05 08:00:00,0.0002752425158643327,BTCUSDT
2025-09-05 09:00:00,0.0,BTCUSDT
2025-09-05 10:00:00,0.0,BTCUSDT
2025-09-05 11:00:00,0.0,BTCUSDT
2025-09-05 12:00:00,0.0,BTCUSDT
2025-09-05 13:00:00,0.0,BTCUSDT
2025-09-05 14:00:00,0.0,BTCUSDT
2025-09-05 15:00:00,0.0,BTCUSDT
2025-09-05 16:00:00,0.0001718971879547716,BTCUSDT
2025-09-05 17:00:00,0.0,BTCUSDT
2025-09-05 18:00:00,0.0,BTCUSDT
2025-09-05 19:00:00,0.0,BTCUSDT
2025-09-05 20:00:00,0.0,BTCUSDT
2025-09-05 21:00:00,0.0,BTCUSDT
2025-09-05 22:00:00,0.0,BTCUSDT
2025-09-05 23:00:00,0.0,BTCUSDT
2025-09-06 00:00:00,0.00018601783123435047,BTCUSDT
2025-09-06 01:00:00,0.0,BTCUSDT
2025-09-06 02:00:00,0.0,BTCUSDT
2025-09-06 03:00:00,0.0,BTCUSDT
2025-09-06 04:00:00,0.0,BTCUSDT
2025-09-06 05:00:00,0.0,BTCUSDT
2025-09-06 06:00:00,0.0,BTCUSDT
2025-09-06 07:00:00,0.0,BTCUSDT
2025-09-06 08:00:00,0.00019460905456760024,BTCUSDT
2025-09-06 09:00:00,0.0,BTCUSDT
2025-09-06 10:00:00,0.0,BTCUSDT
2025-09-06 11:00:00,0.0,BTCUSDT
2025-09-06 12:00:00,0.0,BTCUSDT
2025-09-06 13:00:00,0.0,BTCUSDT
2025-09-06 14:00:00,0.0,BTCUSDT
2025-09-06 15:00:00,0.0,BTCUSDT
2025-09-06 16:00:00,0.00010618961765356604,BTCUSDT
2025-09-06 17:00:00,0.0,BTCUSDT
2025-09-06 18:00:00,0.0,BTCUSDT
2025-09-06 19:00:00,0.0,BTCUSDT
2025-09-06 20:00:00,0.0,BTCUSDT
2025-09-06 21:00:00,0.0,BTCUSDT
2025-09-06 22:00:00,0.0,BTCUSDT
2025-09-06 23:00:00,0.0,BTCUSDT
2025-09-07 00:00:00,-3.8899682049610225e-05,BTCUSDT
2025-09-07 01:00:00,0.0,BTCUSDT
2025-09-07 02:00:00,0.0,BTCUSDT
2025-09-07 03:00:00,0.0,BTCUSDT
2025-09-07 04:00:00,0.0,BTCUSDT
2025-09-07 05:00:00,0.0,BTCUSDT
2025-09-07 06:00:00,0.0,BTCUSDT
2025-09-07 07:00:00,0.0,BTCUSDT
2025-09-07 08:00:00,-0.0003671907237602872,BTCUSDT
2025-09-07 09:00:00,0.0,BTCUSDT
2025-09-07 10:00:00,0.0,BTCUSDT
2025-09-07 11:00:00,0.0,BTCUSDT
2025-09-07 12:00:00,0.0,BTCUSDT
2025-09-07 13:00:00,0.0,BTCUSDT
2025-09-07 14:00:00,0.0,BTCUSDT
2025-09-07 15:00:00,0.0,BTCUSDT
2025-09-07 16:00:00,0.0003423279251298334,BTCUSDT
2025-09-07 17:00:00,0.0,BTCUSDT
2025-09-07 18:00:00,0.0,BTCUSDT
2025-09-07 19:00:00,0.0,BTCUSDT
2025-09-07 20:00:00,0.0,BTCUSDT
2025-09-07 21:00:00,0.0,BTCUSDT
2025-09-07 22:00:00,0.0,BTCUSDT
2025-09-07 23:00:00,0.0,BTCUSDT
2025-09-08 00:00:00,0.0002090516966052239,BTCUSDT
2025-09-08 01:00:00,0.0,BTCUSDT
2025-09-08 02:00:00,0.0,BTCUSDT
2025-09-08 03:00:00,0.0,BTCUSDT
2025-09-08 04:00:00,0.0,BTCUSDT
2025-09-08 05:00:00,0.0,BTCUSDT
2025-09-08 06:00:00,0.0,BTCUSDT
2025-09-08 07:00:00,0.0,BTCUSDT
2025-09-08 08:00:00,0.00010384068419310946,BTCUSDT
2025-09-08 09:00:00,0.0,BTCUSDT
2025-09-08 10:00:00,0.0,BTCUSDT
2025-09-08 11:00:00,0.0,BTCUSDT
2025-09-08 12:00:00,0.0,BTCUSDT
2025-09-08 13:00:00,0.0,BTCUSDT
2025-09-08 14:00:00,0.0,BTCUSDT
2025-09-08 15:00:00,0.0,BTCUSDT
2025-09-08 16:00:00,6.0014015376316646e-05,BTCUSDT
2025-09-08 17:00:00,0.0,BTCUSDT
2025-09-08 18:00:00,0.0,BTCUSDT
2025-09-08 19:00:00,0.0,BTCUSDT
2025-09-08 20:00:00,0.0,BTCUSDT
2025-09-08 21:00:00,0.0,BTCUSDT
2025-09-08 22:00:00,0.0,BTCUSDT
2025-09-08 23:00:00,0.0,BTCUSDT
2025-09-09 00:00:00,-4.591458664407812e-05,BTCUSDT
2025-09-09 01:00:00,0.0,BTCUSDT
2025-09-09 02:00:00,0.0,BTCUSDT
2025-09-09 03:00:00,0.0,BTCUSDT
2025-09-09 04:00:00,0.0,BTCUSDT
2025-09-09 05:00:00,0.0,BTCUSDT
2025-09-09 06:00:00,0.0,BTCUSDT
2025-09-09 07:00:00,0.0,BTCUSDT
2025-09-09 08:00:00,-0.0002723026721318401,BTCUSDT
2025-09-09 09:00:00,0.0,BTCUSDT
2025-09-09 10:00:00,0.0,BTCUSDT
2025-09-09 11:00:00,0.0,BTCUSDT
2025-09-09 12:00:00,0.0,BTCUSDT
2025-09-09 13:00:00,0.0,BTCUSDT
2025-09-09 14:00:00,0.0,BTCUSDT
2025-09-09 15:00:00,0.0,BTCUSDT
2025-09-09 16:00:00,0.0003713456981424242,BTCUSDT
2025-09-09 17:00:00,0.0,BTCUSDT
2025-09-09 18:00:00,0.0,BTCUSDT
2025-09-09 19:00:00,0.0,BTCUSDT
2025-09-09 20:00:00,0.0,BTCUSDT
2025-09-09 21:00:00,0.0,BTCUSDT
2025-09-09 22:00:00,0.0,BTCUSDT
2025-09-09 23:00:00,0.0,BTCUSDT
2025-09-10 00:00:00,0.00020083091019005558,BTCUSDT
2025-09-10 01:00:00,0.0,BTCUSDT
2025-09-10 02:00:00,0.0,BTCUSDT
2025-09-10 03:00:00,0.0,BTCUSDT
2025-09-10 04:00:00,0.0,BTCUSDT
2025-09-10 05:00:00,0.0,BTCUSDT
2025-09-10 06:00:00,0.0,BTCUSDT
2025-09-10 07:00:00,0.0,BTCUSDT
2025-09-10 08:00:00,9.388138715384889e-05,BTCUSDT
2025-09-10 09:00:00,0.0,BTCUSDT
2025-09-10 10:00:00,0.0,BTCUSDT
2025-09-10 11:00:00,0.0,BTCUSDT
2025-09-10 12:00:00,0.0,BTCUSDT
2025-09-10 13:00:00,0.0,BTCUSDT
2025-09-10 14:00:00,0.0,BTCUSDT
2025-09-10 15:00:00,0.0,BTCUSDT
2025-09-10 16:00:00,0.0003567478867402816,BTCUSDT
2025-09-10 17:00:00,0.0,BTCUSDT
2025-09-10 18:00:00,0.0,BTCUSDT
2025-09-10 19:00:00,0.0,BTCUSDT
2025-09-10 20:00:00,0.0,BTCUSDT
2025-09-10 21:00:00,0.0,BTCUSDT
2025-09-10 22:00:00,0.0,BTCUSDT
2025-09-10 23:00:00,0.0,BTCUSDT
2025-09-11 00:00:00,6.663206646121585e-05,BTCUSDT
2025-09-11 01:00:00,0.0,BTCUSDT
2025-09-11 02:00:00,0.0,BTCUSDT
2025-09-11 03:00:00,0.0,BTCUSDT
2025-09-11 04:00:00,0.0,BTCUSDT
2025-09-11 05:00:00,0.0,BTCUSDT
2025-09-11 06:00:00,0.0,BTCUSDT
2025-09-11 07:00:00,0.0,BTCUSDT
2025-09-11 08:00:00,0.0002844346913014173,BTCUSDT
2025-09-11 09:00:00,0.0,BTCUSDT
2025-09-11 10:00:00,0.0,BTCUSDT
2025-09-11 11:00:00,0.0,BTCUSDT
2025-09-11 12:00:00,0.0,BTCUSDT
2025-09-11 13:00:00,0.0,BTCUSDT
2025-09-11 14:00:00,0.0,BTCUSDT
2025-09-11 15:00:00,0.0,BTCUSDT
2025-09-11 16:00:00,0.0001178721477192479,BTCUSDT
2025-09-11 17:00:00,0.0,BTCUSDT
2025-09-11 18:00:00,0.0,BTCUSDT
2025-09-11 19:00:00,0.0,BTCUSDT
2025-09-11 20:00:00,0.0,BTCUSDT
2025-09-11 21:00:00,0.0,BTCUSDT
2025-09-11 22:00:00,0.0,BTCUSDT
2025-09-11 23:00:00,0.0,BTCUSDT
2025-09-12 00:00:00,0.00013320376957491446,BTCUSDT
2025-09-12 01:00:00,0.0,BTCUSDT
2025-09-12 02:00:00,0.0,BTCUSDT
2025-09-12 03:00:00,0.0,BTCUSDT
2025-09-12 04:00:00,0.0,BTCUSDT
2025-09-12 05:00:00,0.0,BTCUSDT
2025-09-12 06:00:00,0.0,BTCUSDT
2025-09-12 07:00:00,0.0,BTCUSDT
2025-09-12 08:00:00,0.0003602259704357145,BTCUSDT
2025-09-12 09:00:00,0.0,BTCUSDT
2025-09-12 10:00:00,0.0,BTCUSDT
2025-09-12 11:00:00,0.0,BTCUSDT
2025-09-12 12:00:00,0.0,BTCUSDT
2025-09-12 13:00:00,0.0,BTCUSDT
2025-09-12 14:00:00,0.0,BTCUSDT
2025-09-12 15:00:00,0.0,BTCUSDT
2025-09-12 16:00:00,0.0002443842504816744,BTCUSDT
2025-09-12 17:00:00,0.0,BTCUSDT
2025-09-12 18:00:00,0.0,BTCUSDT
2025-09-12 19:00:00,0.0,BTCUSDT
2025-09-12 20:00:00,0.0,BTCUSDT
2025-09-12 21:00:00,0.0,BTCUSDT
2025-09-12 22:00:00,0.0,BTCUSDT
2025-09-12 23:00:00,0.0,BTCUSDT
2025-09-13 00:00:00,-0.00019294133632351339,BTCUSDT
2025-09-13 01:00:00,0.0,BTCUSDT
2025-09-13 02:00:00,0.0,BTCUSDT
2025-09-13 03:00:00,0.0,BTCUSDT
2025-09-13 04:00:00,0.0,BTCUSDT
2025-09-13 05:00:00,0.0,BTCUSDT
2025-09-13 06:00:00,0.0,BTCUSDT
2025-09-13 07:00:00,0.0,BTCUSDT
2025-09-13 08:00:00,0.0007280845820204475,BTCUSDT
2025-09-13 09:00:00,0.0,BTCUSDT
2025-09-13 10:00:00,0.0,BTCUSDT
2025-09-13 11:00:00,0.0,BTCUSDT
2025-09-13 12:00:00,0.0,BTCUSDT
2025-09-13 13:00:00,0.0,BTCUSDT
2025-09-13 14:00:00,0.0,BTCUSDT
2025-09-13 15:00:00,0.0,BTCUSDT
2025-09-13 16:00:00,7.22407198108928e-05,BTCUSDT
2025-09-13 17:00:00,0.0,BTCUSDT
2025-09-13 18:00:00,0.0,BTCUSDT
2025-09-13 19:00:00,0.0,BTCUSDT
2025-09-13 20:00:00,0.0,BTCUSDT
2025-09-13 21:00:00,0.0,BTCUSDT
2025-09-13 22:00:00,0.0,BTCUSDT
2025-09-13 23:00:00,0.0,BTCUSDT
2025-09-14 00:00:00,-0.00023198111250103656,BTCUSDT
2025-09-14 01:00:00,0.0,BTCUSDT
2025-09-14 02:00:00,0.0,BTCUSDT
2025-09-14 03:00:00,0.0,BTCUSDT
2025-09-14 04:00:00,0.0,BTCUSDT
2025-09-14 05:00:00,0.0,BTCUSDT
2025-09-14 06:00:00,0.0,BTCUSDT
2025-09-14 07:00:00,0.0,BTCUSDT
2025-09-14 08:00:00,0.00014122707592452077,BTCUSDT
2025-09-14 09:00:00,0.0,BTCUSDT
2025-09-14 10:00:00,0.0,BTCUSDT
2025-09-14 11:00:00,0.0,BTCUSDT
2025-09-14 12:00:00,0.0,BTCUSDT
2025-09-14 13:00:00,0.0,BTCUSDT
2025-09-14 14:00:00,0.0,BTCUSDT
2025-09-14 15:00:00,0.0,BTCUSDT
2025-09-14 16:00:00,9.174384532152585e-05,BTCUSDT
2025-09-14 17:00:00,0.0,BTCUSDT
2025-09-14 18:00:00,0.0,BTCUSDT
2025-09-14 19:00:00,0.0,BTCUSDT
2025-09-14 20:00:00,0.0,BTCUSDT
2025-09-14 21:00:00,0.0,BTCUSDT
2025-09-14 22:00:00,0.0,BTCUSDT
2025-09-14 23:00:00,0.0,BTCUSDT
2025-09-15 00:00:00,0.0002400994126316327,BTCUSDT
2025-09-15 01:00:00,0.0,BTCUSDT
2025-09-15 02:00:00,0.0,BTCUSDT
2025-09-15 03:00:00,0.0,BTCUSDT
2025-09-15 04:00:00,0.0,BTCUSDT
2025-09-15 05:00:00,0.0,BTCUSDT
2025-09-15 06:00:00,0.0,BTCUSDT
2025-09-15 07:00:00,0.0,BTCUSDT
2025-09-15 08:00:00,0.00022578782193929475,BTCUSDT
2025-09-15 09:00:00,0.0,BTCUSDT
2025-09-15 10:00:00,0.0,BTCUSDT
2025-09-15 11:00:00,0.0,BTCUSDT
2025-09-15 12:00:00,0.0,BTCUSDT
2025-09-15 13:00:00,0.0,BTCUSDT
2025-09-15 14:00:00,0.0,BTCUSDT
2025-09-15 15:00:00,0.0,BTCUSDT
2025-09-15 16:00:00,0.00016232685976148498,BTCUSDT
2025-09-15 17:00:00,0.0,BTCUSDT
2025-09-15 18:00:00,0.0,BTCUSDT
2025-09-15 19:00:00,0.0,BTCUSDT
2025-09-15 20:00:00,0.0,BTCUSDT
2025-09-15 21:00:00,0.0,BTCUSDT
2025-09-15 22:00:00,0.0,BTCUSDT
2025-09-15 23:00:00,0.0,BTCUSDT
2025-09-16 00:00:00,-9.19945038288082e-05,BTCUSDT
2025-09-16 01:00:00,0.0,BTCUSDT
2025-09-16 02:00:00,0.0,BTCUSDT
2025-09-16 03:00:00,0.0,BTCUSDT
2025-09-16 04:00:00,0.0,BTCUSDT
2025-09-16 05:00:00,0.0,BTCUSDT
2025-09-16 06:00:00,0.0,BTCUSDT
2025-09-16 07:00:00,0.0,BTCUSDT
2025-09-16 08:00:00,-0.00023079191192326292,BTCUSDT
2025-09-16 09:00:00,0.0,BTCUSDT
2025-09-16 10:00:00,0.0,BTCUSDT
2025-09-16 11:00:00,0.0,BTCUSDT
2025-09-16 12:00:00,0.0,BTCUSDT
2025-09-16 13:00:00,0.0,BTCUSDT
2025-09-16 14:00:00,0.0,BTCUSDT
2025-09-16 15:00:00,0.0,BTCUSDT
2025-09-16 16:00:00,0.00014245992353209533,BTCUSDT
2025-09-16 17:00:00,0.0,BTCUSDT
2025-09-16 18:00:00,0.0,BTCUSDT
2025-09-16 19:00:00,0.0,BTCUSDT
2025-09-16 20:00:00,0.0,BTCUSDT
2025-09-16 21:00:00,0.0,BTCUSDT
2025-09-16 22:00:00,0.0,BTCUSDT
2025-09-16 23:00:00,0.0,BTCUSDT
2025-09-17 00:00:00,7.131535670821419e-05,BTCUSDT
2025-09-17 01:00:00,0.0,BTCUSDT
2025-09-17 02:00:00,0.0,BTCUSDT
2025-09-17 03:00:00,0.0,BTCUSDT
2025-09-17 04:00:00,0.0,BTCUSDT
2025-09-17 05:00:00,0.0,BTCUSDT
2025-09-17 06:00:00,0.0,BTCUSDT
2025-09-17 07:00:00,0.0,BTCUSDT
2025-09-17 08:00:00,-0.00015260707071541326,BTCUSDT
2025-09-17 09:00:00,0.0,BTCUSDT
2025-09-17 10:00:00,0.0,BTCUSDT
2025-09-17 11:00:00,0.0,BTCUSDT
2025-09-17 12:00:00,0.0,BTCUSDT
2025-09-17 13:00:00,0.0,BTCUSDT
2025-09-17 14:00:00,0.0,BTCUSDT
2025-09-17 15:00:00,0.0,BTCUSDT
2025-09-17 16:00:00,-3.761642531606363e-05,BTCUSDT
2025-09-17 17:00:00,0.0,BTCUSDT
2025-09-17 18:00:00,0.0,BTCUSDT
2025-09-17 19:00:00,0.0,BTCUSDT
2025-09-17 20:00:00,0.0,BTCUSDT
2025-09-17 21:00:00,0.0,BTCUSDT
2025-09-17 22:00:00,0.0,BTCUSDT
2025-09-17 23:00:00,0.0,BTCUSDT
2025-09-18 00:00:00,0.00020004767013964795,BTCUSDT
2025-09-18 01:00:00,0.0,BTCUSDT
2025-09-18 02:00:00,0.0,BTCUSDT
2025-09-18 03:00:00,0.0,BTCUSDT
2025-09-18 04:00:00,0.0,BTCUSDT
2025-09-18 05:00:00,0.0,BTCUSDT
2025-09-18 06:00:00,0.0,BTCUSDT
2025-09-18 07:00:00,0.0,BTCUSDT
2025-09-18 08:00:00,0.00021140592449756063,BTCUSDT
2025-09-18 09:00:00,0.0,BTCUSDT
2025-09-18 10:00:00,0.0,BTCUSDT
2025-09-18 11:00:00,0.0,BTCUSDT
2025-09-18 12:00:00,0.0,BTCUSDT
2025-09-18 13:00:00,0.0,BTCUSDT
2025-09-18 14:00:00,0.0,BTCUSDT
2025-09-18 15:00:00,0.0,BTCUSDT
2025-09-18 16:00:00,1.9107542415179265e-05,BTCUSDT
2025-09-18 17:00:00,0.0,BTCUSDT
2025-09-18 18:00:00,0.0,BTCUSDT
2025-09-18 19:00:00,0.0,BTCUSDT
2025-09-18 20:00:00,0.0,BTCUSDT
2025-09-18 21:00:00,0.0,BTCUSDT
2025-09-18 22:00:00,0.0,BTCUSDT
2025-09-18 23:00:00,0.0,BTCUSDT
2025-09-19 00:00:00,0.00030800534397253755,BTCUSDT
2025-09-19 01:00:00,0.0,BTCUSDT
2025-09-19 02:00:00,0.0,BTCUSDT
2025-09-19 03:00:00,0.0,BTCUSDT
2025-09-19 04:00:00,0.0,BTCUSDT
2025-09-19 05:00:00,0.0,BTCUSDT
2025-09-19 06:00:00,0.0,BTCUSDT
2025-09-19 07:00:00,0.0,BTCUSDT
2025-09-19 08:00:00,1.6025167543128456e-05,BTCUSDT
2025-09-19 09:00:00,0.0,BTCUSDT
2025-09-19 10:00:00,0.0,BTCUSDT
2025-09-19 11:00:00,0.0,BTCUSDT
2025-09-19 12:00:00,0.0,BTCUSDT
2025-09-19 13:00:00,0.0,BTCUSDT
2025-09-19 14:00:00,0.0,BTCUSDT
2025-09-19 15:00:00,0.0,BTCUSDT
2025-09-19 16:00:00,0.00014158593839233487,BTCUSDT
2025-09-19 17:00:00,0.0,BTCUSDT
2025-09-19 18:00:00,0.0,BTCUSDT
2025-09-19 19:00:00,0.0,BTCUSDT
2025-09-19 20:00:00,0.0,BTCUSDT
2025-09-19 21:00:00,0.0,BTCUSDT
2025-09-19 22:00:00,0.0,BTCUSDT
2025-09-19 23:00:00,0.0,BTCUSDT
2025-09-20 00:00:00,0.00031647574226468855,BTCUSDT
2025-09-20 01:00:00,0.0,BTCUSDT
2025-09-20 02:00:00,0.0,BTCUSDT
2025-09-20 03:00:00,0.0,BTCUSDT
2025-09-20 04:00:00,0.0,BTCUSDT
2025-09-20 05:00:00,0.0,BTCUSDT
2025-09-20 06:00:00,0.0,BTCUSDT
2025-09-20 07:00:00,0.0,BTCUSDT
2025-09-20 08:00:00,5.5138634411270824e-05,BTCUSDT
2025-09-20 09:00:00,0.0,BTCUSDT
2025-09-20 10:00:00,0.0,BTCUSDT
2025-09-20 11:00:00,0.0,BTCUSDT
2025-09-20 12:00:00,0.0,BTCUSDT
2025-09-20 13:00:00,0.0,BTCUSDT
2025-09-20 14:00:00,0.0,BTCUSDT
2025-09-20 15:00:00,0.0,BTCUSDT
2025-09-20 16:00:00,-1.1025031160722423e-05,BTCUSDT
2025-09-20 17:00:00,0.0,BTCUSDT
2025-09-20 18:00:00,0.0,BTCUSDT
2025-09-20 19:00:00,0.0,BTCUSDT
2025-09-20 20:00:00,0.0,BTCUSDT
2025-09-20 21:00:00,0.0,BTCUSDT
2025-09-20 22:00:00,0.0,BTCUSDT
2025-09-20 23:00:00,0.0,BTCUSDT
2025-09-21 00:00:00,8.077114241510211e-05,BTCUSDT
2025-09-21 01:00:00,0.0,BTCUSDT
2025-09-21 02:00:00,0.0,BTCUSDT
2025-09-21 03:00:00,0.0,BTCUSDT
2025-09-21 04:00:00,0.0,BTCUSDT
2025-09-21 05:00:00,0.0,BTCUSDT
2025-09-21 06:00:00,0.0,BTCUSDT
2025-09-21 07:00:00,0.0,BTCUSDT
2025-09-21 08:00:00,0.00022024735763033466,BTCUSDT
2025-09-21 09:00:00,0.0,BTCUSDT
2025-09-21 10:00:00,0.0,BTCUSDT
2025-09-21 11:00:00,0.0,BTCUSDT
2025-09-21 12:00:00,0.0,BTCUSDT
2025-09-21 13:00:00,0.0,BTCUSDT
2025-09-21 14:00:00,0.0,BTCUSDT
2025-09-21 15:00:00,0.0,BTCUSDT
2025-09-21 16:00:00,3.596609835585485e-05,BTCUSDT
2025-09-21 17:00:00,0.0,BTCUSDT
2025-09-21 18:00:00,0.0,BTCUSDT
2025-09-21 19:00:00,0.0,BTCUSDT
2025-09-21 20:00:00,0.0,BTCUSDT
2025-09-21 21:00:00,0.0,BTCUSDT
2025-09-21 22:00:00,0.0,BTCUSDT
2025-09-21 23:00:00,0.0,BTCUSDT
2025-09-22 00:00:00,-0.00010601901529789797,BTCUSDT
2025-09-22 01:00:00,0.0,BTCUSDT
2025-09-22 02:00:00,0.0,BTCUSDT
2025-09-22 03:00:00,0.0,BTCUSDT
2025-09-22 04:00:00,0.0,BTCUSDT
2025-09-22 05:00:00,0.0,BTCUSDT
2025-09-22 06:00:00,0.0,BTCUSDT
2025-09-22 07:00:00,0.0,BTCUSDT
2025-09-22 08:00:00,4.820823304649733e-05,BTCUSDT
2025-09-22 09:00:00,0.0,BTCUSDT
2025-09-22 10:00:00,0.0,BTCUSDT
2025-09-22 11:00:00,0.0,BTCUSDT
2025-09-22 12:00:00,0.0,BTCUSDT
2025-09-22 13:00:00,0.0,BTCUSDT
2025-09-22 14:00:00,0.0,BTCUSDT
2025-09-22 15:00:00,0.0,BTCUSDT
2025-09-22 16:00:00,-7.4812757807627604e-06,BTCUSDT
2025-09-22 17:00:00,0.0,BTCUSDT
2025-09-22 18:00:00,0.0,BTCUSDT
2025-09-22 19:00:00,0.0,BTCUSDT
2025-09-22 20:00:00,0.0,BTCUSDT
2025-09-22 21:00:00,0.0,BTCUSDT
2025-09-22 22:00:00,0.0,BTCUSDT
2025-09-22 23:00:00,0.0,BTCUSDT
2025-09-23 00:00:00,-5.690199580078153e-06,BTCUSDT
2025-09-23 01:00:00,0.0,BTCUSDT
2025-09-23 02:00:00,0.0,BTCUSDT
2025-09-23 03:00:00,0.0,BTCUSDT
2025-09-23 04:00:00,0.0,BTCUSDT
2025-09-23 05:00:00,0.0,BTCUSDT
2025-09-23 06:00:00,0.0,BTCUSDT
2025-09-23 07:00:00,0.0,BTCUSDT
2025-09-23 08:00:00,-0.0001578764178206786,BTCUSDT
2025-09-23 09:00:00,0.0,BTCUSDT
2025-09-23 10:00:00,0.0,BTCUSDT
2025-09-23 11:00:00,0.0,BTCUSDT
2025-09-23 12:00:00,0.0,BTCUSDT
2025-09-23 13:00:00,0.0,BTCUSDT
2025-09-23 14:00:00,0.0,BTCUSDT
2025-09-23 15:00:00,0.0,BTCUSDT
2025-09-23 16:00:00,-6.795948146974018e-05,BTCUSDT
2025-09-23 17:00:00,0.0,BTCUSDT
2025-09-23 18:00:00,0.0,BTCUSDT
2025-09-23 19:00:00,0.0,BTCUSDT
2025-09-23 20:00:00,0.0,BTCUSDT
2025-09-23 21:00:00,0.0,BTCUSDT
2025-09-23 22:00:00,0.0,BTCUSDT
2025-09-23 23:00:00,0.0,BTCUSDT
2025-09-24 00:00:00,0.00024337590696389032,BTCUSDT
2025-09-24 01:00:00,0.0,BTCUSDT
2025-09-24 02:00:00,0.0,BTCUSDT
2025-09-24 03:00:00,0.0,BTCUSDT
2025-09-24 04:00:00,0.0,BTCUSDT
2025-09-24 05:00:00,0.0,BTCUSDT
2025-09-24 06:00:00,0.0,BTCUSDT
2025-09-24 07:00:00,0.0,BTCUSDT
2025-09-24 08:00:00,0.00012518476409709102,BTCUSDT
2025-09-24 09:00:00,0.0,BTCUSDT
2025-09-24 10:00:00,0.0,BTCUSDT
2025-09-24 11:00:00,0.0,BTCUSDT
2025-09-24 12:00:00,0.0,BTCUSDT
2025-09-24 13:00:00,0.0,BTCUSDT
2025-09-24 14:00:00,0.0,BTCUSDT
2025-09-24 15:00:00,0.0,BTCUSDT
2025-09-24 16:00:00,4.376119756051414e-05,BTCUSDT
2025-09-24 17:00:00,0.0,BTCUSDT
2025-09-24 18:00:00,0.0,BTCUSDT
2025-09-24 19:00:00,0.0,BTCUSDT
2025-09-24 20:00:00,0.0,BTCUSDT
2025-09-24 21:00:00,0.0,BTCUSDT
2025-09-24 22:00:00,0.0,BTCUSDT
2025-09-24 23:00:00,0.0,BTCUSDT
2025-09-25 00:00:00,0.00012263200227855664,BTCUSDT
2025-09-25 01:00:00,0.0,BTCUSDT
2025-09-25 02:00:00,0.0,BTCUSDT
2025-09-25 03:00:00,0.0,BTCUSDT
2025-09-25 04:00:00,0.0,BTCUSDT
2025-09-25 05:00:00,0.0,BTCUSDT
2025-09-25 06:00:00,0.0,BTCUSDT
2025-09-25 07:00:00,0.0,BTCUSDT
2025-09-25 08:00:00,0.00029190161140466595,BTCUSDT
2025-09-25 09:00:00,0.0,BTCUSDT
2025-09-25 10:00:00,0.0,BTCUSDT
2025-09-25 11:00:00,0.0,BTCUSDT
2025-09-25 12:00:00,0.0,BTCUSDT
2025-09-25 13:00:00,0.0,BTCUSDT
2025-09-25 14:00:00,0.0,BTCUSDT
2025-09-25 15:00:00,0.0,BTCUSDT
2025-09-25 16:00:00,0.000640173293909919,BTCUSDT
2025-09-25 17:00:00,0.0,BTCUSDT
2025-09-25 18:00:00,0.0,BTCUSDT
2025-09-25 19:00:00,0.0,BTCUSDT
2025-09-25 20:00:00,0.0,BTCUSDT
2025-09-25 21:00:00,0.0,BTCUSDT
2025-09-25 22:00:00,0.0,BTCUSDT
2025-09-25 23:00:00,0.0,BTCUSDT
2025-09-26 00:00:00,-7.685520727208351e-05,BTCUSDT
2025-09-26 01:00:00,0.0,BTCUSDT
2025-09-26 02:00:00,0.0,BTCUSDT
2025-09-26 03:00:00,0.0,BTCUSDT
2025-09-26 04:00:00,0.0,BTCUSDT
2025-09-26 05:00:00,0.0,BTCUSDT
2025-09-26 06:00:00,0.0,BTCUSDT
2025-09-26 07:00:00,0.0,BTCUSDT
2025-09-26 08:00:00,0.00016162566730730093,BTCUSDT
2025-09-26 09:00:00,0.0,BTCUSDT
2025-09-26 10:00:00,0.0,BTCUSDT
2025-09-26 11:00:00,0.0,BTCUSDT
2025-09-26 12:00:00,0.0,BTCUSDT
2025-09-26 13:00:00,0.0,BTCUSDT
2025-09-26 14:00:00,0.0,BTCUSDT
2025-09-26 15:00:00,0.0,BTCUSDT
2025-09-26 16:00:00,5.937359073531438e-05,BTCUSDT
2025-09-26 17:00:00,0.0,BTCUSDT
2025-09-26 18:00:00,0.0,BTCUSDT
2025-09-26 19:00:00,0.0,BTCUSDT
2025-09-26 20:00:00,0.0,BTCUSDT
2025-09-26 21:00:00,0.0,BTCUSDT
2025-09-26 22:00:00,0.0,BTCUSDT
2025-09-26 23:00:00,0.0,BTCUSDT
2025-09-27 00:00:00,0.00018272527554286707,BTCUSDT
2025-09-27 01:00:00,0.0,BTCUSDT
2025-09-27 02:00:00,0.0,BTCUSDT
2025-09-27 03:00:00,0.0,BTCUSDT
2025-09-27 04:00:00,0.0,BTCUSDT
2025-09-27 05:00:00,0.0,BTCUSDT
2025-09-27 06:00:00,0.0,BTCUSDT
2025-09-27 07:00:00,0.0,BTCUSDT
2025-09-27 08:00:00,6.512743271749316e-05,BTCUSDT
2025-09-27 09:00:00,0.0,BTCUSDT
2025-09-27 10:00:00,0.0,BTCUSDT
2025-09-27 11:00:00,0.0,BTCUSDT
2025-09-27 12:00:00,0.0,BTCUSDT
2025-09-27 13:00:00,0.0,BTCUSDT
2025-09-27 14:00:00,0.0,BTCUSDT
2025-09-27 15:00:00,0.0,BTCUSDT
2025-09-27 16:00:00,0.00028407923225089697,BTCUSDT
2025-09-27 17:00:00,0.0,BTCUSDT
2025-09-27 18:00:00,0.0,BTCUSDT
2025-09-27 19:00:00,0.0,BTCUSDT
2025-09-27 20:00:00,0.0,BTCUSDT
2025-09-27 21:00:00,0.0,BTCUSDT
2025-09-27 22:00:00,0.0,BTCUSDT
2025-09-27 23:00:00,0.0,BTCUSDT
2025-09-28 00:00:00,0.00016146187074726764,BTCUSDT
2025-09-28 01:00:00,0.0,BTCUSDT
2025-09-28 02:00:00,0.0,BTCUSDT
2025-09-28 03:00:00,0.0,BTCUSDT
2025-09-28 04:00:00,0.0,BTCUSDT
2025-09-28 05:00:00,0.0,BTCUSDT
2025-09-28 06:00:00,0.0,BTCUSDT
2025-09-28 07:00:00,0.0,BTCUSDT
2025-09-28 08:00:00,0.00012082667760426801,BTCUSDT
2025-09-28 09:00:00,0.0,BTCUSDT
2025-09-28 10:00:00,0.0,BTCUSDT
2025-09-28 11:00:00,0.0,BTCUSDT
2025-09-28 12:00:00,0.0,BTCUSDT
2025-09-28 13:00:00,0.0,BTCUSDT
2025-09-28 14:00:00,0.0,BTCUSDT
2025-09-28 15:00:00,0.0,BTCUSDT
2025-09-28 16:00:00,0.0001566449917221437,BTCUSDT
2025-09-28 17:00:00,0.0,BTCUSDT
2025-09-28 18:00:00,0.0,BTCUSDT
2025-09-28 19:00:00,0.0,BTCUSDT
2025-09-28 20:00:00,0.0,BTCUSDT
2025-09-28 21:00:00,0.0,BTCUSDT
2025-09-28 22:00:00,0.0,BTCUSDT
2025-09-28 23:00:00,0.0,BTCUSDT
2025-09-29 00:00:00,0.0004399485484397285,BTCUSDT
2025-09-29 01:00:00,0.0,BTCUSDT
2025-09-29 02:00:00,0.0,BTCUSDT
2025-09-29 03:00:00,0.0,BTCUSDT
2025-09-29 04:00:00,0.0,BTCUSDT
2025-09-29 05:00:00,0.0,BTCUSDT
2025-09-29 06:00:00,0.0,BTCUSDT
2025-09-29 07:00:00,0.0,BTCUSDT
2025-09-29 08:00:00,-2.597346982747505e-05,BTCUSDT
2025-09-29 09:00:00,0.0,BTCUSDT
2025-09-29 10:00:00,0.0,BTCUSDT
2025-09-29 11:00:00,0.0,BTCUSDT
2025-09-29 12:00:00,0.0,BTCUSDT
2025-09-29 13:00:00,0.0,BTCUSDT
2025-09-29 14:00:00,0.0,BTCUSDT
2025-09-29 15:00:00,0.0,BTCUSDT
2025-09-29 16:00:00,0.00021254397201641586,BTCUSDT
2025-09-29 17:00:00,0.0,BTCUSDT
2025-09-29 18:00:00,0.0,BTCUSDT
2025-09-29 19:00:00,0.0,BTCUSDT
2025-09-29 20:00:00,0.0,BTCUSDT
2025-09-29 21:00:00,0.0,BTCUSDT
2025-09-29 22:00:00,0.0,BTCUSDT
2025-09-29 23:00:00,0.0,BTCUSDT
2025-09-30 00:00:00,0.000391420365245481,BTCUSDT
2025-09-30 01:00:00,0.0,BTCUSDT
2025-09-30 02:00:00,0.0,BTCUSDT
2025-09-30 03:00:00,0.0,BTCUSDT
2025-09-30 04:00:00,0.0,BTCUSDT
2025-09-30 05:00:00,0.0,BTCUSDT
2025-09-30 06:00:00,0.0,BTCUSDT
2025-09-30 07:00:00,0.0,BTCUSDT
2025-09-30 08:00:00,0.00022724716568606483,BTCUSDT
2025-09-30 09:00:00,0.0,BTCUSDT
2025-09-30 10:00:00,0.0,BTCUSDT
2025-09-30 11:00:00,0.0,BTCUSDT
2025-09-30 12:00:00,0.0,BTCUSDT
2025-09-30 13:00:00,0.0,BTCUSDT
2025-09-30 14:00:00,0.0,BTCUSDT
2025-09-30 15:00:00,0.0,BTCUSDT
2025-09-30 16:00:00,0.00010797284149831722,BTCUSDT
2025-09-30 17:00:00,0.0,BTCUSDT
2025-09-30 18:00:00,0.0,BTCUSDT
2025-09-30 19:00:00,0.0,BTCUSDT
2025-09-30 20:00:00,0.0,BTCUSDT
2025-09-30 21:00:00,0.0,BTCUSDT
2025-09-30 22:00:00,0.0,BTCUSDT
2025-09-30 23:00:00,0.0,BTCUSDT
2025-10-01 00:00:00,-0.00020808654342485932,BTCUSDT
2025-10-01 01:00:00,0.0,BTCUSDT
2025-10-01 02:00:00,0.0,BTCUSDT
2025-10-01 03:00:00,0.0,BTCUSDT
2025-10-01 04:00:00,0.0,BTCUSDT
2025-10-01 05:00:00,0.0,BTCUSDT
2025-10-01 06:00:00,0.0,BTCUSDT
2025-10-01 07:00:00,0.0,BTCUSDT
2025-10-01 08:00:00,8.867500397267874e-06,BTCUSDT
2025-10-01 09:00:00,0.0,BTCUSDT
2025-10-01 10:00:00,0.0,BTCUSDT
2025-10-01 11:00:00,0.0,BTCUSDT
2025-10-01 12:00:00,0.0,BTCUSDT
2025-10-01 13:00:00,0.0,BTCUSDT
2025-10-01 14:00:00,0.0,BTCUSDT
2025-10-01 15:00:00,0.0,BTCUSDT
2025-10-01 16:00:00,-3.341821885977076e-06,BTCUSDT
2025-10-01 17:00:00,0.0,BTCUSDT
2025-10-01 18:00:00,0.0,BTCUSDT
2025-10-01 19:00:00,0.0,BTCUSDT
2025-10-01 20:00:00,0.0,BTCUSDT
2025-10-01 21:00:00,0.0,BTCUSDT
2025-10-01 22:00:00,0.0,BTCUSDT
2025-10-01 23:00:00,0.0,BTCUSDT
2025-10-02 00:00:00,-0.00022260336271539384,BTCUSDT
2025-10-02 01:00:00,0.0,BTCUSDT
2025-10-02 02:00:00,0.0,BTCUSDT
2025-10-02 03:00:00,0.0,BTCUSDT
2025-10-02 04:00:00,0.0,BTCUSDT
2025-10-02 05:00:00,0.0,BTCUSDT
2025-10-02 06:00:00,0.0,BTCUSDT
2025-10-02 07:00:00,0.0,BTCUSDT
2025-10-02 08:00:00,5.269334958077521e-05,BTCUSDT
2025-10-02 09:00:00,0.0,BTCUSDT
2025-10-02 10:00:00,0.0,BTCUSDT
2025-10-02 11:00:00,0.0,BTCUSDT
2025-10-02 12:00:00,0.0,BTCUSDT
2025-10-02 13:00:00,0.0,BTCUSDT
2025-10-02 14:00:00,0.0,BTCUSDT
2025-10-02 15:00:00,0.0,BTCUSDT
2025-10-02 16:00:00,0.0003314843891987652,BTCUSDT
2025-10-02 17:00:00,0.0,BTCUSDT
2025-10-02 18:00:00,0.0,BTCUSDT
2025-10-02 19:00:00,0.0,BTCUSDT
2025-10-02 20:00:00,0.0,BTCUSDT
2025-10-02 21:00:00,0.0,BTCUSDT
2025-10-02 22:00:00,0.0,BTCUSDT
2025-10-02 23:00:00,0.0,BTCUSDT
2025-10-03 00:00:00,0.0002776314643486883,BTCUSDT
2025-10-03 01:00:00,0.0,BTCUSDT
2025-10-03 02:00:00,0.0,BTCUSDT
2025-10-03 03:00:00,0.0,BTCUSDT
2025-10-03 04:00:00,0.0,BTCUSDT
2025-10-03 05:00:00,0.0,BTCUSDT
2025-10-03 06:00:00,0.0,BTCUSDT
2025-10-03 07:00:00,0.0,BTCUSDT
2025-10-03 08:00:00,0.0002687657548971249,BTCUSDT
2025-10-03 09:00:00,0.0,BTCUSDT
2025-10-03 10:00:00,0.0,BTCUSDT
2025-10-03 11:00:00,0.0,BTCUSDT
2025-10-03 12:00:00,0.0,BTCUSDT
2025-10-03 13:00:00,0.0,BTCUSDT
2025-10-03 14:00:00,0.0,BTCUSDT
2025-10-03 15:00:00,0.0,BTCUSDT
2025-10-03 16:00:00,0.00012535412022842264,BTCUSDT
2025-10-03 17:00:00,0.0,BTCUSDT
2025-10-03 18:00:00,0.0,BTCUSDT
2025-10-03 19:00:00,0.0,BTCUSDT
2025-10-03 20:00:00,0.0,BTCUSDT
2025-10-03 21:00:00,0.0,BTCUSDT
2025-10-03 22:00:00,0.0,BTCUSDT
2025-10-03 23:00:00,0.0,BTCUSDT
2025-10-04 00:00:00,7.03433724145194e-05,BTCUSDT
2025-10-04 01:00:00,0.0,BTCUSDT
2025-10-04 02:00:00,0.0,BTCUSDT
2025-10-04 03:00:00,0.0,BTCUSDT
2025-10-04 04:00:00,0.0,BTCUSDT
2025-10-04 05:00:00,0.0,BTCUSDT
2025-10-04 06:00:00,0.0,BTCUSDT
2025-10-04 07:00:00,0.0,BTCUSDT
2025-10-04 08:00:00,-6.674944814382315e-05,BTCUSDT
2025-10-04 09:00:00,0.0,BTCUSDT
2025-10-04 10:00:00,0.0,BTCUSDT
2025-10-04 11:00:00,0.0,BTCUSDT
2025-10-04 12:00:00,0.0,BTCUSDT
2025-10-04 13:00:00,0.0,BTCUSDT
2025-10-04 14:00:00,0.0,BTCUSDT
2025-10-04 15:00:00,0.0,BTCUSDT
2025-10-04 16:00:00,0.00013387549398854139,BTCUSDT
2025-10-04 17:00:00,0.0,BTCUSDT
2025-10-04 18:00:00,0.0,BTCUSDT
2025-10-04 19:00:00,0.0,BTCUSDT
2025-10-04 20:00:00,0.0,BTCUSDT
2025-10-04 21:00:00,0.0,BTCUSDT
2025-10-04 22:00:00,0.0,BTCUSDT
2025-10-04 23:00:00,0.0,BTCUSDT
2025-10-05 00:00:00,-5.3791982534958464e-05,BTCUSDT
2025-10-05 01:00:00,0.0,BTCUSDT
2025-10-05 02:00:00,0.0,BTCUSDT
2025-10-05 03:00:00,0.0,BTCUSDT
2025-10-05 04:00:00,0.0,BTCUSDT
2025-10-05 05:00:00,0.0,BTCUSDT
2025-10-05 06:00:00,0.0,BTCUSDT
2025-10-05 07:00:00,0.0,BTCUSDT
2025-10-05 08:00:00,0.00014406465833818362,BTCUSDT
2025-10-05 09:00:00,0.0,BTCUSDT
2025-10-05 10:00:00,0.0,BTCUSDT
2025-10-05 11:00:00,0.0,BTCUSDT
2025-10-05 12:00:00,0.0,BTCUSDT
2025-10-05 13:00:00,0.0,BTCUSDT
2025-10-05 14:00:00,0.0,BTCUSDT
2025-10-05 15:00:00,0.0,BTCUSDT
2025-10-05 16:00:00,0.00028719463185312354,BTCUSDT
2025-10-05 17:00:00,0.0,BTCUSDT
2025-10-05 18:00:00,0.0,BTCUSDT
2025-10-05 19:00:00,0.0,BTCUSDT
2025-10-05 20:00:00,0.0,BTCUSDT
2025-10-05 21:00:00,0.0,BTCUSDT
2025-10-05 22:00:00,0.0,BTCUSDT
2025-10-05 23:00:00,0.0,BTCUSDT
2025-10-06 00:00:00,9.107447538671158e-05,BTCUSDT
2025-10-06 01:00:00,0.0,BTCUSDT
2025-10-06 02:00:00,0.0,BTCUSDT
2025-10-06 03:00:00,0.0,BTCUSDT
2025-10-06 04:00:00,0.0,BTCUSDT
2025-10-06 05:00:00,0.0,BTCUSDT
2025-10-06 06:00:00,0.0,BTCUSDT
2025-10-06 07:00:00,0.0,BTCUSDT
2025-10-06 08:00:00,0.0001276450473003681,BTCUSDT
2025-10-06 09:00:00,0.0,BTCUSDT
2025-10-06 10:00:00,0.0,BTCUSDT
2025-10-06 11:00:00,0.0,BTCUSDT
2025-10-06 12:00:00,0.0,BTCUSDT
2025-10-06 13:00:00,0.0,BTCUSDT
2025-10-06 14:00:00,0.0,BTCUSDT
2025-10-06 15:00:00,0.0,BTCUSDT
2025-10-06 16:00:00,0.0003166784287166705,BTCUSDT
2025-10-06 17:00:00,0.0,BTCUSDT
2025-10-06 18:00:00,0.0,BTCUSDT
2025-10-06 19:00:00,0.0,BTCUSDT
2025-10-06 20:00:00,0.0,BTCUSDT
2025-10-06 21:00:00,0.0,BTCUSDT
2025-10-06 22:00:00,0.0,BTCUSDT
2025-10-06 23:00:00,0.0,BTCUSDT
2025-10-07 00:00:00,3.636385649466343e-05,BTCUSDT
2025-10-07 01:00:00,0.0,BTCUSDT
2025-10-07 02:00:00,0.0,BTCUSDT
2025-10-07 03:00:00,0.0,BTCUSDT
2025-10-07 04:00:00,0.0,BTCUSDT
2025-10-07 05:00:00,0.0,BTCUSDT
2025-10-07 06:00:00,0.0,BTCUSDT
2025-10-07 07:00:00,0.0,BTCUSDT
2025-10-07 08:00:00,0.00015323557304083607,BTCUSDT
2025-10-07 09:00:00,0.0,BTCUSDT
2025-10-07 10:00:00,0.0,BTCUSDT
2025-10-07 11:00:00,0.0,BTCUSDT
2025-10-07 12:00:00,0.0,BTCUSDT
2025-10-07 13:00:00,0.0,BTCUSDT
2025-10-07 14:00:00,0.0,BTCUSDT
2025-10-07 15:00:00,0.0,BTCUSDT
2025-10-07 16:00:00,0.0004888035300000883,BTCUSDT
2025-10-07 17:00:00,0.0,BTCUSDT
2025-10-07 18:00:00,0.0,BTCUSDT
2025-10-07 19:00:00,0.0,BTCUSDT
2025-10-07 20:00:00,0.0,BTCUSDT
2025-10-07 21:00:00,0.0,BTCUSDT
2025-10-07 22:00:00,0.0,BTCUSDT
2025-10-07 23:00:00,0.0,BTCUSDT
2025-10-08 00:00:00,-0.0001132726150769638,BTCUSDT
2025-10-08 01:00:00,0.0,BTCUSDT
2025-10-08 02:00:00,0.0,BTCUSDT
2025-10-08 03:00:00,0.0,BTCUSDT
2025-10-08 04:00:00,0.0,BTCUSDT
2025-10-08 05:00:00,0.0,BTCUSDT
2025-10-08 06:00:00,0.0,BTCUSDT
2025-10-08 07:00:00,0.0,BTCUSDT
2025-10-08 08:00:00,3.411177905503306e-05,BTCUSDT
2025-10-08 09:00:00,0.0,BTCUSDT
2025-10-08 10:00:00,0.0,BTCUSDT
2025-10-08 11:00:00,0.0,BTCUSDT
2025-10-08 12:00:00,0.0,BTCUSDT
2025-10-08 13:00:00,0.0,BTCUSDT
2025-10-08 14:00:00,0.0,BTCUSDT
2025-10-08 15:00:00,0.0,BTCUSDT
2025-10-08 16:00:00,0.00010138494420874288,BTCUSDT
2025-10-08 17:00:00,0.0,BTCUSDT
2025-10-08 18:00:00,0.0,BTCUSDT
2025-10-08 19:00:00,0.0,BTCUSDT
2025-10-08 20:00:00,0.0,BTCUSDT
2025-10-08 21:00:00,0.0,BTCUSDT
2025-10-08 22:00:00,0.0,BTCUSDT
2025-10-08 23:00:00,0.0,BTCUSDT
2025-10-09 00:00:00,-7.81970883906861e-05,BTCUSDT
2025-10-09 01:00:00,0.0,BTCUSDT
2025-10-09 02:00:00,0.0,BTCUSDT
2025-10-09 03:00:00,0.0,BTCUSDT
2025-10-09 04:00:00,0.0,BTCUSDT
2025-10-09 05:00:00,0.0,BTCUSDT
2025-10-09 06:00:00,0.0,BTCUSDT
2025-10-09 07:00:00,0.0,BTCUSDT
2025-10-09 08:00:00,0.00032439009838304496,BTCUSDT
2025-10-09 09:00:00,0.0,BTCUSDT
2025-10-09 10:00:00,0.0,BTCUSDT
2025-10-09 11:00:00,0.0,BTCUSDT
2025-10-09 12:00:00,0.0,BTCUSDT
2025-10-09 13:00:00,0.0,BTCUSDT
2025-10-09 14:00:00,0.0,BTCUSDT
2025-10-09 15:00:00,0.0,BTCUSDT
2025-10-09 16:00:00,-5.676834781693684e-05,BTCUSDT
2025-10-09 17:00:00,0.0,BTCUSDT
2025-10-09 18:00:00,0.0,BTCUSDT
2025-10-09 19:00:00,0.0,BTCUSDT
2025-10-09 20:00:00,0.0,BTCUSDT
2025-10-09 21:00:00,0.0,BTCUSDT
2025-10-09 22:00:00,0.0,BTCUSDT
2025-10-09 23:00:00,0.0,BTCUSDT
2025-10-10 00:00:00,-0.00047125508266823154,BTCUSDT
2025-10-10 01:00:00,0.0,BTCUSDT
2025-10-10 02:00:00,0.0,BTCUSDT
2025-10-10 03:00:00,0.0,BTCUSDT
2025-10-10 04:00:00,0.0,BTCUSDT
2025-10-10 05:00:00,0.0,BTCUSDT
2025-10-10 06:00:00,0.0,BTCUSDT
2025-10-10 07:00:00,0.0,BTCUSDT
2025-10-10 08:00:00,-0.00047515468552565505,BTCUSDT
2025-10-10 09:00:00,0.0,BTCUSDT
2025-10-10 10:00:00,0.0,BTCUSDT
2025-10-10 11:00:00,0.0,BTCUSDT
2025-10-10 12:00:00,0.0,BTCUSDT
2025-10-10 13:00:00,0.0,BTCUSDT
2025-10-10 14:00:00,0.0,BTCUSDT
2025-10-10 15:00:00,0.0,BTCUSDT
2025-10-10 16:00:00,-0.0002591226441284634,BTCUSDT
2025-10-10 17:00:00,0.0,BTCUSDT
2025-10-10 18:00:00,0.0,BTCUSDT
2025-10-10 19:00:00,0.0,BTCUSDT
2025-10-10 20:00:00,0.0,BTCUSDT
2025-10-10 21:00:00,0.0,BTCUSDT
2025-10-10 22:00:00,0.0,BTCUSDT
2025-10-10 23:00:00,0.0,BTCUSDT
2025-10-11 00:00:00,0.0001156155427791979,BTCUSDT
2025-10-11 01:00:00,0.0,BTCUSDT
2025-10-11 02:00:00,0.0,BTCUSDT
2025-10-11 03:00:00,0.0,BTCUSDT
2025-10-11 04:00:00,0.0,BTCUSDT
2025-10-11 05:00:00,0.0,BTCUSDT
2025-10-11 06:00:00,0.0,BTCUSDT
2025-10-11 07:00:00,0.0,BTCUSDT
2025-10-11 08:00:00,-0.0001689973337216819,BTCUSDT
2025-10-11 09:00:00,0.0,BTCUSDT
2025-10-11 10:00:00,0.0,BTCUSDT
2025-10-11 11:00:00,0.0,BTCUSDT
2025-10-11 12:00:00,0.0,BTCUSDT
2025-10-11 13:00:00,0.0,BTCUSDT
2025-10-11 14:00:00,0.0,BTCUSDT
2025-10-11 15:00:00,0.0,BTCUSDT
2025-10-11 16:00:00,-3.3028059856882454e-05,BTCUSDT
2025-10-11 17:00:00,0.0,BTCUSDT
2025-10-11 18:00:00,0.0,BTCUSDT
2025-10-11 19:00:00,0.0,BTCUSDT
2025-10-11 20:00:00,0.0,BTCUSDT
2025-10-11 21:00:00,0.0,BTCUSDT
2025-10-11 22:00:00,0.0,BTCUSDT
2025-10-11 23:00:00,0.0,BTCUSDT
2025-10-12 00:00:00,0.00014610673344226784,BTCUSDT
2025-10-12 01:00:00,0.0,BTCUSDT
2025-10-12 02:00:00,0.0,BTCUSDT
2025-10-12 03:00:00,0.0,BTCUSDT
2025-10-12 04:00:00,0.0,BTCUSDT
2025-10-12 05:00:00,0.0,BTCUSDT
2025-10-12 06:00:00,0.0,BTCUSDT
2025-10-12 07:00:00,0.0,BTCUSDT
2025-10-12 08:00:00,0.00010583038246500255,BTCUSDT
2025-10-12 09:00:00,0.0,BTCUSDT
2025-10-12 10:00:00,0.0,BTCUSDT
2025-10-12 11:00:00,0.0,BTCUSDT
2025-10-12 12:00:00,0.0,BTCUSDT
2025-10-12 13:00:00,0.0,BTCUSDT
2025-10-12 14:00:00,0.0,BTCUSDT
2025-10-12 15:00:00,0.0,BTCUSDT
2025-10-12 16:00:00,2.260303222436803e-05,BTCUSDT
2025-10-12 17:00:00,0.0,BTCUSDT
2025-10-12 18:00:00,0.0,BTCUSDT
2025-10-12 19:00:00,0.0,BTCUSDT
2025-10-12 20:00:00,0.0,BTCUSDT
2025-10-12 21:00:00,0.0,BTCUSDT
2025-10-12 22:00:00,0.0,BTCUSDT
2025-10-12 23:00:00,0.0,BTCUSDT
2025-10-13 00:00:00,6.12632679911239e-05,BTCUSDT
2025-10-13 01:00:00,0.0,BTCUSDT
2025-10-13 02:00:00,0.0,BTCUSDT
2025-10-13 03:00:00,0.0,BTCUSDT
2025-10-13 04:00:00,0.0,BTCUSDT
2025-10-13 05:00:00,0.0,BTCUSDT
2025-10-13 06:00:00,0.0,BTCUSDT
2025-10-13 07:00:00,0.0,BTCUSDT
2025-10-13 08:00:00,-0.0004020444282080826,BTCUSDT
2025-10-13 09:00:00,0.0,BTCUSDT
2025-10-13 10:00:00,0.0,BTCUSDT
2025-10-13 11:00:00,0.0,BTCUSDT
2025-10-13 12:00:00,0.0,BTCUSDT
2025-10-13 13:00:00,0.0,BTCUSDT
2025-10-13 14:00:00,0.0,BTCUSDT
2025-10-13 15:00:00,0.0,BTCUSDT
2025-10-13 16:00:00,0.00013961572340631987,BTCUSDT
2025-10-13 17:00:00,0.0,BTCUSDT
2025-10-13 18:00:00,0.0,BTCUSDT
2025-10-13 19:00:00,0.0,BTCUSDT
2025-10-13 20:00:00,0.0,BTCUSDT
2025-10-13 21:00:00,0.0,BTCUSDT
2025-10-13 22:00:00,0.0,BTCUSDT
2025-10-13 23:00:00,0.0,BTCUSDT
2025-10-14 00:00:00,-0.000385951059536509,BTCUSDT
2025-10-14 01:00:00,0.0,BTCUSDT
2025-10-14 02:00:00,0.0,BTCUSDT
2025-10-14 03:00:00,0.0,BTCUSDT
2025-10-14 04:00:00,0.0,BTCUSDT
2025-10-14 05:00:00,0.0,BTCUSDT
2025-10-14 06:00:00,0.0,BTCUSDT
2025-10-14 07:00:00,0.0,BTCUSDT
2025-10-14 08:00:00,-0.00018086328333923393,BTCUSDT
2025-10-14 09:00:00,0.0,BTCUSDT
2025-10-14 10:00:00,0.0,BTCUSDT
2025-10-14 11:00:00,0.0,BTCUSDT
2025-10-14 12:00:00,0.0,BTCUSDT
2025-10-14 13:00:00,0.0,BTCUSDT
2025-10-14 14:00:00,0.0,BTCUSDT
2025-10-14 15:00:00,0.0,BTCUSDT
2025-10-14 16:00:00,0.00024925551872208193,BTCUSDT
2025-10-14 17:00:00,0.0,BTCUSDT
2025-10-14 18:00:00,0.0,BTCUSDT
2025-10-14 19:00:00,0.0,BTCUSDT
2025-10-14 20:00:00,0.0,BTCUSDT
2025-10-14 21:00:00,0.0,BTCUSDT
2025-10-14 22:00:00,0.0,BTCUSDT
2025-10-14 23:00:00,0.0,BTCUSDT
2025-10-15 00:00:00,-7.816633602615639e-05,BTCUSDT
2025-10-15 01:00:00,0.0,BTCUSDT
2025-10-15 02:00:00,0.0,BTCUSDT
2025-10-15 03:00:00,0.0,BTCUSDT
2025-10-15 04:00:00,0.0,BTCUSDT
2025-10-15 05:00:00,0.0,BTCUSDT
2025-10-15 06:00:00,0.0,BTCUSDT
2025-10-15 07:00:00,0.0,BTCUSDT
2025-10-15 08:00:00,-5.404539662202841e-05,BTCUSDT
2025-10-15 09:00:00,0.0,BTCUSDT
2025-10-15 10:00:00,0.0,BTCUSDT
2025-10-15 11:00:00,0.0,BTCUSDT
2025-10-15 12:00:00,0.0,BTCUSDT
2025-10-15 13:00:00,0.0,BTCUSDT
2025-10-15 14:00:00,0.0,BTCUSDT
2025-10-15 15:00:00,0.0,BTCUSDT
2025-10-15 16:00:00,0.00016531919198327122,BTCUSDT
2025-10-15 17:00:00,0.0,BTCUSDT
2025-10-15 18:00:00,0.0,BTCUSDT
2025-10-15 19:00:00,0.0,BTCUSDT
2025-10-15 20:00:00,0.0,BTCUSDT
2025-10-15 21:00:00,0.0,BTCUSDT
2025-10-15 22:00:00,0.0,BTCUSDT
2025-10-15 23:00:00,0.0,BTCUSDT
2025-10-16 00:00:00,7.244282776154392e-05,BTCUSDT
2025-10-16 01:00:00,0.0,BTCUSDT
2025-10-16 02:00:00,0.0,BTCUSDT
2025-10-16 03:00:00,0.0,BTCUSDT
2025-10-16 04:00:00,0.0,BTCUSDT
2025-10-16 05:00:00,0.0,BTCUSDT
2025-10-16 06:00:00,0.0,BTCUSDT
2025-10-16 07:00:00,0.0,BTCUSDT
2025-10-16 08:00:00,-8.192643454894045e-05,BTCUSDT
2025-10-16 09:00:00,0.0,BTCUSDT
2025-10-16 10:00:00,0.0,BTCUSDT
2025-10-16 11:00:00,0.0,BTCUSDT
2025-10-16 12:00:00,0.0,BTCUSDT
2025-10-16 13:00:00,0.0,BTCUSDT
2025-10-16 14:00:00,0.0,BTCUSDT
2025-10-16 15:00:00,0.0,BTCUSDT
2025-10-16 16:00:00,0.0001280586851401088,BTCUSDT
2025-10-16 17:00:00,0.0,BTCUSDT
2025-10-16 18:00:00,0.0,BTCUSDT
2025-10-16 19:00:00,0.0,BTCUSDT
2025-10-16 20:00:00,0.0,BTCUSDT
2025-10-16 21:00:00,0.0,BTCUSDT
2025-10-16 22:00:00,0.0,BTCUSDT
2025-10-16 23:00:00,0.0,BTCUSDT
2025-10-17 00:00:00,0.00027276546883115343,BTCUSDT
2025-10-17 01:00:00,0.0,BTCUSDT
2025-10-17 02:00:00,0.0,BTCUSDT
2025-10-17 03:00:00,0.0,BTCUSDT
2025-10-17 04:00:00,0.0,BTCUSDT
2025-10-17 05:00:00,0.0,BTCUSDT
2025-10-17 06:00:00,0.0,BTCUSDT
2025-10-17 07:00:00,0.0,BTCUSDT
2025-10-17 08:00:00,-5.574790307383058e-05,BTCUSDT
2025-10-17 09:00:00,0.0,BTCUSDT
2025-10-17 10:00:00,0.0,BTCUSDT
2025-10-17 11:00:00,0.0,BTCUSDT
2025-10-17 12:00:00,0.0,BTCUSDT
2025-10-17 13:00:00,0.0,BTCUSDT
2025-10-17 14:00:00,0.0,BTCUSDT
2025-10-17 15:00:00,0.0,BTCUSDT
2025-10-17 16:00:00,0.00018660927572078934,BTCUSDT
2025-10-17 17:00:00,0.0,BTCUSDT
2025-10-17 18:00:00,0.0,BTCUSDT
2025-10-17 19:00:00,0.0,BTCUSDT
2025-10-17 20:00:00,0.0,BTCUSDT
2025-10-17 21:00:00,0.0,BTCUSDT
2025-10-17 22:00:00,0.0,BTCUSDT
2025-10-17 23:00:00,0.0,BTCUSDT
2025-10-18 00:00:00,-7.849299354313154e-05,BTCUSDT
2025-10-18 01:00:00,0.0,BTCUSDT
2025-10-18 02:00:00,0.0,BTCUSDT
2025-10-18 03:00:00,0.0,BTCUSDT
2025-10-18 04:00:00,0.0,BTCUSDT
2025-10-18 05:00:00,0.0,BTCUSDT
2025-10-18 06:00:00,0.0,BTCUSDT
2025-10-18 07:00:00,0.0,BTCUSDT
2025-10-18 08:00:00,0.00020231110570440096,BTCUSDT
2025-10-18 09:00:00,0.0,BTCUSDT
2025-10-18 10:00:00,0.0,BTCUSDT
2025-10-18 11:00:00,0.0,BTCUSDT
2025-10-18 12:00:00,0.0,BTCUSDT
2025-10-18 13:00:00,0.0,BTCUSDT
2025-10-18 14:00:00,0.0,BTCUSDT
2025-10-18 15:00:00,0.0,BTCUSDT
2025-10-18 16:00:00,0.0002474141341235344,BTCUSDT
2025-10-18 17:00:00,0.0,BTCUSDT
2025-10-18 18:00:00,0.0,BTCUSDT
2025-10-18 19:00:00,0.0,BTCUSDT
2025-10-18 20:00:00,0.0,BTCUSDT
2025-10-18 21:00:00,0.0,BTCUSDT
2025-10-18 22:00:00,0.0,BTCUSDT
2025-10-18 23:00:00,0.0,BTCUSDT
2025-10-19 00:00:00,8.234795397299175e-05,BTCUSDT
2025-10-19 01:00:00,0.0,BTCUSDT
2025-10-19 02:00:00,0.0,BTCUSDT
2025-10-19 03:00:00,0.0,BTCUSDT
2025-10-19 04:00:00,0.0,BTCUSDT
2025-10-19 05:00:00,0.0,BTCUSDT
2025-10-19 06:00:00,0.0,BTCUSDT
2025-10-19 07:00:00,0.0,BTCUSDT
2025-10-19 08:00:00,0.0004424615456733845,BTCUSDT
2025-10-19 09:00:00,0.0,BTCUSDT
2025-10-19 10:00:00,0.0,BTCUSDT
2025-10-19 11:00:00,0.0,BTCUSDT
2025-10-19 12:00:00,0.0,BTCUSDT
2025-10-19 13:00:00,0.0,BTCUSDT
2025-10-19 14:00:00,0.0,BTCUSDT
2025-10-19 15:00:00,0.0,BTCUSDT
2025-10-19 16:00:00,0.00024479940648038074,BTCUSDT
2025-10-19 17:00:00,0.0,BTCUSDT
2025-10-19 18:00:00,0.0,BTCUSDT
2025-10-19 19:00:00,0.0,BTCUSDT
2025-10-19 20:00:00,0.0,BTCUSDT
2025-10-19 21:00:00,0.0,BTCUSDT
2025-10-19 22:00:00,0.0,BTCUSDT
2025-10-19 23:00:00,0.0,BTCUSDT
2025-10-20 00:00:00,-0.0003632889713854981,BTCUSDT
2025-10-20 01:00:00,0.0,BTCUSDT
2025-10-20 02:00:00,0.0,BTCUSDT
2025-10-20 03:00:00,0.0,BTCUSDT
2025-10-20 04:00:00,0.0,BTCUSDT
2025-10-20 05:00:00,0.0,BTCUSDT
2025-10-20 06:00:00,0.0,BTCUSDT
2025-10-20 07:00:00,0.0,BTCUSDT
2025-10-20 08:00:00,-0.0001952460960618797,BTCUSDT
2025-10-20 09:00:00,0.0,BTCUSDT
2025-10-20 10:00:00,0.0,BTCUSDT
2025-10-20 11:00:00,0.0,BTCUSDT
2025-10-20 12:00:00,0.0,BTCUSDT
2025-10-20 13:00:00,0.0,BTCUSDT
2025-10-20 14:00:00,0.0,BTCUSDT
2025-10-20 15:00:00,0.0,BTCUSDT
2025-10-20 16:00:00,0.0002774617924919493,BTCUSDT
2025-10-20 17:00:00,0.0,BTCUSDT
2025-10-20 18:00:00,0.0,BTCUSDT
2025-10-20 19:00:00,0.0,BTCUSDT
2025-10-20 20:00:00,0.0,BTCUSDT
2025-10-20 21:00:00,0.0,BTCUSDT
2025-10-20 22:00:00,0.0,BTCUSDT
2025-10-20 23:00:00,0.0,BTCUSDT
2025-10-21 00:00:00,0.0004922208582582935,BTCUSDT
2025-10-21 01:00:00,0.0,BTCUSDT
2025-10-21 02:00:00,0.0,BTCUSDT
2025-10-21 03:00:00,0.0,BTCUSDT
2025-10-21 04:00:00,0.0,BTCUSDT
2025-10-21 05:00:00,0.0,BTCUSDT
2025-10-21 06:00:00,0.0,BTCUSDT
2025-10-21 07:00:00,0.0,BTCUSDT
2025-10-21 08:00:00,0.00044995330117616604,BTCUSDT
2025-10-21 09:00:00,0.0,BTCUSDT
2025-10-21 10:00:00,0.0,BTCUSDT
2025-10-21 11:00:00,0.0,BTCUSDT
2025-10-21 12:00:00,0.0,BTCUSDT
2025-10-21 13:00:00,0.0,BTCUSDT
2025-10-21 14:00:00,0.0,BTCUSDT
2025-10-21 15:00:00,0.0,BTCUSDT
2025-10-21 16:00:00,3.993637148690546e-05,BTCUSDT
2025-10-21 17:00:00,0.0,BTCUSDT
2025-10-21 18:00:00,0.0,BTCUSDT
2025-10-21 19:00:00,0.0,BTCUSDT
2025-10-21 20:00:00,0.0,BTCUSDT
2025-10-21 21:00:00,0.0,BTCUSDT
2025-10-21 22:00:00,0.0,BTCUSDT
2025-10-21 23:00:00,0.0,BTCUSDT
2025-10-22 00:00:00,0.00011021526089301567,BTCUSDT
2025-10-22 01:00:00,0.0,BTCUSDT
2025-10-22 02:00:00,0.0,BTCUSDT
2025-10-22 03:00:00,0.0,BTCUSDT
2025-10-22 04:00:00,0.0,BTCUSDT
2025-10-22 05:00:00,0.0,BTCUSDT
2025-10-22 06:00:00,0.0,BTCUSDT
2025-10-22 07:00:00,0.0,BTCUSDT
2025-10-22 08:00:00,0.00031988312035858744,BTCUSDT
2025-10-22 09:00:00,0.0,BTCUSDT
2025-10-22 10:00:00,0.0,BTCUSDT
2025-10-22 11:00:00,0.0,BTCUSDT
2025-10-22 12:00:00,0.0,BTCUSDT
2025-10-22 13:00:00,0.0,BTCUSDT
2025-10-22 14:00:00,0.0,BTCUSDT
2025-10-22 15:00:00,0.0,BTCUSDT
2025-10-22 16:00:00,-1.3360690419163526e-05,BTCUSDT
2025-10-22 17:00:00,0.0,BTCUSDT
2025-10-22 18:00:00,0.0,BTCUSDT
2025-10-22 19:00:00,0.0,BTCUSDT
2025-10-22 20:00:00,0.0,BTCUSDT
2025-10-22 21:00:00,0.0,BTCUSDT
2025-10-22 22:00:00,0.0,BTCUSDT
2025-10-22 23:00:00,0.0,BTCUSDT
2025-10-23 00:00:00,5.6406323007854135e-05,BTCUSDT
2025-10-23 01:00:00,0.0,BTCUSDT
2025-10-23 02:00:00,0.0,BTCUSDT
2025-10-23 03:00:00,0.0,BTCUSDT
2025-10-23 04:00:00,0.0,BTCUSDT
2025-10-23 05:00:00,0.0,BTCUSDT
2025-10-23 06:00:00,0.0,BTCUSDT
2025-10-23 07:00:00,0.0,BTCUSDT
2025-10-23 08:00:00,1.2076769396598784e-05,BTCUSDT
2025-10-23 09:00:00,0.0,BTCUSDT
2025-10-23 10:00:00,0.0,BTCUSDT
2025-10-23 11:00:00,0.0,BTCUSDT
2025-10-23 12:00:00,0.0,BTCUSDT
2025-10-23 13:00:00,0.0,BTCUSDT
2025-10-23 14:00:00,0.0,BTCUSDT
2025-10-23 15:00:00,0.0,BTCUSDT
2025-10-23 16:00:00,-4.407767176009432e-05,BTCUSDT
2025-10-23 17:00:00,0.0,BTCUSDT
2025-10-23 18:00:00,0.0,BTCUSDT
2025-10-23 19:00:00,0.0,BTCUSDT
2025-10-23 20:00:00,0.0,BTCUSDT
2025-10-23 21:00:00,0.0,BTCUSDT
2025-10-23 22:00:00,0.0,BTCUSDT
2025-10-23 23:00:00,0.0,BTCUSDT
2025-10-24 00:00:00,0.00032241213600663147,BTCUSDT
2025-10-24 01:00:00,0.0,BTCUSDT
2025-10-24 02:00:00,0.0,BTCUSDT
2025-10-24 03:00:00,0.0,BTCUSDT
2025-10-24 04:00:00,0.0,BTCUSDT
2025-10-24 05:00:00,0.0,BTCUSDT
2025-10-24 06:00:00,0.0,BTCUSDT
2025-10-24 07:00:00,0.0,BTCUSDT
2025-10-24 08:00:00,0.0005481224240348564,BTCUSDT
2025-10-24 09:00:00,0.0,BTCUSDT
2025-10-24 10:00:00,0.0,BTCUSDT
2025-10-24 11:00:00,0.0,BTCUSDT
2025-10-24 12:00:00,0.0,BTCUSDT
2025-10-24 13:00:00,0.0,BTCUSDT
2025-10-24 14:00:00,0.0,BTCUSDT
2025-10-24 15:00:00,0.0,BTCUSDT
2025-10-24 16:00:00,-0.00017607796934481353,BTCUSDT
2025-10-24 17:00:00,0.0,BTCUSDT
2025-10-24 18:00:00,0.0,BTCUSDT
2025-10-24 19:00:00,0.0,BTCUSDT
2025-10-24 20:00:00,0.0,BTCUSDT
2025-10-24 21:00:00,0.0,BTCUSDT
2025-10-24 22:00:00,0.0,BTCUSDT
2025-10-24 23:00:00,0.0,BTCUSDT
2025-10-25 00:00:00,-9.360995910993922e-05,BTCUSDT
2025-10-25 01:00:00,0.0,BTCUSDT
2025-10-25 02:00:00,0.0,BTCUSDT
2025-10-25 03:00:00,0.0,BTCUSDT
2025-10-25 04:00:00,0.0,BTCUSDT
2025-10-25 05:00:00,0.0,BTCUSDT
2025-10-25 06:00:00,0.0,BTCUSDT
2025-10-25 07:00:00,0.0,BTCUSDT
2025-10-25 08:00:00,0.00012653692382661537,BTCUSDT
2025-10-25 09:00:00,0.0,BTCUSDT
2025-10-25 10:00:00,0.0,BTCUSDT
2025-10-25 11:00:00,0.0,BTCUSDT
2025-10-25 12:00:00,0.0,BTCUSDT
2025-10-25 13:00:00,0.0,BTCUSDT
2025-10-25 14:00:00,0.0,BTCUSDT
2025-10-25 15:00:00,0.0,BTCUSDT
2025-10-25 16:00:00,6.993032674274656e-05,BTCUSDT
2025-10-25 17:00:00,0.0,BTCUSDT
2025-10-25 18:00:00,0.0,BTCUSDT
2025-10-25 19:00:00,0.0,BTCUSDT
2025-10-25 20:00:00,0.0,BTCUSDT
2025-10-25 21:00:00,0.0,BTCUSDT
2025-10-25 22:00:00,0.0,BTCUSDT
2025-10-25 23:00:00,0.0,BTCUSDT
2025-10-26 00:00:00,-0.00015185911037600766,BTCUSDT
2025-10-26 01:00:00,0.0,BTCUSDT
2025-10-26 02:00:00,0.0,BTCUSDT
2025-10-26 03:00:00,0.0,BTCUSDT
2025-10-26 04:00:00,0.0,BTCUSDT
2025-10-26 05:00:00,0.0,BTCUSDT
2025-10-26 06:00:00,0.0,BTCUSDT
2025-10-26 07:00:00,0.0,BTCUSDT
2025-10-26 08:00:00,0.0002097757031040667,BTCUSDT
2025-10-26 09:00:00,0.0,BTCUSDT
2025-10-26 10:00:00,0.0,BTCUSDT
2025-10-26 11:00:00,0.0,BTCUSDT
2025-10-26 12:00:00,0.0,BTCUSDT
2025-10-26 13:00:00,0.0,BTCUSDT
2025-10-26 14:00:00,0.0,BTCUSDT
2025-10-26 15:00:00,0.0,BTCUSDT
2025-10-26 16:00:00,-7.11065339811232e-05,BTCUSDT
2025-10-26 17:00:00,0.0,BTCUSDT
2025-10-26 18:00:00,0.0,BTCUSDT
2025-10-26 19:00:00,0.0,BTCUSDT
2025-10-26 20:00:00,0.0,BTCUSDT
2025-10-26 21:00:00,0.0,BTCUSDT
2025-10-26 22:00:00,0.0,BTCUSDT
2025-10-26 23:00:00,0.0,BTCUSDT
2025-10-27 00:00:00,-0.0001833980279361982,BTCUSDT
2025-10-27 01:00:00,0.0,BTCUSDT
2025-10-27 02:00:00,0.0,BTCUSDT
2025-10-27 03:00:00,0.0,BTCUSDT
2025-10-27 04:00:00,0.0,BTCUSDT
2025-10-27 05:00:00,0.0,BTCUSDT
2025-10-27 06:00:00,0.0,BTCUSDT
2025-10-27 07:00:00,0.0,BTCUSDT
2025-10-27 08:00:00,-2.8418888726052357e-06,BTCUSDT
2025-10-27 09:00:00,0.0,BTCUSDT
2025-10-27 10:00:00,0.0,BTCUSDT
2025-10-27 11:00:00,0.0,BTCUSDT
2025-10-27 12:00:00,0.0,BTCUSDT
2025-10-27 13:00:00,0.0,BTCUSDT
2025-10-27 14:00:00,0.0,BTCUSDT
2025-10-27 15:00:00,0.0,BTCUSDT
2025-10-27 16:00:00,0.00025769978947020396,BTCUSDT
2025-10-27 17:00:00,0.0,BTCUSDT
2025-10-27 18:00:00,0.0,BTCUSDT
2025-10-27 19:00:00,0.0,BTCUSDT
2025-10-27 20:00:00,0.0,BTCUSDT
2025-10-27 21:00:00,0.0,BTCUSDT
2025-10-27 22:00:00,0.0,BTCUSDT
2025-10-27 23:00:00,0.0,BTCUSDT
2025-10-28 00:00:00,-3.8739298492880826e-05,BTCUSDT
2025-10-28 01:00:00,0.0,BTCUSDT
2025-10-28 02:00:00,0.0,BTCUSDT
2025-10-28 03:00:00,0.0,BTCUSDT
2025-10-28 04:00:00,0.0,BTCUSDT
2025-10-28 05:00:00,0.0,BTCUSDT
2025-10-28 06:00:00,0.0,BTCUSDT
2025-10-28 07:00:00,0.0,BTCUSDT
2025-10-28 08:00:00,0.00019289752111544678,BTCUSDT
2025-10-28 09:00:00,0.0,BTCUSDT
2025-10-28 10:00:00,0.0,BTCUSDT
2025-10-28 11:00:00,0.0,BTCUSDT
2025-10-28 12:00:00,0.0,BTCUSDT
2025-10-28 13:00:00,0.0,BTCUSDT
2025-10-28 14:00:00,0.0,BTCUSDT
2025-10-28 15:00:00,0.0,BTCUSDT
2025-10-28 16:00:00,0.00027586145854179527,BTCUSDT
2025-10-28 17:00:00,0.0,BTCUSDT
2025-10-28 18:00:00,0.0,BTCUSDT
2025-10-28 19:00:00,0.0,BTCUSDT
2025-10-28 20:00:00,0.0,BTCUSDT
2025-10-28 21:00:00,0.0,BTCUSDT
2025-10-28 22:00:00,0.0,BTCUSDT
2025-10-28 23:00:00,0.0,BTCUSDT
2025-10-29 00:00:00,3.438870986464799e-05,BTCUSDT
2025-10-29 01:00:00,0.0,BTCUSDT
2025-10-29 02:00:00,0.0,BTCUSDT
2025-10-29 03:00:00,0.0,BTCUSDT
2025-10-29 04:00:00,0.0,BTCUSDT
2025-10-29 05:00:00,0.0,BTCUSDT
2025-10-29 06:00:00,0.0,BTCUSDT
2025-10-29 07:00:00,0.0,BTCUSDT
2025-10-29 08:00:00,-0.00012976802392317274,BTCUSDT
2025-10-29 09:00:00,0.0,BTCUSDT
2025-10-29 10:00:00,0.0,BTCUSDT
2025-10-29 11:00:00,0.0,BTCUSDT
2025-10-29 12:00:00,0.0,BTCUSDT
2025-10-29 13:00:00,0.0,BTCUSDT
2025-10-29 14:00:00,0.0,BTCUSDT
2025-10-29 15:00:00,0.0,BTCUSDT
2025-10-29 16:00:00,-6.314120961986885e-05,BTCUSDT
2025-10-29 17:00:00,0.0,BTCUSDT
2025-10-29 18:00:00,0.0,BTCUSDT
2025-10-29 19:00:00,0.0,BTCUSDT
2025-10-29 20:00:00,0.0,BTCUSDT
2025-10-29 21:00:00,0.0,BTCUSDT
2025-10-29 22:00:00,0.0,BTCUSDT
2025-10-29 23:00:00,0.0,BTCUSDT
2025-10-30 00:00:00,-3.4443774510480987e-05,BTCUSDT
2025-10-30 01:00:00,0.0,BTCUSDT
2025-10-30 02:00:00,0.0,BTCUSDT
2025-10-30 03:00:00,0.0,BTCUSDT
2025-10-30 04:00:00,0.0,BTCUSDT
2025-10-30 05:00:00,0.0,BTCUSDT
2025-10-30 06:00:00,0.0,BTCUSDT
2025-10-30 07:00:00,0.0,BTCUSDT
2025-10-30 08:00:00,0.00013792959097497958,BTCUSDT
2025-10-30 09:00:00,0.0,BTCUSDT
2025-10-30 10:00:00,0.0,BTCUSDT
2025-10-30 11:00:00,0.0,BTCUSDT
2025-10-30 12:00:00,0.0,BTCUSDT
2025-10-30 13:00:00,0.0,BTCUSDT
2025-10-30 14:00:00,0.0,BTCUSDT
2025-10-30 15:00:00,0.0,BTCUSDT
2025-10-30 16:00:00,0.00023479303034200995,BTCUSDT
2025-10-30 17:00:00,0.0,BTCUSDT
2025-10-30 18:00:00,0.0,BTCUSDT
2025-10-30 19:00:00,0.0,BTCUSDT
2025-10-30 20:00:00,0.0,BTCUSDT
2025-10-30 21:00:00,0.0,BTCUSDT
2025-10-30 22:00:00,0.0,BTCUSDT
2025-10-30 23:00:00,0.0,BTCUSDT
2025-10-31 00:00:00,0.00010400594976486951,BTCUSDT
2025-10-31 01:00:00,0.0,BTCUSDT
2025-10-31 02:00:00,0.0,BTCUSDT
2025-10-31 03:00:00,0.0,BTCUSDT
2025-10-31 04:00:00,0.0,BTCUSDT
2025-10-31 05:00:00,0.0,BTCUSDT
2025-10-31 06:00:00,0.0,BTCUSDT
2025-10-31 07:00:00,0.0,BTCUSDT
2025-10-31 08:00:00,0.00031820558183829543,BTCUSDT
2025-10-31 09:00:00,0.0,BTCUSDT
2025-10-31 10:00:00,0.0,BTCUSDT
2025-10-31 11:00:00,0.0,BTCUSDT
2025-10-31 12:00:00,0.0,BTCUSDT
2025-10-31 13:00:00,0.0,BTCUSDT
2025-10-31 14:00:00,0.0,BTCUSDT
2025-10-31 15:00:00,0.0,BTCUSDT
2025-10-31 16:00:00,-0.00016368027649469328,BTCUSDT
2025-10-31 17:00:00,0.0,BTCUSDT
2025-10-31 18:00:00,0.0,BTCUSDT
2025-10-31 19:00:00,0.0,BTCUSDT
2025-10-31 20:00:00,0.0,BTCUSDT
2025-10-31 21:00:00,0.0,BTCUSDT
2025-10-31 22:00:00,0.0,BTCUSDT
2025-10-31 23:00:00,0.0,BTCUSDT
2025-11-01 00:00:00,5.793444542690184e-05,BTCUSDT
2025-11-01 01:00:00,0.0,BTCUSDT
2025-11-01 02:00:00,0.0,BTCUSDT
2025-11-01 03:00:00,0.0,BTCUSDT
2025-11-01 04:00:00,0.0,BTCUSDT
2025-11-01 05:00:00,0.0,BTCUSDT
2025-11-01 06:00:00,0.0,BTCUSDT
2025-11-01 07:00:00,0.0,BTCUSDT
2025-11-01 08:00:00,-0.00023988590392150369,BTCUSDT
2025-11-01 09:00:00,0.0,BTCUSDT
2025-11-01 10:00:00,0.0,BTCUSDT
2025-11-01 11:00:00,0.0,BTCUSDT
2025-11-01 12:00:00,0.0,BTCUSDT
2025-11-01 13:00:00,0.0,BTCUSDT
2025-11-01 14:00:00,0.0,BTCUSDT
2025-11-01 15:00:00,0.0,BTCUSDT
2025-11-01 16:00:00,0.00010616973341070143,BTCUSDT
2025-11-01 17:00:00,0.0,BTCUSDT
2025-11-01 18:00:00,0.0,BTCUSDT
2025-11-01 19:00:00,0.0,BTCUSDT
2025-11-01 20:00:00,0.0,BTCUSDT
2025-11-01 21:00:00,0.0,BTCUSDT
2025-11-01 22:00:00,0.0,BTCUSDT
2025-11-01 23:00:00,0.0,BTCUSDT
2025-11-02 00:00:00,0.00032378245434143475,BTCUSDT
2025-11-02 01:00:00,0.0,BTCUSDT
2025-11-02 02:00:00,0.0,BTCUSDT
2025-11-02 03:00:00,0.0,BTCUSDT
2025-11-02 04:00:00,0.0,BTCUSDT
2025-11-02 05:00:00,0.0,BTCUSDT
2025-11-02 06:00:00,0.0,BTCUSDT
2025-11-02 07:00:00,0.0,BTCUSDT
2025-11-02 08:00:00,0.0003409351871513851,BTCUSDT
2025-11-02 09:00:00,0.0,BTCUSDT
2025-11-02 10:00:00,0.0,BTCUSDT
2025-11-02 11:00:00,0.0,BTCUSDT
2025-11-02 12:00:00,0.0,BTCUSDT
2025-11-02 13:00:00,0.0,BTCUSDT
2025-11-02 14:00:00,0.0,BTCUSDT
2025-11-02 15:00:00,0.0,BTCUSDT
2025-11-02 16:00:00,0.0002898332140476322,BTCUSDT
2025-11-02 17:00:00,0.0,BTCUSDT
2025-11-02 18:00:00,0.0,BTCUSDT
2025-11-02 19:00:00,0.0,BTCUSDT
2025-11-02 20:00:00,0.0,BTCUSDT
2025-11-02 21:00:00,0.0,BTCUSDT
2025-11-02 22:00:00,0.0,BTCUSDT
2025-11-02 23:00:00,0.0,BTCUSDT
2025-11-03 00:00:00,0.00038701308240042233,BTCUSDT
2025-11-03 01:00:00,0.0,BTCUSDT
2025-11-03 02:00:00,0.0,BTCUSDT
2025-11-03 03:00:00,0.0,BTCUSDT
2025-11-03 04:00:00,0.0,BTCUSDT
2025-11-03 05:00:00,0.0,BTCUSDT
2025-11-03 06:00:00,0.0,BTCUSDT
2025-11-03 07:00:00,0.0,BTCUSDT
2025-11-03 08:00:00,-1.193083616503244e-05,BTCUSDT
2025-11-03 09:00:00,0.0,BTCUSDT
2025-11-03 10:00:00,0.0,BTCUSDT
2025-11-03 11:00:00,0.0,BTCUSDT
2025-11-03 12:00:00,0.0,BTCUSDT
2025-11-03 13:00:00,0.0,BTCUSDT
2025-11-03 14:00:00,0.0,BTCUSDT
2025-11-03 15:00:00,0.0,BTCUSDT
2025-11-03 16:00:00,0.0003685553928846007,BTCUSDT
2025-11-03 17:00:00,0.0,BTCUSDT
2025-11-03 18:00:00,0.0,BTCUSDT
2025-11-03 19:00:00,0.0,BTCUSDT
2025-11-03 20:00:00,0.0,BTCUSDT
2025-11-03 21:00:00,0.0,BTCUSDT
2025-11-03 22:00:00,0.0,BTCUSDT
2025-11-03 23:00:00,0.0,BTCUSDT
2025-11-04 00:00:00,1.961818754262363e-06,BTCUSDT
2025-11-04 01:00:00,0.0,BTCUSDT
2025-11-04 02:00:00,0.0,BTCUSDT
2025-11-04 03:00:00,0.0,BTCUSDT
2025-11-04 04:00:00,0.0,BTCUSDT
2025-11-04 05:00:00,0.0,BTCUSDT
2025-11-04 06:00:00,0.0,BTCUSDT
2025-11-04 07:00:00,0.0,BTCUSDT
2025-11-04 08:00:00,2.956391037608253e-05,BTCUSDT
2025-11-04 09:00:00,0.0,BTCUSDT
2025-11-04 10:00:00,0.0,BTCUSDT
2025-11-04 11:00:00,0.0,BTCUSDT
2025-11-04 12:00:00,0.0,BTCUSDT
2025-11-04 13:00:00,0.0,BTCUSDT
2025-11-04 14:00:00,0.0,BTCUSDT
2025-11-04 15:00:00,0.0,BTCUSDT
2025-11-04 16:00:00,0.00043776443846053534,BTCUSDT
2025-11-04 17:00:00,0.0,BTCUSDT
2025-11-04 18:00:00,0.0,BTCUSDT
2025-11-04 19:00:00,0.0,BTCUSDT
2025-11-04 20:00:00,0.0,BTCUSDT
2025-11-04 21:00:00,0.0,BTCUSDT
2025-11-04 22:00:00,0.0,BTCUSDT
2025-11-04 23:00:00,0.0,BTCUSDT
2025-11-05 00:00:00,-0.00019145473163989063,BTCUSDT
2025-11-05 01:00:00,0.0,BTCUSDT
2025-11-05 02:00:00,0.0,BTCUSDT
2025-11-05 03:00:00,0.0,BTCUSDT
2025-11-05 04:00:00,0.0,BTCUSDT
2025-11-05 05:00:00,0.0,BTCUSDT
2025-11-05 06:00:00,0.0,BTCUSDT
2025-11-05 07:00:00,0.0,BTCUSDT
2025-11-05 08:00:00,0.0001732293051931365,BTCUSDT
2025-11-05 09:00:00,0.0,BTCUSDT
2025-11-05 10:00:00,0.0,BTCUSDT
2025-11-05 11:00:00,0.0,BTCUSDT
2025-11-05 12:00:00,0.0,BTCUSDT
2025-11-05 13:00:00,0.0,BTCUSDT
2025-11-05 14:00:00,0.0,BTCUSDT
2025-11-05 15:00:00,0.0,BTCUSDT
2025-11-05 16:00:00,-0.00017156464141308847,BTCUSDT
2025-11-05 17:00:00,0.0,BTCUSDT
2025-11-05 18:00:00,0.0,BTCUSDT
2025-11-05 19:00:00,0.0,BTCUSDT
2025-11-05 20:00:00,0.0,BTCUSDT
2025-11-05 21:00:00,0.0,BTCUSDT
2025-11-05 22:00:00,0.0,BTCUSDT
2025-11-05 23:00:00,0.0,BTCUSDT
2025-11-06 00:00:00,0.00038015545523913027,BTCUSDT
2025-11-06 01:00:00,0.0,BTCUSDT
2025-11-06 02:00:00,0.0,BTCUSDT
2025-11-06 03:00:00,0.0,BTCUSDT
2025-11-06 04:00:00,0.0,BTCUSDT
2025-11-06 05:00:00,0.0,BTCUSDT
2025-11-06 06:00:00,0.0,BTCUSDT
2025-11-06 07:00:00,0.0,BTCUSDT
2025-11-06 08:00:00,0.00043258273099748855,BTCUSDT
2025-11-06 09:00:00,0.0,BTCUSDT
2025-11-06 10:00:00,0.0,BTCUSDT
2025-11-06 11:00:00,0.0,BTCUSDT
2025-11-06 12:00:00,0.0,BTCUSDT
2025-11-06 13:00:00,0.0,BTCUSDT
2025-11-06 14:00:00,0.0,BTCUSDT
2025-11-06 15:00:00,0.0,BTCUSDT
2025-11-06 16:00:00,-0.00018178078088508097,BTCUSDT
2025-11-06 17:00:00,0.0,BTCUSDT
2025-11-06 18:00:00,0.0,BTCUSDT
2025-11-06 19:00:00,0.0,BTCUSDT
2025-11-06 20:00:00,0.0,BTCUSDT
2025-11-06 21:00:00,0.0,BTCUSDT
2025-11-06 22:00:00,0.0,BTCUSDT
2025-11-06 23:00:00,0.0,BTCUSDT
2025-11-07 00:00:00,0.0002336496247882706,BTCUSDT
2025-11-07 01:00:00,0.0,BTCUSDT
2025-11-07 02:00:00,0.0,BTCUSDT
2025-11-07 03:00:00,0.0,BTCUSDT
2025-11-07 04:00:00,0.0,BTCUSDT
2025-11-07 05:00:00,0.0,BTCUSDT
2025-11-07 06:00:00,0.0,BTCUSDT
2025-11-07 07:00:00,0.0,BTCUSDT
2025-11-07 08:00:00,0.00029987618927855797,BTCUSDT
2025-11-07 09:00:00,0.0,BTCUSDT
2025-11-07 10:00:00,0.0,BTCUSDT
2025-11-07 11:00:00,0.0,BTCUSDT
2025-11-07 12:00:00,0.0,BTCUSDT
2025-11-07 13:00:00,0.0,BTCUSDT
2025-11-07 14:00:00,0.0,BTCUSDT
2025-11-07 15:00:00,0.0,BTCUSDT
2025-11-07 16:00:00,0.0005017818838192257,BTCUSDT
2025-11-07 17:00:00,0.0,BTCUSDT
2025-11-07 18:00:00,0.0,BTCUSDT
2025-11-07 19:00:00,0.0,BTCUSDT
2025-11-07 20:00:00,0.0,BTCUSDT
2025-11-07 21:00:00,0.0,BTCUSDT
2025-11-07 22:00:00,0.0,BTCUSDT
2025-11-07 23:00:00,0.0,BTCUSDT
2025-11-08 00:00:00,0.0001924504658586097,BTCUSDT
2025-11-08 01:00:00,0.0,BTCUSDT
2025-11-08 02:00:00,0.0,BTCUSDT
2025-11-08 03:00:00,0.0,BTCUSDT
2025-11-08 04:00:00,0.0,BTCUSDT
2025-11-08 05:00:00,0.0,BTCUSDT
2025-11-08 06:00:00,0.0,BTCUSDT
2025-11-08 07:00:00,0.0,BTCUSDT
2025-11-08 08:00:00,-0.0001310992084257528,BTCUSDT
2025-11-08 09:00:00,0.0,BTCUSDT
2025-11-08 10:00:00,0.0,BTCUSDT
2025-11-08 11:00:00,0.0,BTCUSDT
2025-11-08 12:00:00,0.0,BTCUSDT
2025-11-08 13:00:00,0.0,BTCUSDT
2025-11-08 14:00:00,0.0,BTCUSDT
2025-11-08 15:00:00,0.0,BTCUSDT
2025-11-08 16:00:00,0.0002132354781540345,BTCUSDT
2025-11-08 17:00:00,0.0,BTCUSDT
2025-11-08 18:00:00,0.0,BTCUSDT
2025-11-08 19:00:00,0.0,BTCUSDT
2025-11-08 20:00:00,0.0,BTCUSDT
2025-11-08 21:00:00,0.0,BTCUSDT
2025-11-08 22:00:00,0.0,BTCUSDT
2025-11-08 23:00:00,0.0,BTCUSDT
2025-11-09 00:00:00,-0.00014030707894785736,BTCUSDT
2025-11-09 01:00:00,0.0,BTCUSDT
2025-11-09 02:00:00,0.0,BTCUSDT
2025-11-09 03:00:00,0.0,BTCUSDT
2025-11-09 04:00:00,0.0,BTCUSDT
2025-11-09 05:00:00,0.0,BTCUSDT
2025-11-09 06:00:00,0.0,BTCUSDT
2025-11-09 07:00:00,0.0,BTCUSDT
2025-11-09 08:00:00,-0.00014747073800783363,BTCUSDT
2025-11-09 09:00:00,0.0,BTCUSDT
2025-11-09 10:00:00,0.0,BTCUSDT
2025-11-09 11:00:00,0.0,BTCUSDT
2025-11-09 12:00:00,0.0,BTCUSDT
2025-11-09 13:00:00,0.0,BTCUSDT
2025-11-09 14:00:00,0.0,BTCUSDT
2025-11-09 15:00:00,0.0,BTCUSDT
2025-11-09 16:00:00,0.00015539886622382014,BTCUSDT
2025-11-09 17:00:00,0.0,BTCUSDT
2025-11-09 18:00:00,0.0,BTCUSDT
2025-11-09 19:00:00,0.0,BTCUSDT
2025-11-09 20:00:00,0.0,BTCUSDT
2025-11-09 21:00:00,0.0,BTCUSDT
2025-11-09 22:00:00,0.0,BTCUSDT
2025-11-09 23:00:00,0.0,BTCUSDT
2025-11-10 00:00:00,6.55937275768661e-05,BTCUSDT
2025-11-10 01:00:00,0.0,BTCUSDT
2025-11-10 02:00:00,0.0,BTCUSDT
2025-11-10 03:00:00,0.0,BTCUSDT
2025-11-10 04:00:00,0.0,BTCUSDT
2025-11-10 05:00:00,0.0,BTCUSDT
2025-11-10 06:00:00,0.0,BTCUSDT
2025-11-10 07:00:00,0.0,BTCUSDT
2025-11-10 08:00:00,2.6837507290524245e-06,BTCUSDT
2025-11-10 09:00:00,0.0,BTCUSDT
2025-11-10 10:00:00,0.0,BTCUSDT
2025-11-10 11:00:00,0.0,BTCUSDT
2025-11-10 12:00:00,0.0,BTCUSDT
2025-11-10 13:00:00,0.0,BTCUSDT
2025-11-10 14:00:00,0.0,BTCUSDT
2025-11-10 15:00:00,0.0,BTCUSDT
2025-11-10 16:00:00,-0.000299409487323595,BTCUSDT
2025-11-10 17:00:00,0.0,BTCUSDT
2025-11-10 18:00:00,0.0,BTCUSDT
2025-11-10 19:00:00,0.0,BTCUSDT
2025-11-10 20:00:00,0.0,BTCUSDT
2025-11-10 21:00:00,0.0,BTCUSDT
2025-11-10 22:00:00,0.0,BTCUSDT
2025-11-10 23:00:00,0.0,BTCUSDT
2025-11-11 00:00:00,0.0002857702492100448,BTCUSDT
2025-11-11 01:00:00,0.0,BTCUSDT
2025-11-11 02:00:00,0.0,BTCUSDT
2025-11-11 03:00:00,0.0,BTCUSDT
2025-11-11 04:00:00,0.0,BTCUSDT
2025-11-11 05:00:00,0.0,BTCUSDT
2025-11-11 06:00:00,0.0,BTCUSDT
2025-11-11 07:00:00,0.0,BTCUSDT
2025-11-11 08:00:00,4.3826150840468314e-05,BTCUSDT
2025-11-11 09:00:00,0.0,BTCUSDT
2025-11-11 10:00:00,0.0,BTCUSDT
2025-11-11 11:00:00,0.0,BTCUSDT
2025-11-11 12:00:00,0.0,BTCUSDT
2025-11-11 13:00:00,0.0,BTCUSDT
2025-11-11 14:00:00,0.0,BTCUSDT
2025-11-11 15:00:00,0.0,BTCUSDT
2025-11-11 16:00:00,0.0001503738896636051,BTCUSDT
2025-11-11 17:00:00,0.0,BTCUSDT
2025-11-11 18:00:00,0.0,BTCUSDT
2025-11-11 19:00:00,0.0,BTCUSDT
2025-11-11 20:00:00,0.0,BTCUSDT
2025-11-11 21:00:00,0.0,BTCUSDT
2025-11-11 22:00:00,0.0,BTCUSDT
2025-11-11 23:00:00,0.0,BTCUSDT
2025-11-12 00:00:00,-6.126624377592205e-05,BTCUSDT
2025-11-12 01:00:00,0.0,BTCUSDT
2025-11-12 02:00:00,0.0,BTCUSDT
2025-11-12 03:00:00,0.0,BTCUSDT
2025-11-12 04:00:00,0.0,BTCUSDT
2025-11-12 05:00:00,0.0,BTCUSDT
2025-11-12 06:00:00,0.0,BTCUSDT
2025-11-12 07:00:00,0.0,BTCUSDT
2025-11-12 08:00:00,0.00018341609960172893,BTCUSDT
2025-11-12 09:00:00,0.0,BTCUSDT
2025-11-12 10:00:00,0.0,BTCUSDT
2025-11-12 11:00:00,0.0,BTCUSDT
2025-11-12 12:00:00,0.0,BTCUSDT
2025-11-12 13:00:00,0.0,BTCUSDT
2025-11-12 14:00:00,0.0,BTCUSDT
2025-11-12 15:00:00,0.0,BTCUSDT
2025-11-12 16:00:00,-9.168987625096156e-05,BTCUSDT
2025-11-12 17:00:00,0.0,BTCUSDT
2025-11-12 18:00:00,0.0,BTCUSDT
2025-11-12 19:00:00,0.0,BTCUSDT
2025-11-12 20:00:00,0.0,BTCUSDT
2025-11-12 21:00:00,0.0,BTCUSDT
2025-11-12 22:00:00,0.0,BTCUSDT
2025-11-12 23:00:00,0.0,BTCUSDT
2025-11-13 00:00:00,-0.00015033960970402851,BTCUSDT
2025-11-13 01:00:00,0.0,BTCUSDT
2025-11-13 02:00:00,0.0,BTCUSDT
2025-11-13 03:00:00,0.0,BTCUSDT
2025-11-13 04:00:00,0.0,BTCUSDT
2025-11-13 05:00:00,0.0,BTCUSDT
2025-11-13 06:00:00,0.0,BTCUSDT
2025-11-13 07:00:00,0.0,BTCUSDT
2025-11-13 08:00:00,0.0004269211023522403,BTCUSDT
2025-11-13 09:00:00,0.0,BTCUSDT
2025-11-13 10:00:00,0.0,BTCUSDT
2025-11-13 11:00:00,0.0,BTCUSDT
2025-11-13 12:00:00,0.0,BTCUSDT
2025-11-13 13:00:00,0.0,BTCUSDT
2025-11-13 14:00:00,0.0,BTCUSDT
2025-11-13 15:00:00,0.0,BTCUSDT
2025-11-13 16:00:00,-4.721304370812995e-05,BTCUSDT
2025-11-13 17:00:00,0.0,BTCUSDT
2025-11-13 18:00:00,0.0,BTCUSDT
2025-11-13 19:00:00,0.0,BTCUSDT
2025-11-13 20:00:00,0.0,BTCUSDT
2025-11-13 21:00:00,0.0,BTCUSDT
2025-11-13 22:00:00,0.0,BTCUSDT
2025-11-13 23:00:00,0.0,BTCUSDT
2025-11-14 00:00:00,0.0004038039145061962,BTCUSDT
2025-11-14 01:00:00,0.0,BTCUSDT
2025-11-14 02:00:00,0.0,BTCUSDT
2025-11-14 03:00:00,0.0,BTCUSDT
2025-11-14 04:00:00,0.0,BTCUSDT
2025-11-14 05:00:00,0.0,BTCUSDT
2025-11-14 06:00:00,0.0,BTCUSDT
2025-11-14 07:00:00,0.0,BTCUSDT
2025-11-14 08:00:00,6.361091233151628e-05,BTCUSDT
2025-11-14 09:00:00,0.0,BTCUSDT
2025-11-14 10:00:00,0.0,BTCUSDT
2025-11-14 11:00:00,0.0,BTCUSDT
2025-11-14 12:00:00,0.0,BTCUSDT
2025-11-14 13:00:00,0.0,BTCUSDT
2025-11-14 14:00:00,0.0,BTCUSDT
2025-11-14 15:00:00,0.0,BTCUSDT
2025-11-14 16:00:00,0.00015131547916986154,BTCUSDT
2025-11-14 17:00:00,0.0,BTCUSDT
2025-11-14 18:00:00,0.0,BTCUSDT
2025-11-14 19:00:00,0.0,BTCUSDT
2025-11-14 20:00:00,0.0,BTCUSDT
2025-11-14 21:00:00,0.0,BTCUSDT
2025-11-14 22:00:00,0.0,BTCUSDT
2025-11-14 23:00:00,0.0,BTCUSDT
2025-11-15 00:00:00,-0.0002814443999377606,BTCUSDT
2025-11-15 01:00:00,0.0,BTCUSDT
2025-11-15 02:00:00,0.0,BTCUSDT
2025-11-15 03:00:00,0.0,BTCUSDT
2025-11-15 04:00:00,0.0,BTCUSDT
2025-11-15 05:00:00,0.0,BTCUSDT
2025-11-15 06:00:00,0.0,BTCUSDT
2025-11-15 07:00:00,0.0,BTCUSDT
2025-11-15 08:00:00,0.00011961609005595881,BTCUSDT
2025-11-15 09:00:00,0.0,BTCUSDT
2025-11-15 10:00:00,0.0,BTCUSDT
2025-11-15 11:00:00,0.0,BTCUSDT
2025-11-15 12:00:00,0.0,BTCUSDT
2025-11-15 13:00:00,0.0,BTCUSDT
2025-11-15 14:00:00,0.0,BTCUSDT
2025-11-15 15:00:00,0.0,BTCUSDT
2025-11-15 16:00:00,-1.2990305331044081e-05,BTCUSDT
2025-11-15 17:00:00,0.0,BTCUSDT
2025-11-15 18:00:00,0.0,BTCUSDT
2025-11-15 19:00:00,0.0,BTCUSDT
2025-11-15 20:00:00,0.0,BTCUSDT
2025-11-15 21:00:00,0.0,BTCUSDT
2025-11-15 22:00:00,0.0,BTCUSDT
2025-11-15 23:00:00,0.0,BTCUSDT
2025-11-16 00:00:00,-0.0004867541294458955,BTCUSDT
2025-11-16 01:00:00,0.0,BTCUSDT
2025-11-16 02:00:00,0.0,BTCUSDT
2025-11-16 03:00:00,0.0,BTCUSDT
2025-11-16 04:00:00,0.0,BTCUSDT
2025-11-16 05:00:00,0.0,BTCUSDT
2025-11-16 06:00:00,0.0,BTCUSDT
2025-11-16 07:00:00,0.0,BTCUSDT
2025-11-16 08:00:00,0.00010642309108646413,BTCUSDT
2025-11-16 09:00:00,0.0,BTCUSDT
2025-11-16 10:00:00,0.0,BTCUSDT
2025-11-16 11:00:00,0.0,BTCUSDT
2025-11-16 12:00:00,0.0,BTCUSDT
2025-11-16 13:00:00,0.0,BTCUSDT
2025-11-16 14:00:00,0.0,BTCUSDT
2025-11-16 15:00:00,0.0,BTCUSDT
2025-11-16 16:00:00,0.00030317130379859547,BTCUSDT
2025-11-16 17:00:00,0.0,BTCUSDT
2025-11-16 18:00:00,0.0,BTCUSDT
2025-11-16 19:00:00,0.0,BTCUSDT
2025-11-16 20:00:00,0.0,BTCUSDT
2025-11-16 21:00:00,0.0,BTCUSDT
2025-11-16 22:00:00,0.0,BTCUSDT
2025-11-16 23:00:00,0.0,BTCUSDT
2025-11-17 00:00:00,-6.195210831998648e-05,BTCUSDT
2025-11-17 01:00:00,0.0,BTCUSDT
2025-11-17 02:00:00,0.0,BTCUSDT
2025-11-17 03:00:00,0.0,BTCUSDT
2025-11-17 04:00:00,0.0,BTCUSDT
2025-11-17 05:00:00,0.0,BTCUSDT
2025-11-17 06:00:00,0.0,BTCUSDT
2025-11-17 07:00:00,0.0,BTCUSDT
2025-11-17 08:00:00,0.00022504569417462045,BTCUSDT
2025-11-17 09:00:00,0.0,BTCUSDT
2025-11-17 10:00:00,0.0,BTCUSDT
2025-11-17 11:00:00,0.0,BTCUSDT
2025-11-17 12:00:00,0.0,BTCUSDT
2025-11-17 13:00:00,0.0,BTCUSDT
2025-11-17 14:00:00,0.0,BTCUSDT
2025-11-17 15:00:00,0.0,BTCUSDT
2025-11-17 16:00:00,-0.00019562274287753786,BTCUSDT
2025-11-17 17:00:00,0.0,BTCUSDT
2025-11-17 18:00:00,0.0,BTCUSDT
2025-11-17 19:00:00,0.0,BTCUSDT
2025-11-17 20:00:00,0.0,BTCUSDT
2025-11-17 21:00:00,0.0,BTCUSDT
2025-11-17 22:00:00,0.0,BTCUSDT
2025-11-17 23:00:00,0.0,BTCUSDT
2025-11-18 00:00:00,0.0003369968895200632,BTCUSDT
2025-11-18 01:00:00,0.0,BTCUSDT
2025-11-18 02:00:00,0.0,BTCUSDT
2025-11-18 03:00:00,0.0,BTCUSDT
2025-11-18 04:00:00,0.0,BTCUSDT
2025-11-18 05:00:00,0.0,BTCUSDT
2025-11-18 06:00:00,0.0,BTCUSDT
2025-11-18 07:00:00,0.0,BTCUSDT
2025-11-18 08:00:00,0.0002154411305055902,BTCUSDT
2025-11-18 09:00:00,0.0,BTCUSDT
2025-11-18 10:00:00,0.0,BTCUSDT
2025-11-18 11:00:00,0.0,BTCUSDT
2025-11-18 12:00:00,0.0,BTCUSDT
2025-11-18 13:00:00,0.0,BTCUSDT
2025-11-18 14:00:00,0.0,BTCUSDT
2025-11-18 15:00:00,0.0,BTCUSDT
2025-11-18 16:00:00,0.00020642322683727635,BTCUSDT
2025-11-18 17:00:00,0.0,BTCUSDT
2025-11-18 18:00:00,0.0,BTCUSDT
2025-11-18 19:00:00,0.0,BTCUSDT
2025-11-18 20:00:00,0.0,BTCUSDT
2025-11-18 21:00:00,0.0,BTCUSDT
2025-11-18 22:00:00,0.0,BTCUSDT
2025-11-18 23:00:00,0.0,BTCUSDT
2025-11-19 00:00:00,8.423482410530904e-05,BTCUSDT
2025-11-19 01:00:00,0.0,BTCUSDT
2025-11-19 02:00:00,0.0,BTCUSDT
2025-11-19 03:00:00,0.0,BTCUSDT
2025-11-19 04:00:00,0.0,BTCUSDT
2025-11-19 05:00:00,0.0,BTCUSDT
2025-11-19 06:00:00,0.0,BTCUSDT
2025-11-19 07:00:00,0.0,BTCUSDT
2025-11-19 08:00:00,0.00011614274534528934,BTCUSDT
2025-11-19 09:00:00,0.0,BTCUSDT
2025-11-19 10:00:00,0.0,BTCUSDT
2025-11-19 11:00:00,0.0,BTCUSDT
2025-11-19 12:00:00,0.0,BTCUSDT
2025-11-19 13:00:00,0.0,BTCUSDT
2025-11-19 14:00:00,0.0,BTCUSDT
2025-11-19 15:00:00,0.0,BTCUSDT
2025-11-19 16:00:00,0.00017896400408243533,BTCUSDT
2025-11-19 17:00:00,0.0,BTCUSDT
2025-11-19 18:00:00,0.0,BTCUSDT
2025-11-19 19:00:00,0.0,BTCUSDT
2025-11-19 20:00:00,0.0,BTCUSDT
2025-11-19 21:00:00,0.0,BTCUSDT
2025-11-19 22:00:00,0.0,BTCUSDT
2025-11-19 23:00:00,0.0,BTCUSDT
2025-11-20 00:00:00,-7.862584722195738e-06,BTCUSDT
2025-11-20 01:00:00,0.0,BTCUSDT
2025-11-20 02:00:00,0.0,BTCUSDT
2025-11-20 03:00:00,0.0,BTCUSDT
2025-11-20 04:00:00,0.0,BTCUSDT
2025-11-20 05:00:00,0.0,BTCUSDT
2025-11-20 06:00:00,0.0,BTCUSDT
2025-11-20 07:00:00,0.0,BTCUSDT
2025-11-20 08:00:00,-0.00013943331853804604,BTCUSDT
2025-11-20 09:00:00,0.0,BTCUSDT
2025-11-20 10:00:00,0.0,BTCUSDT
2025-11-20 11:00:00,0.0,BTCUSDT
2025-11-20 12:00:00,0.0,BTCUSDT
2025-11-20 13:00:00,0.0,BTCUSDT
2025-11-20 14:00:00,0.0,BTCUSDT
2025-11-20 15:00:00,0.0,BTCUSDT
2025-11-20 16:00:00,-0.00020502112820287215,BTCUSDT
2025-11-20 17:00:00,0.0,BTCUSDT
2025-11-20 18:00:00,0.0,BTCUSDT
2025-11-20 19:00:00,0.0,BTCUSDT
2025-11-20 20:00:00,0.0,BTCUSDT
2025-11-20 21:00:00,0.0,BTCUSDT
2025-11-20 22:00:00,0.0,BTCUSDT
2025-11-20 23:00:00,0.0,BTCUSDT
2025-11-21 00:00:00,0.00027114706417216824,BTCUSDT
2025-11-21 01:00:00,0.0,BTCUSDT
2025-11-21 02:00:00,0.0,BTCUSDT
2025-11-21 03:00:00,0.0,BTCUSDT
2025-11-21 04:00:00,0.0,BTCUSDT
2025-11-21 05:00:00,0.0,BTCUSDT
2025-11-21 06:00:00,0.0,BTCUSDT
2025-11-21 07:00:00,0.0,BTCUSDT
2025-11-21 08:00:00,0.00022801121620658348,BTCUSDT
2025-11-21 09:00:00,0.0,BTCUSDT
2025-11-21 10:00:00,0.0,BTCUSDT
2025-11-21 11:00:00,0.0,BTCUSDT
2025-11-21 12:00:00,0.0,BTCUSDT
2025-11-21 13:00:00,0.0,BTCUSDT
2025-11-21 14:00:00,0.0,BTCUSDT
2025-11-21 15:00:00,0.0,BTCUSDT
2025-11-21 16:00:00,-0.00018452669384288084,BTCUSDT
2025-11-21 17:00:00,0.0,BTCUSDT
2025-11-21 18:00:00,0.0,BTCUSDT
2025-11-21 19:00:00,0.0,BTCUSDT
2025-11-21 20:00:00,0.0,BTCUSDT
2025-11-21 21:00:00,0.0,BTCUSDT
2025-11-21 22:00:00,0.0,BTCUSDT
2025-11-21 23:00:00,0.0,BTCUSDT
2025-11-22 00:00:00,-0.00014310864241021142,BTCUSDT
2025-11-22 01:00:00,0.0,BTCUSDT
2025-11-22 02:00:00,0.0,BTCUSDT
2025-11-22 03:00:00,0.0,BTCUSDT
2025-11-22 04:00:00,0.0,BTCUSDT
2025-11-22 05:00:00,0.0,BTCUSDT
2025-11-22 06:00:00,0.0,BTCUSDT
2025-11-22 07:00:00,0.0,BTCUSDT
2025-11-22 08:00:00,0.0002902769967001541,BTCUSDT
2025-11-22 09:00:00,0.0,BTCUSDT
2025-11-22 10:00:00,0.0,BTCUSDT
2025-11-22 11:00:00,0.0,BTCUSDT
2025-11-22 12:00:00,0.0,BTCUSDT
2025-11-22 13:00:00,0.0,BTCUSDT
2025-11-22 14:00:00,0.0,BTCUSDT
2025-11-22 15:00:00,0.0,BTCUSDT
2025-11-22 16:00:00,0.00019466823667702867,BTCUSDT
2025-11-22 17:00:00,0.0,BTCUSDT
2025-11-22 18:00:00,0.0,BTCUSDT
2025-11-22 19:00:00,0.0,BTCUSDT
2025-11-22 20:00:00,0.0,BTCUSDT
2025-11-22 21:00:00,0.0,BTCUSDT
2025-11-22 22:00:00,0.0,BTCUSDT
2025-11-22 23:00:00,0.0,BTCUSDT
2025-11-23 00:00:00,7.129506611540868e-05,BTCUSDT
2025-11-23 01:00:00,0.0,BTCUSDT
2025-11-23 02:00:00,0.0,BTCUSDT
2025-11-23 03:00:00,0.0,BTCUSDT
2025-11-23 04:00:00,0.0,BTCUSDT
2025-11-23 05:00:00,0.0,BTCUSDT
2025-11-23 06:00:00,0.0,BTCUSDT
2025-11-23 07:00:00,0.0,BTCUSDT
2025-11-23 08:00:00,0.00015519716988410796,BTCUSDT
2025-11-23 09:00:00,0.0,BTCUSDT
2025-11-23 10:00:00,0.0,BTCUSDT
2025-11-23 11:00:00,0.0,BTCUSDT
2025-11-23 12:00:00,0.0,BTCUSDT
2025-11-23 13:00:00,0.0,BTCUSDT
2025-11-23 14:00:00,0.0,BTCUSDT
2025-11-23 15:00:00,0.0,BTCUSDT
2025-11-23 16:00:00,0.00026533035948648635,BTCUSDT
2025-11-23 17:00:00,0.0,BTCUSDT
2025-11-23 18:00:00,0.0,BTCUSDT
2025-11-23 19:00:00,0.0,BTCUSDT
2025-11-23 20:00:00,0.0,BTCUSDT
2025-11-23 21:00:00,0.0,BTCUSDT
2025-11-23 22:00:00,0.0,BTCUSDT
2025-11-23 23:00:00,0.0,BTCUSDT
2025-11-24 00:00:00,0.00032184159651734616,BTCUSDT
2025-11-24 01:00:00,0.0,BTCUSDT
2025-11-24 02:00:00,0.0,BTCUSDT
2025-11-24 03:00:00,0.0,BTCUSDT
2025-11-24 04:00:00,0.0,BTCUSDT
2025-11-24 05:00:00,0.0,BTCUSDT
2025-11-24 06:00:00,0.0,BTCUSDT
2025-11-24 07:00:00,0.0,BTCUSDT
2025-11-24 08:00:00,0.00011595768628646477,BTCUSDT
2025-11-24 09:00:00,0.0,BTCUSDT
2025-11-24 10:00:00,0.0,BTCUSDT
2025-11-24 11:00:00,0.0,BTCUSDT
2025-11-24 12:00:00,0.0,BTCUSDT
2025-11-24 13:00:00,0.0,BTCUSDT
2025-11-24 14:00:00,0.0,BTCUSDT
2025-11-24 15:00:00,0.0,BTCUSDT
2025-11-24 16:00:00,0.0001833047089430343,BTCUSDT
2025-11-24 17:00:00,0.0,BTCUSDT
2025-11-24 18:00:00,0.0,BTCUSDT
2025-11-24 19:00:00,0.0,BTCUSDT
2025-11-24 20:00:00,0.0,BTCUSDT
2025-11-24 21:00:00,0.0,BTCUSDT
2025-11-24 22:00:00,0.0,BTCUSDT
2025-11-24 23:00:00,0.0,BTCUSDT
2025-11-25 00:00:00,-2.1687408278228416e-05,BTCUSDT
2025-11-25 01:00:00,0.0,BTCUSDT
2025-11-25 02:00:00,0.0,BTCUSDT
2025-11-25 03:00:00,0.0,BTCUSDT
2025-11-25 04:00:00,0.0,BTCUSDT
2025-11-25 05:00:00,0.0,BTCUSDT
2025-11-25 06:00:00,0.0,BTCUSDT
2025-11-25 07:00:00,0.0,BTCUSDT
2025-11-25 08:00:00,0.00012130893528687482,BTCUSDT
2025-11-25 09:00:00,0.0,BTCUSDT
2025-11-25 10:00:00,0.0,BTCUSDT
2025-11-25 11:00:00,0.0,BTCUSDT
2025-11-25 12:00:00,0.0,BTCUSDT
2025-11-25 13:00:00,0.0,BTCUSDT
2025-11-25 14:00:00,0.0,BTCUSDT
2025-11-25 15:00:00,0.0,BTCUSDT
2025-11-25 16:00:00,0.00014895496822233968,BTCUSDT
2025-11-25 17:00:00,0.0,BTCUSDT
2025-11-25 18:00:00,0.0,BTCUSDT
2025-11-25 19:00:00,0.0,BTCUSDT
2025-11-25 20:00:00,0.0,BTCUSDT
2025-11-25 21:00:00,0.0,BTCUSDT
2025-11-25 22:00:00,0.0,BTCUSDT
2025-11-25 23:00:00,0.0,BTCUSDT
2025-11-26 00:00:00,0.00017867566889394245,BTCUSDT
2025-11-26 01:00:00,0.0,BTCUSDT
2025-11-26 02:00:00,0.0,BTCUSDT
2025-11-26 03:00:00,0.0,BTCUSDT
2025-11-26 04:00:00,0.0,BTCUSDT
2025-11-26 05:00:00,0.0,BTCUSDT
2025-11-26 06:00:00,0.0,BTCUSDT
2025-11-26 07:00:00,0.0,BTCUSDT
2025-11-26 08:00:00,0.00017217212191313617,BTCUSDT
2025-11-26 09:00:00,0.0,BTCUSDT
2025-11-26 10:00:00,0.0,BTCUSDT
2025-11-26 11:00:00,0.0,BTCUSDT
2025-11-26 12:00:00,0.0,BTCUSDT
2025-11-26 13:00:00,0.0,BTCUSDT
2025-11-26 14:00:00,0.0,BTCUSDT
2025-11-26 15:00:00,0.0,BTCUSDT
2025-11-26 16:00:00,9.555995531293505e-05,BTCUSDT
2025-11-26 17:00:00,0.0,BTCUSDT
2025-11-26 18:00:00,0.0,BTCUSDT
2025-11-26 19:00:00,0.0,BTCUSDT
2025-11-26 20:00:00,0.0,BTCUSDT
2025-11-26 21:00:00,0.0,BTCUSDT
2025-11-26 22:00:00,0.0,BTCUSDT
2025-11-26 23:00:00,0.0,BTCUSDT
2025-11-27 00:00:00,-7.713047955065307e-05,BTCUSDT
2025-11-27 01:00:00,0.0,BTCUSDT
2025-11-27 02:00:00,0.0,BTCUSDT
2025-11-27 03:00:00,0.0,BTCUSDT
2025-11-27 04:00:00,0.0,BTCUSDT
2025-11-27 05:00:00,0.0,BTCUSDT
2025-11-27 06:00:00,0.0,BTCUSDT
2025-11-27 07:00:00,0.0,BTCUSDT
2025-11-27 08:00:00,0.00016019367532848225,BTCUSDT
2025-11-27 09:00:00,0.0,BTCUSDT
2025-11-27 10:00:00,0.0,BTCUSDT
2025-11-27 11:00:00,0.0,BTCUSDT
2025-11-27 12:00:00,0.0,BTCUSDT
2025-11-27 13:00:00,0.0,BTCUSDT
2025-11-27 14:00:00,0.0,BTCUSDT
2025-11-27 15:00:00,0.0,BTCUSDT
2025-11-27 16:00:00,-6.71879552333017e-05,BTCUSDT
2025-11-27 17:00:00,0.0,BTCUSDT
2025-11-27 18:00:00,0.0,BTCUSDT
2025-11-27 19:00:00,0.0,BTCUSDT
2025-11-27 20:00:00,0.0,BTCUSDT
2025-11-27 21:00:00,0.0,BTCUSDT
2025-11-27 22:00:00,0.0,BTCUSDT
2025-11-27 23:00:00,0.0,BTCUSDT
2025-11-28 00:00:00,0.00012175698117215924,BTCUSDT
2025-11-28 01:00:00,0.0,BTCUSDT
2025-11-28 02:00:00,0.0,BTCUSDT
2025-11-28 03:00:00,0.0,BTCUSDT
2025-11-28 04:00:00,0.0,BTCUSDT
2025-11-28 05:00:00,0.0,BTCUSDT
2025-11-28 06:00:00,0.0,BTCUSDT
2025-11-28 07:00:00,0.0,BTCUSDT
2025-11-28 08:00:00,3.8247641761323406e-05,BTCUSDT
2025-11-28 09:00:00,0.0,BTCUSDT
2025-11-28 10:00:00,0.0,BTCUSDT
2025-11-28 11:00:00,0.0,BTCUSDT
2025-11-28 12:00:00,0.0,BTCUSDT
2025-11-28 13:00:00,0.0,BTCUSDT
2025-11-28 14:00:00,0.0,BTCUSDT
2025-11-28 15:00:00,0.0,BTCUSDT
2025-11-28 16:00:00,-0.0001740513178415772,BTCUSDT
2025-11-28 17:00:00,0.0,BTCUSDT
2025-11-28 18:00:00,0.0,BTCUSDT
2025-11-28 19:00:00,0.0,BTCUSDT
2025-11-28 20:00:00,0.0,BTCUSDT
2025-11-28 21:00:00,0.0,BTCUSDT
2025-11-28 22:00:00,0.0,BTCUSDT
2025-11-28 23:00:00,0.0,BTCUSDT
2025-11-29 00:00:00,-2.3456913851043775e-05,BTCUSDT
2025-11-29 01:00:00,0.0,BTCUSDT
2025-11-29 02:00:00,0.0,BTCUSDT
2025-11-29 03:00:00,0.0,BTCUSDT
2025-11-29 04:00:00,0.0,BTCUSDT
2025-11-29 05:00:00,0.0,BTCUSDT
2025-11-29 06:00:00,0.0,BTCUSDT
2025-11-29 07:00:00,0.0,BTCUSDT
2025-11-29 08:00:00,-2.5964960849281972e-05,BTCUSDT
2025-11-29 09:00:00,0.0,BTCUSDT
2025-11-29 10:00:00,0.0,BTCUSDT
2025-11-29 11:00:00,0.0,BTCUSDT
2025-11-29 12:00:00,0.0,BTCUSDT
2025-11-29 13:00:00,0.0,BTCUSDT
2025-11-29 14:00:00,0.0,BTCUSDT
2025-11-29 15:00:00,0.0,BTCUSDT
2025-11-29 16:00:00,-2.360641478121158e-05,BTCUSDT
2025-11-29 17:00:00,0.0,BTCUSDT
2025-11-29 18:00:00,0.0,BTCUSDT
2025-11-29 19:00:00,0.0,BTCUSDT
2025-11-29 20:00:00,0.0,BTCUSDT
2025-11-29 21:00:00,0.0,BTCUSDT
2025-11-29 22:00:00,0.0,BTCUSDT
2025-11-29 23:00:00,0.0,BTCUSDT
2025-11-30 00:00:00,0.00020024981736144055,BTCUSDT
2025-11-30 01:00:00,0.0,BTCUSDT
2025-11-30 02:00:00,0.0,BTCUSDT
2025-11-30 03:00:00,0.0,BTCUSDT
2025-11-30 04:00:00,0.0,BTCUSDT
2025-11-30 05:00:00,0.0,BTCUSDT
2025-11-30 06:00:00,0.0,BTCUSDT
2025-11-30 07:00:00,0.0,BTCUSDT
2025-11-30 08:00:00,-2.3559254696205582e-05,BTCUSDT
2025-11-30 09:00:00,0.0,BTCUSDT
2025-11-30 10:00:00,0.0,BTCUSDT
2025-11-30 11:00:00,0.0,BTCUSDT
2025-11-30 12:00:00,0.0,BTCUSDT
2025-11-30 13:00:00,0.0,BTCUSDT
2025-11-30 14:00:00,0.0,BTCUSDT
2025-11-30 15:00:00,0.0,BTCUSDT
2025-11-30 16:00:00,0.00015891370251503277,BTCUSDT
2025-11-30 17:00:00,0.0,BTCUSDT
2025-11-30 18:00:00,0.0,BTCUSDT
2025-11-30 19:00:00,0.0,BTCUSDT
2025-11-30 20:00:00,0.0,BTCUSDT
2025-11-30 21:00:00,0.0,BTCUSDT
2025-11-30 22:00:00,0.0,BTCUSDT
2025-11-30 23:00:00,0.0,BTCUSDT
2025-12-01 00:00:00,0.0005281940592660708,BTCUSDT
2025-12-01 01:00:00,0.0,BTCUSDT
2025-12-01 02:00:00,0.0,BTCUSDT
2025-12-01 03:00:00,0.0,BTCUSDT
2025-12-01 04:00:00,0.0,BTCUSDT
2025-12-01 05:00:00,0.0,BTCUSDT
2025-12-01 06:00:00,0.0,BTCUSDT
2025-12-01 07:00:00,0.0,BTCUSDT
2025-12-01 08:00:00,0.00029685928903940917,BTCUSDT
2025-12-01 09:00:00,0.0,BTCUSDT
2025-12-01 10:00:00,0.0,BTCUSDT
2025-12-01 11:00:00,0.0,BTCUSDT
2025-12-01 12:00:00,0.0,BTCUSDT
2025-12-01 13:00:00,0.0,BTCUSDT
2025-12-01 14:00:00,0.0,BTCUSDT
2025-12-01 15:00:00,0.0,BTCUSDT
2025-12-01 16:00:00,-2.0687566897721515e-05,BTCUSDT
2025-12-01 17:00:00,0.0,BTCUSDT
2025-12-01 18:00:00,0.0,BTCUSDT
2025-12-01 19:00:00,0.0,BTCUSDT
2025-12-01 20:00:00,0.0,BTCUSDT
2025-12-01 21:00:00,0.0,BTCUSDT
2025-12-01 22:00:00,0.0,BTCUSDT
2025-12-01 23:00:00,0.0,BTCUSDT
2025-12-02 00:00:00,0.0004021463303078427,BTCUSDT
2025-12-02 01:00:00,0.0,BTCUSDT
2025-12-02 02:00:00,0.0,BTCUSDT
2025-12-02 03:00:00,0.0,BTCUSDT
2025-12-02 04:00:00,0.0,BTCUSDT
2025-12-02 05:00:00,0.0,BTCUSDT
2025-12-02 06:00:00,0.0,BTCUSDT
2025-12-02 07:00:00,0.0,BTCUSDT
2025-12-02 08:00:00,0.00023653050145851765,BTCUSDT
2025-12-02 09:00:00,0.0,BTCUSDT
2025-12-02 10:00:00,0.0,BTCUSDT
2025-12-02 11:00:00,0.0,BTCUSDT
2025-12-02 12:00:00,0.0,BTCUSDT
2025-12-02 13:00:00,0.0,BTCUSDT
2025-12-02 14:00:00,0.0,BTCUSDT
2025-12-02 15:00:00,0.0,BTCUSDT
2025-12-02 16:00:00,-0.0003294264199932064,BTCUSDT
2025-12-02 17:00:00,0.0,BTCUSDT
2025-12-02 18:00:00,0.0,BTCUSDT
2025-12-02 19:00:00,0.0,BTCUSDT
2025-12-02 20:00:00,0.0,BTCUSDT
2025-12-02 21:00:00,0.0,BTCUSDT
2025-12-02 22:00:00,0.0,BTCUSDT
2025-12-02 23:00:00,0.0,BTCUSDT
2025-12-03 00:00:00,0.00019419341395703245,BTCUSDT
2025-12-03 01:00:00,0.0,BTCUSDT
2025-12-03 02:00:00,0.0,BTCUSDT
2025-12-03 03:00:00,0.0,BTCUSDT
2025-12-03 04:00:00,0.0,BTCUSDT
2025-12-03 05:00:00,0.0,BTCUSDT
2025-12-03 06:00:00,0.0,BTCUSDT
2025-12-03 07:00:00,0.0,BTCUSDT
2025-12-03 08:00:00,6.153936314367456e-05,BTCUSDT
2025-12-03 09:00:00,0.0,BTCUSDT
2025-12-03 10:00:00,0.0,BTCUSDT
2025-12-03 11:00:00,0.0,BTCUSDT
2025-12-03 12:00:00,0.0,BTCUSDT
2025-12-03 13:00:00,0.0,BTCUSDT
2025-12-03 14:00:00,0.0,BTCUSDT
2025-12-03 15:00:00,0.0,BTCUSDT
2025-12-03 16:00:00,-2.2382610528364142e-05,BTCUSDT
2025-12-03 17:00:00,0.0,BTCUSDT
2025-12-03 18:00:00,0.0,BTCUSDT
2025-12-03 19:00:00,0.0,BTCUSDT
2025-12-03 20:00:00,0.0,BTCUSDT
2025-12-03 21:00:00,0.0,BTCUSDT
2025-12-03 22:00:00,0.0,BTCUSDT
2025-12-03 23:00:00,0.0,BTCUSDT
2025-12-04 00:00:00,-0.00031649439534053435,BTCUSDT
2025-12-04 01:00:00,0.0,BTCUSDT
2025-12-04 02:00:00,0.0,BTCUSDT
2025-12-04 03:00:00,0.0,BTCUSDT
2025-12-04 04:00:00,0.0,BTCUSDT
2025-12-04 05:00:00,0.0,BTCUSDT
2025-12-04 06:00:00,0.0,BTCUSDT
2025-12-04 07:00:00,0.0,BTCUSDT
2025-12-04 08:00:00,-9.30792318363401e-05,BTCUSDT
2025-12-04 09:00:00,0.0,BTCUSDT
2025-12-04 10:00:00,0.0,BTCUSDT
2025-12-04 11:00:00,0.0,BTCUSDT
2025-12-04 12:00:00,0.0,BTCUSDT
2025-12-04 13:00:00,0.0,BTCUSDT
2025-12-04 14:00:00,0.0,BTCUSDT
2025-12-04 15:00:00,0.0,BTCUSDT
2025-12-04 16:00:00,3.688646149309557e-05,BTCUSDT
2025-12-04 17:00:00,0.0,BTCUSDT
2025-12-04 18:00:00,0.0,BTCUSDT
2025-12-04 19:00:00,0.0,BTCUSDT
2025-12-04 20:00:00,0.0,BTCUSDT
2025-12-04 21:00:00,0.0,BTCUSDT
2025-12-04 22:00:00,0.0,BTCUSDT
2025-12-04 23:00:00,0.0,BTCUSDT
2025-12-05 00:00:00,0.0002831059583449486,BTCUSDT
2025-12-05 01:00:00,0.0,BTCUSDT
2025-12-05 02:00:00,0.0,BTCUSDT
2025-12-05 03:00:00,0.0,BTCUSDT
2025-12-05 04:00:00,0.0,BTCUSDT
2025-12-05 05:00:00,0.0,BTCUSDT
2025-12-05 06:00:00,0.0,BTCUSDT
2025-12-05 07:00:00,0.0,BTCUSDT
2025-12-05 08:00:00,-3.87826441810859e-06,BTCUSDT
2025-12-05 09:00:00,0.0,BTCUSDT
2025-12-05 10:00:00,0.0,BTCUSDT
2025-12-05 11:00:00,0.0,BTCUSDT
2025-12-05 12:00:00,0.0,BTCUSDT
2025-12-05 13:00:00,0.0,BTCUSDT
2025-12-05 14:00:00,0.0,BTCUSDT
2025-12-05 15:00:00,0.0,BTCUSDT
2025-12-05 16:00:00,-0.00017611420348939927,BTCUSDT
2025-12-05 17:00:00,0.0,BTCUSDT
2025-12-05 18:00:00,0.0,BTCUSDT
2025-12-05 19:00:00,0.0,BTCUSDT
2025-12-05 20:00:00,0.0,BTCUSDT
2025-12-05 21:00:00,0.0,BTCUSDT
2025-12-05 22:00:00,0.0,BTCUSDT
2025-12-05 23:00:00,0.0,BTCUSDT
2025-12-06 00:00:00,0.0003228468693485209,BTCUSDT
2025-12-06 01:00:00,0.0,BTCUSDT
2025-12-06 02:00:00,0.0,BTCUSDT
2025-12-06 03:00:00,0.0,BTCUSDT
2025-12-06 04:00:00,0.0,BTCUSDT
2025-12-06 05:00:00,0.0,BTCUSDT
2025-12-06 06:00:00,0.0,BTCUSDT
2025-12-06 07:00:00,0.0,BTCUSDT
2025-12-06 08:00:00,-4.737106535378886e-06,BTCUSDT
2025-12-06 09:00:00,0.0,BTCUSDT
2025-12-06 10:00:00,0.0,BTCUSDT
2025-12-06 11:00:00,0.0,BTCUSDT
2025-12-06 12:00:00,0.0,BTCUSDT
2025-12-06 13:00:00,0.0,BTCUSDT
2025-12-06 14:00:00,0.0,BTCUSDT
2025-12-06 15:00:00,0.0,BTCUSDT
2025-12-06 16:00:00,1.2156447035637454e-05,BTCUSDT
2025-12-06 17:00:00,0.0,BTCUSDT
2025-12-06 18:00:00,0.0,BTCUSDT
2025-12-06 19:00:00,0.0,BTCUSDT
2025-12-06 20:00:00,0.0,BTCUSDT
2025-12-06 21:00:00,0.0,BTCUSDT
2025-12-06 22:00:00,0.0,BTCUSDT
2025-12-06 23:00:00,0.0,BTCUSDT
2025-12-07 00:00:00,0.00031511898163966607,BTCUSDT
2025-12-07 01:00:00,0.0,BTCUSDT
2025-12-07 02:00:00,0.0,BTCUSDT
2025-12-07 03:00:00,0.0,BTCUSDT
2025-12-07 04:00:00,0.0,BTCUSDT
2025-12-07 05:00:00,0.0,BTCUSDT
2025-12-07 06:00:00,0.0,BTCUSDT
2025-12-07 07:00:00,0.0,BTCUSDT
2025-12-07 08:00:00,8.236902622592185e-05,BTCUSDT
2025-12-07 09:00:00,0.0,BTCUSDT
2025-12-07 10:00:00,0.0,BTCUSDT
2025-12-07 11:00:00,0.0,BTCUSDT
2025-12-07 12:00:00,0.0,BTCUSDT
2025-12-07 13:00:00,0.0,BTCUSDT
2025-12-07 14:00:00,0.0,BTCUSDT
2025-12-07 15:00:00,0.0,BTCUSDT
2025-12-07 16:00:00,-0.00021840169142373008,BTCUSDT
2025-12-07 17:00:00,0.0,BTCUSDT
2025-12-07 18:00:00,0.0,BTCUSDT
2025-12-07 19:00:00,0.0,BTCUSDT
2025-12-07 20:00:00,0.0,BTCUSDT
2025-12-07 21:00:00,0.0,BTCUSDT
2025-12-07 22:00:00,0.0,BTCUSDT
2025-12-07 23:00:00,0.0,BTCUSDT
2025-12-08 00:00:00,-4.279058243191067e-05,BTCUSDT
2025-12-08 01:00:00,0.0,BTCUSDT
2025-12-08 02:00:00,0.0,BTCUSDT
2025-12-08 03:00:00,0.0,BTCUSDT
2025-12-08 04:00:00,0.0,BTCUSDT
2025-12-08 05:00:00,0.0,BTCUSDT
2025-12-08 06:00:00,0.0,BTCUSDT
2025-12-08 07:00:00,0.0,BTCUSDT
2025-12-08 08:00:00,0.0003246160798681278,BTCUSDT
2025-12-08 09:00:00,0.0,BTCUSDT
2025-12-08 10:00:00,0.0,BTCUSDT
2025-12-08 11:00:00,0.0,BTCUSDT
2025-12-08 12:00:00,0.0,BTCUSDT
2025-12-08 13:00:00,0.0,BTCUSDT
2025-12-08 14:00:00,0.0,BTCUSDT
2025-12-08 15:00:00,0.0,BTCUSDT
2025-12-08 16:00:00,-6.904602108737078e-05,BTCUSDT
2025-12-08 17:00:00,0.0,BTCUSDT
2025-12-08 18:00:00,0.0,BTCUSDT
2025-12-08 19:00:00,0.0,BTCUSDT
2025-12-08 20:00:00,0.0,BTCUSDT
2025-12-08 21:00:00,0.0,BTCUSDT
2025-12-08 22:00:00,0.0,BTCUSDT
2025-12-08 23:00:00,0.0,BTCUSDT
2025-12-09 00:00:00,-0.0001516394580053852,BTCUSDT
2025-12-09 01:00:00,0.0,BTCUSDT
2025-12-09 02:00:00,0.0,BTCUSDT
2025-12-09 03:00:00,0.0,BTCUSDT
2025-12-09 04:00:00,0.0,BTCUSDT
2025-12-09 05:00:00,0.0,BTCUSDT
2025-12-09 06:00:00,0.0,BTCUSDT
2025-12-09 07:00:00,0.0,BTCUSDT
2025-12-09 08:00:00,3.2035766338340564e-05,BTCUSDT
2025-12-09 09:00:00,0.0,BTCUSDT
2025-12-09 10:00:00,0.0,BTCUSDT
2025-12-09 11:00:00,0.0,BTCUSDT
2025-12-09 12:00:00,0.0,BTCUSDT
2025-12-09 13:00:00,0.0,BTCUSDT
2025-12-09 14:00:00,0.0,BTCUSDT
2025-12-09 15:00:00,0.0,BTCUSDT
2025-12-09 16:00:00,-2.918163465245932e-05,BTCUSDT
2025-12-09 17:00:00,0.0,BTCUSDT
2025-12-09 18:00:00,0.0,BTCUSDT
2025-12-09 19:00:00,0.0,BTCUSDT
2025-12-09 20:00:00,0.0,BTCUSDT
2025-12-09 21:00:00,0.0,BTCUSDT
2025-12-09 22:00:00,0.0,BTCUSDT
2025-12-09 23:00:00,0.0,BTCUSDT
2025-12-10 00:00:00,-0.00012849637962368456,BTCUSDT
2025-12-10 01:00:00,0.0,BTCUSDT
2025-12-10 02:00:00,0.0,BTCUSDT
2025-12-10 03:00:00,0.0,BTCUSDT
2025-12-10 04:00:00,0.0,BTCUSDT
2025-12-10 05:00:00,0.0,BTCUSDT
2025-12-10 06:00:00,0.0,BTCUSDT
2025-12-10 07:00:00,0.0,BTCUSDT
2025-12-10 08:00:00,-8.730400761213257e-07,BTCUSDT
2025-12-10 09:00:00,0.0,BTCUSDT
2025-12-10 10:00:00,0.0,BTCUSDT
2025-12-10 11:00:00,0.0,BTCUSDT
2025-12-10 12:00:00,0.0,BTCUSDT
2025-12-10 13:00:00,0.0,BTCUSDT
2025-12-10 14:00:00,0.0,BTCUSDT
2025-12-10 15:00:00,0.0,BTCUSDT
2025-12-10 16:00:00,9.649652742085031e-05,BTCUSDT
2025-12-10 17:00:00,0.0,BTCUSDT
2025-12-10 18:00:00,0.0,BTCUSDT
2025-12-10 19:00:00,0.0,BTCUSDT
2025-12-10 20:00:00,0.0,BTCUSDT
2025-12-10 21:00:00,0.0,BTCUSDT
2025-12-10 22:00:00,0.0,BTCUSDT
2025-12-10 23:00:00,0.0,BTCUSDT
2025-12-11 00:00:00,4.5278688693166225e-05,BTCUSDT
2025-12-11 01:00:00,0.0,BTCUSDT
2025-12-11 02:00:00,0.0,BTCUSDT
2025-12-11 03:00:00,0.0,BTCUSDT
2025-12-11 04:00:00,0.0,BTCUSDT
2025-12-11 05:00:00,0.0,BTCUSDT
2025-12-11 06:00:00,0.0,BTCUSDT
2025-12-11 07:00:00,0.0,BTCUSDT
2025-12-11 08:00:00,0.00013279029617896214,BTCUSDT
2025-12-11 09:00:00,0.0,BTCUSDT
2025-12-11 10:00:00,0.0,BTCUSDT
2025-12-11 11:00:00,0.0,BTCUSDT
2025-12-11 12:00:00,0.0,BTCUSDT
2025-12-11 13:00:00,0.0,BTCUSDT
2025-12-11 14:00:00,0.0,BTCUSDT
2025-12-11 15:00:00,0.0,BTCUSDT
2025-12-11 16:00:00,0.00025798154937077864,BTCUSDT
2025-12-11 17:00:00,0.0,BTCUSDT
2025-12-11 18:00:00,0.0,BTCUSDT
2025-12-11 19:00:00,0.0,BTCUSDT
2025-12-11 20:00:00,0.0,BTCUSDT
2025-12-11 21:00:00,0.0,BTCUSDT
2025-12-11 22:00:00,0.0,BTCUSDT
2025-12-11 23:00:00,0.0,BTCUSDT
2025-12-12 00:00:00,-0.00016424674753273835,BTCUSDT
2025-12-12 01:00:00,0.0,BTCUSDT
2025-12-12 02:00:00,0.0,BTCUSDT
2025-12-12 03:00:00,0.0,BTCUSDT
2025-12-12 04:00:00,0.0,BTCUSDT
2025-12-12 05:00:00,0.0,BTCUSDT
2025-12-12 06:00:00,0.0,BTCUSDT
2025-12-12 07:00:00,0.0,BTCUSDT
2025-12-12 08:00:00,0.0002814469320115241,BTCUSDT
2025-12-12 09:00:00,0.0,BTCUSDT
2025-12-12 10:00:00,0.0,BTCUSDT
2025-12-12 11:00:00,0.0,BTCUSDT
2025-12-12 12:00:00,0.0,BTCUSDT
2025-12-12 13:00:00,0.0,BTCUSDT
2025-12-12 14:00:00,0.0,BTCUSDT
2025-12-12 15:00:00,0.0,BTCUSDT
2025-12-12 16:00:00,0.00032181989309534376,BTCUSDT
2025-12-12 17:00:00,0.0,BTCUSDT
2025-12-12 18:00:00,0.0,BTCUSDT
2025-12-12 19:00:00,0.0,BTCUSDT
2025-12-12 20:00:00,0.0,BTCUSDT
2025-12-12 21:00:00,0.0,BTCUSDT
2025-12-12 22:00:00,0.0,BTCUSDT
2025-12-12 23:00:00,0.0,BTCUSDT
2025-12-13 00:00:00,0.00032571881349571606,BTCUSDT
2025-12-13 01:00:00,0.0,BTCUSDT
2025-12-13 02:00:00,0.0,BTCUSDT
2025-12-13 03:00:00,0.0,BTCUSDT
2025-12-13 04:00:00,0.0,BTCUSDT
2025-12-13 05:00:00,0.0,BTCUSDT
2025-12-13 06:00:00,0.0,BTCUSDT
2025-12-13 07:00:00,0.0,BTCUSDT
2025-12-13 08:00:00,0.00024139509289411985,BTCUSDT
2025-12-13 09:00:00,0.0,BTCUSDT
2025-12-13 10:00:00,0.0,BTCUSDT
2025-12-13 11:00:00,0.0,BTCUSDT
2025-12-13 12:00:00,0.0,BTCUSDT
2025-12-13 13:00:00,0.0,BTCUSDT
2025-12-13 14:00:00,0.0,BTCUSDT
2025-12-13 15:00:00,0.0,BTCUSDT
2025-12-13 16:00:00,0.0003401601638856903,BTCUSDT
2025-12-13 17:00:00,0.0,BTCUSDT
2025-12-13 18:00:00,0.0,BTCUSDT
2025-12-13 19:00:00,0.0,BTCUSDT
2025-12-13 20:00:00,0.0,BTCUSDT
2025-12-13 21:00:00,0.0,BTCUSDT
2025-12-13 22:00:00,0.0,BTCUSDT
2025-12-13 23:00:00,0.0,BTCUSDT
2025-12-14 00:00:00,4.298089683433233e-05,BTCUSDT
2025-12-14 01:00:00,0.0,BTCUSDT
2025-12-14 02:00:00,0.0,BTCUSDT
2025-12-14 03:00:00,0.0,BTCUSDT
2025-12-14 04:00:00,0.0,BTCUSDT
2025-12-14 05:00:00,0.0,BTCUSDT
2025-12-14 06:00:00,0.0,BTCUSDT
2025-12-14 07:00:00,0.0,BTCUSDT
2025-12-14 08:00:00,6.461998190183148e-05,BTCUSDT
2025-12-14 09:00:00,0.0,BTCUSDT
2025-12-14 10:00:00,0.0,BTCUSDT
2025-12-14 11:00:00,0.0,BTCUSDT
2025-12-14 12:00:00,0.0,BTCUSDT
2025-12-14 13:00:00,0.0,BTCUSDT
2025-12-14 14:00:00,0.0,BTCUSDT
2025-12-14 15:00:00,0.0,BTCUSDT
2025-12-14 16:00:00,7.013731562566498e-05,BTCUSDT
2025-12-14 17:00:00,0.0,BTCUSDT
2025-12-14 18:00:00,0.0,BTCUSDT
2025-12-14 19:00:00,0.0,BTCUSDT
2025-12-14 20:00:00,0.0,BTCUSDT
2025-12-14 21:00:00,0.0,BTCUSDT
2025-12-14 22:00:00,0.0,BTCUSDT
2025-12-14 23:00:00,0.0,BTCUSDT
2025-12-15 00:00:00,0.00023176404893789288,BTCUSDT
2025-12-15 01:00:00,0.0,BTCUSDT
2025-12-15 02:00:00,0.0,BTCUSDT
2025-12-15 03:00:00,0.0,BTCUSDT
2025-12-15 04:00:00,0.0,BTCUSDT
2025-12-15 05:00:00,0.0,BTCUSDT
2025-12-15 06:00:00,0.0,BTCUSDT
2025-12-15 07:00:00,0.0,BTCUSDT
2025-12-15 08:00:00,-5.813472798451892e-05,BTCUSDT
2025-12-15 09:00:00,0.0,BTCUSDT
2025-12-15 10:00:00,0.0,BTCUSDT
2025-12-15 11:00:00,0.0,BTCUSDT
2025-12-15 12:00:00,0.0,BTCUSDT
2025-12-15 13:00:00,0.0,BTCUSDT
2025-12-15 14:00:00,0.0,BTCUSDT
2025-12-15 15:00:00,0.0,BTCUSDT
2025-12-15 16:00:00,-0.00017691932494546983,BTCUSDT
2025-12-15 17:00:00,0.0,BTCUSDT
2025-12-15 18:00:00,0.0,BTCUSDT
2025-12-15 19:00:00,0.0,BTCUSDT
2025-12-15 20:00:00,0.0,BTCUSDT
2025-12-15 21:00:00,0.0,BTCUSDT
2025-12-15 22:00:00,0.0,BTCUSDT
2025-12-15 23:00:00,0.0,BTCUSDT
2025-12-16 00:00:00,0.00035104524932691634,BTCUSDT
2025-12-16 01:00:00,0.0,BTCUSDT
2025-12-16 02:00:00,0.0,BTCUSDT
2025-12-16 03:00:00,0.0,BTCUSDT
2025-12-16 04:00:00,0.0,BTCUSDT
2025-12-16 05:00:00,0.0,BTCUSDT
2025-12-16 06:00:00,0.0,BTCUSDT
2025-12-16 07:00:00,0.0,BTCUSDT
2025-12-16 08:00:00,0.0005194254424746055,BTCUSDT
2025-12-16 09:00:00,0.0,BTCUSDT
2025-12-16 10:00:00,0.0,BTCUSDT
2025-12-16 11:00:00,0.0,BTCUSDT
2025-12-16 12:00:00,0.0,BTCUSDT
2025-12-16 13:00:00,0.0,BTCUSDT
2025-12-16 14:00:00,0.0,BTCUSDT
2025-12-16 15:00:00,0.0,BTCUSDT
2025-12-16 16:00:00,4.942398684432522e-05,BTCUSDT
2025-12-16 17:00:00,0.0,BTCUSDT
2025-12-16 18:00:00,0.0,BTCUSDT
2025-12-16 19:00:00,0.0,BTCUSDT
2025-12-16 20:00:00,0.0,BTCUSDT
2025-12-16 21:00:00,0.0,BTCUSDT
2025-12-16 22:00:00,0.0,BTCUSDT
2025-12-16 23:00:00,0.0,BTCUSDT
2025-12-17 00:00:00,0.00045968299583296383,BTCUSDT
2025-12-17 01:00:00,0.0,BTCUSDT
2025-12-17 02:00:00,0.0,BTCUSDT
2025-12-17 03:00:00,0.0,BTCUSDT
2025-12-17 04:00:00,0.0,BTCUSDT
2025-12-17 05:00:00,0.0,BTCUSDT
2025-12-17 06:00:00,0.0,BTCUSDT
2025-12-17 07:00:00,0.0,BTCUSDT
2025-12-17 08:00:00,0.00018535803865172892,BTCUSDT
2025-12-17 09:00:00,0.0,BTCUSDT
2025-12-17 10:00:00,0.0,BTCUSDT
2025-12-17 11:00:00,0.0,BTCUSDT
2025-12-17 12:00:00,0.0,BTCUSDT
2025-12-17 13:00:00,0.0,BTCUSDT
2025-12-17 14:00:00,0.0,BTCUSDT
2025-12-17 15:00:00,0.0,BTCUSDT
2025-12-17 16:00:00,0.0001539567858799872,BTCUSDT
2025-12-17 17:00:00,0.0,BTCUSDT
2025-12-17 18:00:00,0.0,BTCUSDT
2025-12-17 19:00:00,0.0,BTCUSDT
2025-12-17 20:00:00,0.0,BTCUSDT
2025-12-17 21:00:00,0.0,BTCUSDT
2025-12-17 22:00:00,0.0,BTCUSDT
2025-12-17 23:00:00,0.0,BTCUSDT
2025-12-18 00:00:00,-8.462383684730594e-05,BTCUSDT
2025-12-18 01:00:00,0.0,BTCUSDT
2025-12-18 02:00:00,0.0,BTCUSDT
2025-12-18 03:00:00,0.0,BTCUSDT
2025-12-18 04:00:00,0.0,BTCUSDT
2025-12-18 05:00:00,0.0,BTCUSDT
2025-12-18 06:00:00,0.0,BTCUSDT
2025-12-18 07:00:00,0.0,BTCUSDT
2025-12-18 08:00:00,0.0001408000762155383,BTCUSDT
2025-12-18 09:00:00,0.0,BTCUSDT
2025-12-18 10:00:00,0.0,BTCUSDT
2025-12-18 11:00:00,0.0,BTCUSDT
2025-12-18 12:00:00,0.0,BTCUSDT
2025-12-18 13:00:00,0.0,BTCUSDT
2025-12-18 14:00:00,0.0,BTCUSDT
2025-12-18 15:00:00,0.0,BTCUSDT
2025-12-18 16:00:00,0.0003481878374769613,BTCUSDT
2025-12-18 17:00:00,0.0,BTCUSDT
2025-12-18 18:00:00,0.0,BTCUSDT
2025-12-18 19:00:00,0.0,BTCUSDT
2025-12-18 20:00:00,0.0,BTCUSDT
2025-12-18 21:00:00,0.0,BTCUSDT
2025-12-18 22:00:00,0.0,BTCUSDT
2025-12-18 23:00:00,0.0,BTCUSDT
2025-12-19 00:00:00,-0.0001235788677440415,BTCUSDT
2025-12-19 01:00:00,0.0,BTCUSDT
2025-12-19 02:00:00,0.0,BTCUSDT
2025-12-19 03:00:00,0.0,BTCUSDT
2025-12-19 04:00:00,0.0,BTCUSDT
2025-12-19 05:00:00,0.0,BTCUSDT
2025-12-19 06:00:00,0.0,BTCUSDT
2025-12-19 07:00:00,0.0,BTCUSDT
2025-12-19 08:00:00,0.0001592369107976927,BTCUSDT
2025-12-19 09:00:00,0.0,BTCUSDT
2025-12-19 10:00:00,0.0,BTCUSDT
2025-12-19 11:00:00,0.0,BTCUSDT
2025-12-19 12:00:00,0.0,BTCUSDT
2025-12-19 13:00:00,0.0,BTCUSDT
2025-12-19 14:00:00,0.0,BTCUSDT
2025-12-19 15:00:00,0.0,BTCUSDT
2025-12-19 16:00:00,-9.552936743096112e-05,BTCUSDT
2025-12-19 17:00:00,0.0,BTCUSDT
2025-12-19 18:00:00,0.0,BTCUSDT
2025-12-19 19:00:00,0.0,BTCUSDT
2025-12-19 20:00:00,0.0,BTCUSDT
2025-12-19 21:00:00,0.0,BTCUSDT
2025-12-19 22:00:00,0.0,BTCUSDT
2025-12-19 23:00:00,0.0,BTCUSDT
2025-12-20 00:00:00,-7.720787767718152e-05,BTCUSDT
2025-12-20 01:00:00,0.0,BTCUSDT
2025-12-20 02:00:00,0.0,BTCUSDT
2025-12-20 03:00:00,0.0,BTCUSDT
2025-12-20 04:00:00,0.0,BTCUSDT
2025-12-20 05:00:00,0.0,BTCUSDT
2025-12-20 06:00:00,0.0,BTCUSDT
2025-12-20 07:00:00,0.0,BTCUSDT
2025-12-20 08:00:00,0.00040582020133464946,BTCUSDT
2025-12-20 09:00:00,0.0,BTCUSDT
2025-12-20 10:00:00,0.0,BTCUSDT
2025-12-20 11:00:00,0.0,BTCUSDT
2025-12-20 12:00:00,0.0,BTCUSDT
2025-12-20 13:00:00,0.0,BTCUSDT
2025-12-20 14:00:00,0.0,BTCUSDT
2025-12-20 15:00:00,0.0,BTCUSDT
2025-12-20 16:00:00,0.0001512721967476931,BTCUSDT
2025-12-20 17:00:00,0.0,BTCUSDT
2025-12-20 18:00:00,0.0,BTCUSDT
2025-12-20 19:00:00,0.0,BTCUSDT
2025-12-20 20:00:00,0.0,BTCUSDT
2025-12-20 21:00:00,0.0,BTCUSDT
2025-12-20 22:00:00,0.0,BTCUSDT
2025-12-20 23:00:00,0.0,BTCUSDT
2025-12-21 00:00:00,0.00014910563441123366,BTCUSDT
2025-12-21 01:00:00,0.0,BTCUSDT
2025-12-21 02:00:00,0.0,BTCUSDT
2025-12-21 03:00:00,0.0,BTCUSDT
2025-12-21 04:00:00,0.0,BTCUSDT
2025-12-21 05:00:00,0.0,BTCUSDT
2025-12-21 06:00:00,0.0,BTCUSDT
2025-12-21 07:00:00,0.0,BTCUSDT
2025-12-21 08:00:00,3.318938358863091e-05,BTCUSDT
2025-12-21 09:00:00,0.0,BTCUSDT
2025-12-21 10:00:00,0.0,BTCUSDT
2025-12-21 11:00:00,0.0,BTCUSDT
2025-12-21 12:00:00,0.0,BTCUSDT
2025-12-21 13:00:00,0.0,BTCUSDT
2025-12-21 14:00:00,0.0,BTCUSDT
2025-12-21 15:00:00,0.0,BTCUSDT
2025-12-21 16:00:00,0.00045156537990039014,BTCUSDT
2025-12-21 17:00:00,0.0,BTCUSDT
2025-12-21 18:00:00,0.0,BTCUSDT
2025-12-21 19:00:00,0.0,BTCUSDT
2025-12-21 20:00:00,0.0,BTCUSDT
2025-12-21 21:00:00,0.0,BTCUSDT
2025-12-21 22:00:00,0.0,BTCUSDT
2025-12-21 23:00:00,0.0,BTCUSDT
2025-12-22 00:00:00,0.00032242981256131966,BTCUSDT
2025-12-22 01:00:00,0.0,BTCUSDT
2025-12-22 02:00:00,0.0,BTCUSDT
2025-12-22 03:00:00,0.0,BTCUSDT
2025-12-22 04:00:00,0.0,BTCUSDT
2025-12-22 05:00:00,0.0,BTCUSDT
2025-12-22 06:00:00,0.0,BTCUSDT
2025-12-22 07:00:00,0.0,BTCUSDT
2025-12-22 08:00:00,0.000244232364416831,BTCUSDT
2025-12-22 09:00:00,0.0,BTCUSDT
2025-12-22 10:00:00,0.0,BTCUSDT
2025-12-22 11:00:00,0.0,BTCUSDT
2025-12-22 12:00:00,0.0,BTCUSDT
2025-12-22 13:00:00,0.0,BTCUSDT
2025-12-22 14:00:00,0.0,BTCUSDT
2025-12-22 15:00:00,0.0,BTCUSDT
2025-12-22 16:00:00,4.23938521121558e-05,BTCUSDT
2025-12-22 17:00:00,0.0,BTCUSDT
2025-12-22 18:00:00,0.0,BTCUSDT
2025-12-22 19:00:00,0.0,BTCUSDT
2025-12-22 20:00:00,0.0,BTCUSDT
2025-12-22 21:00:00,0.0,BTCUSDT
2025-12-22 22:00:00,0.0,BTCUSDT
2025-12-22 23:00:00,0.0,BTCUSDT
2025-12-23 00:00:00,0.000632922898400287,BTCUSDT
2025-12-23 01:00:00,0.0,BTCUSDT
2025-12-23 02:00:00,0.0,BTCUSDT
2025-12-23 03:00:00,0.0,BTCUSDT
2025-12-23 04:00:00,0.0,BTCUSDT
2025-12-23 05:00:00,0.0,BTCUSDT
2025-12-23 06:00:00,0.0,BTCUSDT
2025-12-23 07:00:00,0.0,BTCUSDT
2025-12-23 08:00:00,0.00036448086496234603,BTCUSDT
2025-12-23 09:00:00,0.0,BTCUSDT
2025-12-23 10:00:00,0.0,BTCUSDT
2025-12-23 11:00:00,0.0,BTCUSDT
2025-12-23 12:00:00,0.0,BTCUSDT
2025-12-23 13:00:00,0.0,BTCUSDT
2025-12-23 14:00:00,0.0,BTCUSDT
2025-12-23 15:00:00,0.0,BTCUSDT
2025-12-23 16:00:00,3.864546306727392e-05,BTCUSDT
2025-12-23 17:00:00,0.0,BTCUSDT
2025-12-23 18:00:00,0.0,BTCUSDT
2025-12-23 19:00:00,0.0,BTCUSDT
2025-12-23 20:00:00,0.0,BTCUSDT
2025-12-23 21:00:00,0.0,BTCUSDT
2025-12-23 22:00:00,0.0,BTCUSDT
2025-12-23 23:00:00,0.0,BTCUSDT
2025-12-24 00:00:00,0.00018440287188213877,BTCUSDT
2025-12-24 01:00:00,0.0,BTCUSDT
2025-12-24 02:00:00,0.0,BTCUSDT
2025-12-24 03:00:00,0.0,BTCUSDT
2025-12-24 04:00:00,0.0,BTCUSDT
2025-12-24 05:00:00,0.0,BTCUSDT
2025-12-24 06:00:00,0.0,BTCUSDT
2025-12-24 07:00:00,0.0,BTCUSDT
2025-12-24 08:00:00,-9.619418370521506e-05,BTCUSDT
2025-12-24 09:00:00,0.0,BTCUSDT
2025-12-24 10:00:00,0.0,BTCUSDT
2025-12-24 11:00:00,0.0,BTCUSDT
2025-12-24 12:00:00,0.0,BTCUSDT
2025-12-24 13:00:00,0.0,BTCUSDT
2025-12-24 14:00:00,0.0,BTCUSDT
2025-12-24 15:00:00,0.0,BTCUSDT
2025-12-24 16:00:00,-0.00016897735615623992,BTCUSDT
2025-12-24 17:00:00,0.0,BTCUSDT
2025-12-24 18:00:00,0.0,BTCUSDT
2025-12-24 19:00:00,0.0,BTCUSDT
2025-12-24 20:00:00,0.0,BTCUSDT
2025-12-24 21:00:00,0.0,BTCUSDT
2025-12-24 22:00:00,0.0,BTCUSDT
2025-12-24 23:00:00,0.0,BTCUSDT
2025-12-25 00:00:00,0.0002307729009284756,BTCUSDT
2025-12-25 01:00:00,0.0,BTCUSDT
2025-12-25 02:00:00,0.0,BTCUSDT
2025-12-25 03:00:00,0.0,BTCUSDT
2025-12-25 04:00:00,0.0,BTCUSDT
2025-12-25 05:00:00,0.0,BTCUSDT
2025-12-25 06:00:00,0.0,BTCUSDT
2025-12-25 07:00:00,0.0,BTCUSDT
2025-12-25 08:00:00,-0.00022343034288800872,BTCUSDT
2025-12-25 09:00:00,0.0,BTCUSDT
2025-12-25 10:00:00,0.0,BTCUSDT
2025-12-25 11:00:00,0.0,BTCUSDT
2025-12-25 12:00:00,0.0,BTCUSDT
2025-12-25 13:00:00,0.0,BTCUSDT
2025-12-25 14:00:00,0.0,BTCUSDT
2025-12-25 15:00:00,0.0,BTCUSDT
2025-12-25 16:00:00,0.00017825699142417475,BTCUSDT
2025-12-25 17:00:00,0.0,BTCUSDT
2025-12-25 18:00:00,0.0,BTCUSDT
2025-12-25 19:00:00,0.0,BTCUSDT
2025-12-25 20:00:00,0.0,BTCUSDT
2025-12-25 21:00:00,0.0,BTCUSDT
2025-12-25 22:00:00,0.0,BTCUSDT
2025-12-25 23:00:00,0.0,BTCUSDT
2025-12-26 00:00:00,0.00022574610965192743,BTCUSDT
2025-12-26 01:00:00,0.0,BTCUSDT
2025-12-26 02:00:00,0.0,BTCUSDT
2025-12-26 03:00:00,0.0,BTCUSDT
2025-12-26 04:00:00,0.0,BTCUSDT
2025-12-26 05:00:00,0.0,BTCUSDT
2025-12-26 06:00:00,0.0,BTCUSDT
2025-12-26 07:00:00,0.0,BTCUSDT
2025-12-26 08:00:00,-0.0004040876941238131,BTCUSDT
2025-12-26 09:00:00,0.0,BTCUSDT
2025-12-26 10:00:00,0.0,BTCUSDT
2025-12-26 11:00:00,0.0,BTCUSDT
2025-12-26 12:00:00,0.0,BTCUSDT
2025-12-26 13:00:00,0.0,BTCUSDT
2025-12-26 14:00:00,0.0,BTCUSDT
2025-12-26 15:00:00,0.0,BTCUSDT
2025-12-26 16:00:00,0.00023285504085142513,BTCUSDT
2025-12-26 17:00:00,0.0,BTCUSDT
2025-12-26 18:00:00,0.0,BTCUSDT
2025-12-26 19:00:00,0.0,BTCUSDT
2025-12-26 20:00:00,0.0,BTCUSDT
2025-12-26 21:00:00,0.0,BTCUSDT
2025-12-26 22:00:00,0.0,BTCUSDT
2025-12-26 23:00:00,0.0,BTCUSDT
2025-12-27 00:00:00,0.00025291991952711607,BTCUSDT
2025-12-27 01:00:00,0.0,BTCUSDT
2025-12-27 02:00:00,0.0,BTCUSDT
2025-12-27 03:00:00,0.0,BTCUSDT
2025-12-27 04:00:00,0.0,BTCUSDT
2025-12-27 05:00:00,0.0,BTCUSDT
2025-12-27 06:00:00,0.0,BTCUSDT
2025-12-27 07:00:00,0.0,BTCUSDT
2025-12-27 08:00:00,0.00048356960032133316,BTCUSDT
2025-12-27 09:00:00,0.0,BTCUSDT
2025-12-27 10:00:00,0.0,BTCUSDT
2025-12-27 11:00:00,0.0,BTCUSDT
2025-12-27 12:00:00,0.0,BTCUSDT
2025-12-27 13:00:00,0.0,BTCUSDT
2025-12-27 14:00:00,0.0,BTCUSDT
2025-12-27 15:00:00,0.0,BTCUSDT
2025-12-27 16:00:00,0.00012495277257547707,BTCUSDT
2025-12-27 17:00:00,0.0,BTCUSDT
2025-12-27 18:00:00,0.0,BTCUSDT
2025-12-27 19:00:00,0.0,BTCUSDT
2025-12-27 20:00:00,0.0,BTCUSDT
2025-12-27 21:00:00,0.0,BTCUSDT
2025-12-27 22:00:00,0.0,BTCUSDT
2025-12-27 23:00:00,0.0,BTCUSDT
2025-12-28 00:00:00,6.731855385373755e-05,BTCUSDT
2025-12-28 01:00:00,0.0,BTCUSDT
2025-12-28 02:00:00,0.0,BTCUSDT
2025-12-28 03:00:00,0.0,BTCUSDT
2025-12-28 04:00:00,0.0,BTCUSDT
2025-12-28 05:00:00,0.0,BTCUSDT
2025-12-28 06:00:00,0.0,BTCUSDT
2025-12-28 07:00:00,0.0,BTCUSDT
2025-12-28 08:00:00,-0.00018433380961180648,BTCUSDT
2025-12-28 09:00:00,0.0,BTCUSDT
2025-12-28 10:00:00,0.0,BTCUSDT
2025-12-28 11:00:00,0.0,BTCUSDT
2025-12-28 12:00:00,0.0,BTCUSDT
2025-12-28 13:00:00,0.0,BTCUSDT
2025-12-28 14:00:00,0.0,BTCUSDT
2025-12-28 15:00:00,0.0,BTCUSDT
2025-12-28 16:00:00,0.00023869916412092002,BTCUSDT
2025-12-28 17:00:00,0.0,BTCUSDT
2025-12-28 18:00:00,0.0,BTCUSDT
2025-12-28 19:00:00,0.0,BTCUSDT
2025-12-28 20:00:00,0.0,BTCUSDT
2025-12-28 21:00:00,0.0,BTCUSDT
2025-12-28 22:00:00,0.0,BTCUSDT
2025-12-28 23:00:00,0.0,BTCUSDT
2025-12-29 00:00:00,-0.00020161517596020202,BTCUSDT
2025-12-29 01:00:00,0.0,BTCUSDT
2025-12-29 02:00:00,0.0,BTCUSDT
2025-12-29 03:00:00,0.0,BTCUSDT
2025-12-29 04:00:00,0.0,BTCUSDT
2025-12-29 05:00:00,0.0,BTCUSDT
2025-12-29 06:00:00,0.0,BTCUSDT
2025-12-29 07:00:00,0.0,BTCUSDT
2025-12-29 08:00:00,0.0002699043973988248,BTCUSDT
2025-12-29 09:00:00,0.0,BTCUSDT
2025-12-29 10:00:00,0.0,BTCUSDT
2025-12-29 11:00:00,0.0,BTCUSDT
2025-12-29 12:00:00,0.0,BTCUSDT
2025-12-29 13:00:00,0.0,BTCUSDT
2025-12-29 14:00:00,0.0,BTCUSDT
2025-12-29 15:00:00,0.0,BTCUSDT
2025-12-29 16:00:00,-0.00010560773181857274,BTCUSDT
2025-12-29 17:00:00,0.0,BTCUSDT
2025-12-29 18:00:00,0.0,BTCUSDT
2025-12-29 19:00:00,0.0,BTCUSDT
2025-12-29 20:00:00,0.0,BTCUSDT
2025-12-29 21:00:00,0.0,BTCUSDT
2025-12-29 22:00:00,0.0,BTCUSDT
2025-12-29 23:00:00,0.0,BTCUSDT
2025-12-30 00:00:00,-1.583722822938605e-05,BTCUSDT
2025-12-30 01:00:00,0.0,BTCUSDT
2025-12-30 02:00:00,0.0,BTCUSDT
2025-12-30 03:00:00,0.0,BTCUSDT
2025-12-30 04:00:00,0.0,BTCUSDT
2025-12-30 05:00:00,0.0,BTCUSDT
2025-12-30 06:00:00,0.0,BTCUSDT
2025-12-30 07:00:00,0.0,BTCUSDT
2025-12-30 08:00:00,-4.690485966891346e-06,BTCUSDT
2025-12-30 09:00:00,0.0,BTCUSDT
2025-12-30 10:00:00,0.0,BTCUSDT
2025-12-30 11:00:00,0.0,BTCUSDT
2025-12-30 12:00:00,0.0,BTCUSDT
2025-12-30 13:00:00,0.0,BTCUSDT
2025-12-30 14:00:00,0.0,BTCUSDT
2025-12-30 15:00:00,0.0,BTCUSDT
2025-12-30 16:00:00,0.00031730611157976436,BTCUSDT
2025-12-30 17:00:00,0.0,BTCUSDT
2025-12-30 18:00:00,0.0,BTCUSDT
2025-12-30 19:00:00,0.0,BTCUSDT
2025-12-30 20:00:00,0.0,BTCUSDT
2025-12-30 21:00:00,0.0,BTCUSDT
2025-12-30 22:00:00,0.0,BTCUSDT
2025-12-30 23:00:00,0.0,BTCUSDT
2025-12-31 00:00:00,0.00012406998307543424,BTCUSDT
2025-12-31 01:00:00,0.0,BTCUSDT
2025-12-31 02:00:00,0.0,BTCUSDT
2025-12-31 03:00:00,0.0,BTCUSDT
2025-12-31 04:00:00,0.0,BTCUSDT
2025-12-31 05:00:00,0.0,BTCUSDT
2025-12-31 06:00:00,0.0,BTCUSDT
2025-12-31 07:00:00,0.0,BTCUSDT
2025-12-31 08:00:00,0.00017276808685852255,BTCUSDT
2025-12-31 09:00:00,0.0,BTCUSDT
2025-12-31 10:00:00,0.0,BTCUSDT
2025-12-31 11:00:00,0.0,BTCUSDT
2025-12-31 12:00:00,0.0,BTCUSDT
2025-12-31 13:00:00,0.0,BTCUSDT
2025-12-31 14:00:00,0.0,BTCUSDT
2025-12-31 15:00:00,0.0,BTCUSDT
2025-12-31 16:00:00,0.0002671939848544554,BTCUSDT
2025-12-31 17:00:00,0.0,BTCUSDT
2025-12-31 18:00:00,0.0,BTCUSDT
2025-12-31 19:00:00,0.0,BTCUSDT
2025-12-31 20:00:00,0.0,BTCUSDT
2025-12-31 21:00:00,0.0,BTCUSDT
2025-12-31 22:00:00,0.0,BTCUSDT
2025-12-31 23:00:00,0.0,BTCUSDT
2026-01-01 00:00:00,-0.00020792513884119215,BTCUSDT
2026-01-01 01:00:00,0.0,BTCUSDT
2026-01-01 02:00:00,0.0,BTCUSDT
2026-01-01 03:00:00,0.0,BTCUSDT
2026-01-01 04:00:00,0.0,BTCUSDT
2026-01-01 05:00:00,0.0,BTCUSDT
2026-01-01 06:00:00,0.0,BTCUSDT
2026-01-01 07:00:00,0.0,BTCUSDT
2026-01-01 08:00:00,1.469029357319319e-06,BTCUSDT
2026-01-01 09:00:00,0.0,BTCUSDT
2026-01-01 10:00:00,0.0,BTCUSDT
2026-01-01 11:00:00,0.0,BTCUSDT
2026-01-01 12:00:00,0.0,BTCUSDT
2026-01-01 13:00:00,0.0,BTCUSDT
2026-01-01 14:00:00,0.0,BTCUSDT
2026-01-01 15:00:00,0.0,BTCUSDT
2026-01-01 16:00:00,0.0004312645015607115,BTCUSDT
2026-01-01 17:00:00,0.0,BTCUSDT
2026-01-01 18:00:00,0.0,BTCUSDT
2026-01-01 19:00:00,0.0,BTCUSDT
2026-01-01 20:00:00,0.0,BTCUSDT
2026-01-01 21:00:00,0.0,BTCUSDT
2026-01-01 22:00:00,0.0,BTCUSDT
2026-01-01 23:00:00,0.0,BTCUSDT
2026-01-02 00:00:00,-0.0001763098117758877,BTCUSDT
2026-01-02 01:00:00,0.0,BTCUSDT
2026-01-02 02:00:00,0.0,BTCUSDT
2026-01-02 03:00:00,0.0,BTCUSDT
2026-01-02 04:00:00,0.0,BTCUSDT
2026-01-02 05:00:00,0.0,BTCUSDT
2026-01-02 06:00:00,0.0,BTCUSDT
2026-01-02 07:00:00,0.0,BTCUSDT
2026-01-02 08:00:00,1.7473944677356252e-06,BTCUSDT
2026-01-02 09:00:00,0.0,BTCUSDT
2026-01-02 10:00:00,0.0,BTCUSDT
2026-01-02 11:00:00,0.0,BTCUSDT
2026-01-02 12:00:00,0.0,BTCUSDT
2026-01-02 13:00:00,0.0,BTCUSDT
2026-01-02 14:00:00,0.0,BTCUSDT
2026-01-02 15:00:00,0.0,BTCUSDT
2026-01-02 16:00:00,2.2172980804687254e-05,BTCUSDT
2026-01-02 17:00:00,0.0,BTCUSDT
2026-01-02 18:00:00,0.0,BTCUSDT
2026-01-02 19:00:00,0.0,BTCUSDT
2026-01-02 20:00:00,0.0,BTCUSDT
2026-01-02 21:00:00,0.0,BTCUSDT
2026-01-02 22:00:00,0.0,BTCUSDT
2026-01-02 23:00:00,0.0,BTCUSDT
2026-01-03 00:00:00,0.00015813329862260993,BTCUSDT
2026-01-03 01:00:00,0.0,BTCUSDT
2026-01-03 02:00:00,0.0,BTCUSDT
2026-01-03 03:00:00,0.0,BTCUSDT
2026-01-03 04:00:00,0.0,BTCUSDT
2026-01-03 05:00:00,0.0,BTCUSDT
2026-01-03 06:00:00,0.0,BTCUSDT
2026-01-03 07:00:00,0.0,BTCUSDT
2026-01-03 08:00:00,0.0001004236842034945,BTCUSDT
2026-01-03 09:00:00,0.0,BTCUSDT
2026-01-03 10:00:00,0.0,BTCUSDT
2026-01-03 11:00:00,0.0,BTCUSDT
2026-01-03 12:00:00,0.0,BTCUSDT
2026-01-03 13:00:00,0.0,BTCUSDT
2026-01-03 14:00:00,0.0,BTCUSDT
2026-01-03 15:00:00,0.0,BTCUSDT
2026-01-03 16:00:00,-0.00021282035269585604,BTCUSDT
2026-01-03 17:00:00,0.0,BTCUSDT
2026-01-03 18:00:00,0.0,BTCUSDT
2026-01-03 19:00:00,0.0,BTCUSDT
2026-01-03 20:00:00,0.0,BTCUSDT
2026-01-03 21:00:00,0.0,BTCUSDT
2026-01-03 22:00:00,0.0,BTCUSDT
2026-01-03 23:00:00,0.0,BTCUSDT
2026-01-04 00:00:00,0.0001377340895019997,BTCUSDT
2026-01-04 01:00:00,0.0,BTCUSDT
2026-01-04 02:00:00,0.0,BTCUSDT
2026-01-04 03:00:00,0.0,BTCUSDT
2026-01-04 04:00:00,0.0,BTCUSDT
2026-01-04 05:00:00,0.0,BTCUSDT
2026-01-04 06:00:00,0.0,BTCUSDT
2026-01-04 07:00:00,0.0,BTCUSDT
2026-01-04 08:00:00,-0.00029001558530487615,BTCUSDT
2026-01-04 09:00:00,0.0,BTCUSDT
2026-01-04 10:00:00,0.0,BTCUSDT
2026-01-04 11:00:00,0.0,BTCUSDT
2026-01-04 12:00:00,0.0,BTCUSDT
2026-01-04 13:00:00,0.0,BTCUSDT
2026-01-04 14:00:00,0.0,BTCUSDT
2026-01-04 15:00:00,0.0,BTCUSDT
2026-01-04 16:00:00,0.00024574831729315183,BTCUSDT
2026-01-04 17:00:00,0.0,BTCUSDT
2026-01-04 18:00:00,0.0,BTCUSDT
2026-01-04 19:00:00,0.0,BTCUSDT
2026-01-04 20:00:00,0.0,BTCUSDT
2026-01-04 21:00:00,0.0,BTCUSDT
2026-01-04 22:00:00,0.0,BTCUSDT
2026-01-04 23:00:00,0.0,BTCUSDT
2026-01-05 00:00:00,0.00030795245792095637,BTCUSDT
2026-01-05 01:00:00,0.0,BTCUSDT
2026-01-05 02:00:00,0.0,BTCUSDT
2026-01-05 03:00:00,0.0,BTCUSDT
2026-01-05 04:00:00,0.0,BTCUSDT
2026-01-05 05:00:00,0.0,BTCUSDT
2026-01-05 06:00:00,0.0,BTCUSDT
2026-01-05 07:00:00,0.0,BTCUSDT
2026-01-05 08:00:00,0.00034923299957558896,BTCUSDT
2026-01-05 09:00:00,0.0,BTCUSDT
2026-01-05 10:00:00,0.0,BTCUSDT
2026-01-05 11:00:00,0.0,BTCUSDT
2026-01-05 12:00:00,0.0,BTCUSDT
2026-01-05 13:00:00,0.0,BTCUSDT
2026-01-05 14:00:00,0.0,BTCUSDT
2026-01-05 15:00:00,0.0,BTCUSDT
2026-01-05 16:00:00,0.00015665399002931968,BTCUSDT
2026-01-05 17:00:00,0.0,BTCUSDT
2026-01-05 18:00:00,0.0,BTCUSDT
2026-01-05 19:00:00,0.0,BTCUSDT
2026-01-05 20:00:00,0.0,BTCUSDT
2026-01-05 21:00:00,0.0,BTCUSDT
2026-01-05 22:00:00,0.0,BTCUSDT
2026-01-05 23:00:00,0.0,BTCUSDT
2026-01-06 00:00:00,-8.909366799893165e-05,BTCUSDT
2026-01-06 01:00:00,0.0,BTCUSDT
2026-01-06 02:00:00,0.0,BTCUSDT
2026-01-06 03:00:00,0.0,BTCUSDT
2026-01-06 04:00:00,0.0,BTCUSDT
2026-01-06 05:00:00,0.0,BTCUSDT
2026-01-06 06:00:00,0.0,BTCUSDT
2026-01-06 07:00:00,0.0,BTCUSDT
2026-01-06 08:00:00,0.0001759666910074171,BTCUSDT
2026-01-06 09:00:00,0.0,BTCUSDT
2026-01-06 10:00:00,0.0,BTCUSDT
2026-01-06 11:00:00,0.0,BTCUSDT
2026-01-06 12:00:00,0.0,BTCUSDT
2026-01-06 13:00:00,0.0,BTCUSDT
2026-01-06 14:00:00,0.0,BTCUSDT
2026-01-06 15:00:00,0.0,BTCUSDT
2026-01-06 16:00:00,0.00019858996209339388,BTCUSDT
2026-01-06 17:00:00,0.0,BTCUSDT
2026-01-06 18:00:00,0.0,BTCUSDT
2026-01-06 19:00:00,0.0,BTCUSDT
2026-01-06 20:00:00,0.0,BTCUSDT
2026-01-06 21:00:00,0.0,BTCUSDT
2026-01-06 22:00:00,0.0,BTCUSDT
2026-01-06 23:00:00,0.0,BTCUSDT
2026-01-07 00:00:00,-0.0003160565234484904,BTCUSDT
2026-01-07 01:00:00,0.0,BTCUSDT
2026-01-07 02:00:00,0.0,BTCUSDT
2026-01-07 03:00:00,0.0,BTCUSDT
2026-01-07 04:00:00,0.0,BTCUSDT
2026-01-07 05:00:00,0.0,BTCUSDT
2026-01-07 06:00:00,0.0,BTCUSDT
2026-01-07 07:00:00,0.0,BTCUSDT
2026-01-07 08:00:00,-9.311500124196778e-05,BTCUSDT
2026-01-07 09:00:00,0.0,BTCUSDT
2026-01-07 10:00:00,0.0,BTCUSDT
2026-01-07 11:00:00,0.0,BTCUSDT
2026-01-07 12:00:00,0.0,BTCUSDT
2026-01-07 13:00:00,0.0,BTCUSDT
2026-01-07 14:00:00,0.0,BTCUSDT
2026-01-07 15:00:00,0.0,BTCUSDT
2026-01-07 16:00:00,0.0003439886398465663,BTCUSDT
2026-01-07 17:00:00,0.0,BTCUSDT
2026-01-07 18:00:00,0.0,BTCUSDT
2026-01-07 19:00:00,0.0,BTCUSDT
2026-01-07 20:00:00,0.0,BTCUSDT
2026-01-07 21:00:00,0.0,BTCUSDT
2026-01-07 22:00:00,0.0,BTCUSDT
2026-01-07 23:00:00,0.0,BTCUSDT
2026-01-08 00:00:00,0.0003480766869210843,BTCUSDT
2026-01-08 01:00:00,0.0,BTCUSDT
2026-01-08 02:00:00,0.0,BTCUSDT
2026-01-08 03:00:00,0.0,BTCUSDT
2026-01-08 04:00:00,0.0,BTCUSDT
2026-01-08 05:00:00,0.0,BTCUSDT
2026-01-08 06:00:00,0.0,BTCUSDT
2026-01-08 07:00:00,0.0,BTCUSDT
2026-01-08 08:00:00,-0.0001251741654290249,BTCUSDT
2026-01-08 09:00:00,0.0,BTCUSDT
2026-01-08 10:00:00,0.0,BTCUSDT
2026-01-08 11:00:00,0.0,BTCUSDT
2026-01-08 12:00:00,0.0,BTCUSDT
2026-01-08 13:00:00,0.0,BTCUSDT
2026-01-08 14:00:00,0.0,BTCUSDT
2026-01-08 15:00:00,0.0,BTCUSDT
2026-01-08 16:00:00,0.00010827715246142286,BTCUSDT
2026-01-08 17:00:00,0.0,BTCUSDT
2026-01-08 18:00:00,0.0,BTCUSDT
2026-01-08 19:00:00,0.0,BTCUSDT
2026-01-08 20:00:00,0.0,BTCUSDT
2026-01-08 21:00:00,0.0,BTCUSDT
2026-01-08 22:00:00,0.0,BTCUSDT
2026-01-08 23:00:00,0.0,BTCUSDT
2026-01-09 00:00:00,0.000416743509127908,BTCUSDT
2026-01-09 01:00:00,0.0,BTCUSDT
2026-01-09 02:00:00,0.0,BTCUSDT
2026-01-09 03:00:00,0.0,BTCUSDT
2026-01-09 04:00:00,0.0,BTCUSDT
2026-01-09 05:00:00,0.0,BTCUSDT
2026-01-09 06:00:00,0.0,BTCUSDT
2026-01-09 07:00:00,0.0,BTCUSDT
2026-01-09 08:00:00,0.00035061274538578254,BTCUSDT
2026-01-09 09:00:00,0.0,BTCUSDT
2026-01-09 10:00:00,0.0,BTCUSDT
2026-01-09 11:00:00,0.0,BTCUSDT
2026-01-09 12:00:00,0.0,BTCUSDT
2026-01-09 13:00:00,0.0,BTCUSDT
2026-01-09 14:00:00,0.0,BTCUSDT
2026-01-09 15:00:00,0.0,BTCUSDT
2026-01-09 16:00:00,0.00047814596971880593,BTCUSDT
2026-01-09 17:00:00,0.0,BTCUSDT
2026-01-09 18:00:00,0.0,BTCUSDT
2026-01-09 19:00:00,0.0,BTCUSDT
2026-01-09 20:00:00,0.0,BTCUSDT
2026-01-09 21:00:00,0.0,BTCUSDT
2026-01-09 22:00:00,0.0,BTCUSDT
2026-01-09 23:00:00,0.0,BTCUSDT
2026-01-10 00:00:00,-1.4786926614840051e-05,BTCUSDT
2026-01-10 01:00:00,0.0,BTCUSDT
2026-01-10 02:00:00,0.0,BTCUSDT
2026-01-10 03:00:00,0.0,BTCUSDT
2026-01-10 04:00:00,0.0,BTCUSDT
2026-01-10 05:00:00,0.0,BTCUSDT
2026-01-10 06:00:00,0.0,BTCUSDT
2026-01-10 07:00:00,0.0,BTCUSDT
2026-01-10 08:00:00,-0.00016642579092618023,BTCUSDT
2026-01-10 09:00:00,0.0,BTCUSDT
2026-01-10 10:00:00,0.0,BTCUSDT
2026-01-10 11:00:00,0.0,BTCUSDT
2026-01-10 12:00:00,0.0,BTCUSDT
2026-01-10 13:00:00,0.0,BTCUSDT
2026-01-10 14:00:00,0.0,BTCUSDT
2026-01-10 15:00:00,0.0,BTCUSDT
2026-01-10 16:00:00,0.00020497299834502578,BTCUSDT
2026-01-10 17:00:00,0.0,BTCUSDT
2026-01-10 18:00:00,0.0,BTCUSDT
2026-01-10 19:00:00,0.0,BTCUSDT
2026-01-10 20:00:00,0.0,BTCUSDT
2026-01-10 21:00:00,0.0,BTCUSDT
2026-01-10 22:00:00,0.0,BTCUSDT
2026-01-10 23:00:00,0.0,BTCUSDT
2026-01-11 00:00:00,2.2919804700608355e-05,BTCUSDT
2026-01-11 01:00:00,0.0,BTCUSDT
2026-01-11 02:00:00,0.0,BTCUSDT
2026-01-11 03:00:00,0.0,BTCUSDT
2026-01-11 04:00:00,0.0,BTCUSDT
2026-01-11 05:00:00,0.0,BTCUSDT
2026-01-11 06:00:00,0.0,BTCUSDT
2026-01-11 07:00:00,0.0,BTCUSDT
2026-01-11 08:00:00,-4.55899734948626e-05,BTCUSDT
2026-01-11 09:00:00,0.0,BTCUSDT
2026-01-11 10:00:00,0.0,BTCUSDT
2026-01-11 11:00:00,0.0,BTCUSDT
2026-01-11 12:00:00,0.0,BTCUSDT
2026-01-11 13:00:00,0.0,BTCUSDT
2026-01-11 14:00:00,0.0,BTCUSDT
2026-01-11 15:00:00,0.0,BTCUSDT
2026-01-11 16:00:00,0.00033375378340222406,BTCUSDT
2026-01-11 17:00:00,0.0,BTCUSDT
2026-01-11 18:00:00,0.0,BTCUSDT
2026-01-11 19:00:00,0.0,BTCUSDT
2026-01-11 20:00:00,0.0,BTCUSDT
2026-01-11 21:00:00,0.0,BTCUSDT
2026-01-11 22:00:00,0.0,BTCUSDT
2026-01-11 23:00:00,0.0,BTCUSDT
2026-01-12 00:00:00,0.00010213866235929606,BTCUSDT
2026-01-12 01:00:00,0.0,BTCUSDT
2026-01-12 02:00:00,0.0,BTCUSDT
2026-01-12 03:00:00,0.0,BTCUSDT
2026-01-12 04:00:00,0.0,BTCUSDT
2026-01-12 05:00:00,0.0,BTCUSDT
2026-01-12 06:00:00,0.0,BTCUSDT
2026-01-12 07:00:00,0.0,BTCUSDT
2026-01-12 08:00:00,4.108117809908308e-06,BTCUSDT
2026-01-12 09:00:00,0.0,BTCUSDT
2026-01-12 10:00:00,0.0,BTCUSDT
2026-01-12 11:00:00,0.0,BTCUSDT
2026-01-12 12:00:00,0.0,BTCUSDT
2026-01-12 13:00:00,0.0,BTCUSDT
2026-01-12 14:00:00,0.0,BTCUSDT
2026-01-12 15:00:00,0.0,BTCUSDT
2026-01-12 16:00:00,0.00031934484152585686,BTCUSDT
2026-01-12 17:00:00,0.0,BTCUSDT
2026-01-12 18:00:00,0.0,BTCUSDT
2026-01-12 19:00:00,0.0,BTCUSDT
2026-01-12 20:00:00,0.0,BTCUSDT
2026-01-12 21:00:00,0.0,BTCUSDT
2026-01-12 22:00:00,0.0,BTCUSDT
2026-01-12 23:00:00,0.0,BTCUSDT
2026-01-13 00:00:00,8.042151896557274e-05,BTCUSDT
2026-01-13 01:00:00,0.0,BTCUSDT
2026-01-13 02:00:00,0.0,BTCUSDT
2026-01-13 03:00:00,0.0,BTCUSDT
2026-01-13 04:00:00,0.0,BTCUSDT
2026-01-13 05:00:00,0.0,BTCUSDT
2026-01-13 06:00:00,0.0,BTCUSDT
2026-01-13 07:00:00,0.0,BTCUSDT
2026-01-13 08:00:00,0.00014035702147419067,BTCUSDT
2026-01-13 09:00:00,0.0,BTCUSDT
2026-01-13 10:00:00,0.0,BTCUSDT
2026-01-13 11:00:00,0.0,BTCUSDT
2026-01-13 12:00:00,0.0,BTCUSDT
2026-01-13 13:00:00,0.0,BTCUSDT
2026-01-13 14:00:00,0.0,BTCUSDT
2026-01-13 15:00:00,0.0,BTCUSDT
2026-01-13 16:00:00,0.00015231549681308143,BTCUSDT
2026-01-13 17:00:00,0.0,BTCUSDT
2026-01-13 18:00:00,0.0,BTCUSDT
2026-01-13 19:00:00,0.0,BTCUSDT
2026-01-13 20:00:00,0.0,BTCUSDT
2026-01-13 21:00:00,0.0,BTCUSDT
2026-01-13 22:00:00,0.0,BTCUSDT
2026-01-13 23:00:00,0.0,BTCUSDT
2026-01-14 00:00:00,-0.00030439870454961266,BTCUSDT
2026-01-14 01:00:00,0.0,BTCUSDT
2026-01-14 02:00:00,0.0,BTCUSDT
2026-01-14 03:00:00,0.0,BTCUSDT
2026-01-14 04:00:00,0.0,BTCUSDT
2026-01-14 05:00:00,0.0,BTCUSDT
2026-01-14 06:00:00,0.0,BTCUSDT
2026-01-14 07:00:00,0.0,BTCUSDT
2026-01-14 08:00:00,-0.00014199300573343525,BTCUSDT
2026-01-14 09:00:00,0.0,BTCUSDT
2026-01-14 10:00:00,0.0,BTCUSDT
2026-01-14 11:00:00,0.0,BTCUSDT
2026-01-14 12:00:00,0.0,BTCUSDT
2026-01-14 13:00:00,0.0,BTCUSDT
2026-01-14 14:00:00,0.0,BTCUSDT
2026-01-14 15:00:00,0.0,BTCUSDT
2026-01-14 16:00:00,0.0003163161456729564,BTCUSDT
2026-01-14 17:00:00,0.0,BTCUSDT
2026-01-14 18:00:00,0.0,BTCUSDT
2026-01-14 19:00:00,0.0,BTCUSDT
2026-01-14 20:00:00,0.0,BTCUSDT
2026-01-14 21:00:00,0.0,BTCUSDT
2026-01-14 22:00:00,0.0,BTCUSDT
2026-01-14 23:00:00,0.0,BTCUSDT
2026-01-15 00:00:00,0.000126071440531422,BTCUSDT
2026-01-15 01:00:00,0.0,BTCUSDT
2026-01-15 02:00:00,0.0,BTCUSDT
2026-01-15 03:00:00,0.0,BTCUSDT
2026-01-15 04:00:00,0.0,BTCUSDT
2026-01-15 05:00:00,0.0,BTCUSDT
2026-01-15 06:00:00,0.0,BTCUSDT
2026-01-15 07:00:00,0.0,BTCUSDT
2026-01-15 08:00:00,-0.0003478645333128451,BTCUSDT
2026-01-15 09:00:00,0.0,BTCUSDT
2026-01-15 10:00:00,0.0,BTCUSDT
2026-01-15 11:00:00,0.0,BTCUSDT
2026-01-15 12:00:00,0.0,BTCUSDT
2026-01-15 13:00:00,0.0,BTCUSDT
2026-01-15 14:00:00,0.0,BTCUSDT
2026-01-15 15:00:00,0.0,BTCUSDT
2026-01-15 16:00:00,0.0002584790078831469,BTCUSDT
2026-01-15 17:00:00,0.0,BTCUSDT
2026-01-15 18:00:00,0.0,BTCUSDT
2026-01-15 19:00:00,0.0,BTCUSDT
2026-01-15 20:00:00,0.0,BTCUSDT
2026-01-15 21:00:00,0.0,BTCUSDT
2026-01-15 22:00:00,0.0,BTCUSDT
2026-01-15 23:00:00,0.0,BTCUSDT
2026-01-16 00:00:00,0.0001868753844056736,BTCUSDT
2026-01-16 01:00:00,0.0,BTCUSDT
2026-01-16 02:00:00,0.0,BTCUSDT
2026-01-16 03:00:00,0.0,BTCUSDT
2026-01-16 04:00:00,0.0,BTCUSDT
2026-01-16 05:00:00,0.0,BTCUSDT
2026-01-16 06:00:00,0.0,BTCUSDT
2026-01-16 07:00:00,0.0,BTCUSDT
2026-01-16 08:00:00,5.3724808501992226e-05,BTCUSDT
2026-01-16 09:00:00,0.0,BTCUSDT
2026-01-16 10:00:00,0.0,BTCUSDT
2026-01-16 11:00:00,0.0,BTCUSDT
2026-01-16 12:00:00,0.0,BTCUSDT
2026-01-16 13:00:00,0.0,BTCUSDT
2026-01-16 14:00:00,0.0,BTCUSDT
2026-01-16 15:00:00,0.0,BTCUSDT
2026-01-16 16:00:00,-0.0002731679510406872,BTCUSDT
2026-01-16 17:00:00,0.0,BTCUSDT
2026-01-16 18:00:00,0.0,BTCUSDT
2026-01-16 19:00:00,0.0,BTCUSDT
2026-01-16 20:00:00,0.0,BTCUSDT
2026-01-16 21:00:00,0.0,BTCUSDT
2026-01-16 22:00:00,0.0,BTCUSDT
2026-01-16 23:00:00,0.0,BTCUSDT
2026-01-17 00:00:00,0.0005192322552101902,BTCUSDT
2026-01-17 01:00:00,0.0,BTCUSDT
2026-01-17 02:00:00,0.0,BTCUSDT
2026-01-17 03:00:00,0.0,BTCUSDT
2026-01-17 04:00:00,0.0,BTCUSDT
2026-01-17 05:00:00,0.0,BTCUSDT
2026-01-17 06:00:00,0.0,BTCUSDT
2026-01-17 07:00:00,0.0,BTCUSDT
2026-01-17 08:00:00,0.0003975376892807027,BTCUSDT
2026-01-17 09:00:00,0.0,BTCUSDT
2026-01-17 10:00:00,0.0,BTCUSDT
2026-01-17 11:00:00,0.0,BTCUSDT
2026-01-17 12:00:00,0.0,BTCUSDT
2026-01-17 13:00:00,0.0,BTCUSDT
2026-01-17 14:00:00,0.0,BTCUSDT
2026-01-17 15:00:00,0.0,BTCUSDT
2026-01-17 16:00:00,0.00041194838945679275,BTCUSDT
2026-01-17 17:00:00,0.0,BTCUSDT
2026-01-17 18:00:00,0.0,BTCUSDT
2026-01-17 19:00:00,0.0,BTCUSDT
2026-01-17 20:00:00,0.0,BTCUSDT
2026-01-17 21:00:00,0.0,BTCUSDT
2026-01-17 22:00:00,0.0,BTCUSDT
2026-01-17 23:00:00,0.0,BTCUSDT
2026-01-18 00:00:00,3.6097510016193005e-05,BTCUSDT
2026-01-18 01:00:00,0.0,BTCUSDT
2026-01-18 02:00:00,0.0,BTCUSDT
2026-01-18 03:00:00,0.0,BTCUSDT
2026-01-18 04:00:00,0.0,BTCUSDT
2026-01-18 05:00:00,0.0,BTCUSDT
2026-01-18 06:00:00,0.0,BTCUSDT
2026-01-18 07:00:00,0.0,BTCUSDT
2026-01-18 08:00:00,0.0003456655421088923,BTCUSDT
2026-01-18 09:00:00,0.0,BTCUSDT
2026-01-18 10:00:00,0.0,BTCUSDT
2026-01-18 11:00:00,0.0,BTCUSDT
2026-01-18 12:00:00,0.0,BTCUSDT
2026-01-18 13:00:00,0.0,BTCUSDT
2026-01-18 14:00:00,0.0,BTCUSDT
2026-01-18 15:00:00,0.0,BTCUSDT
2026-01-18 16:00:00,-0.00014081739003423934,BTCUSDT
2026-01-18 17:00:00,0.0,BTCUSDT
2026-01-18 18:00:00,0.0,BTCUSDT
2026-01-18 19:00:00,0.0,BTCUSDT
2026-01-18 20:00:00,0.0,BTCUSDT
2026-01-18 21:00:00,0.0,BTCUSDT
2026-01-18 22:00:00,0.0,BTCUSDT
2026-01-18 23:00:00,0.0,BTCUSDT
2026-01-19 00:00:00,0.0005036193465670974,BTCUSDT
2026-01-19 01:00:00,0.0,BTCUSDT
2026-01-19 02:00:00,0.0,BTCUSDT
2026-01-19 03:00:00,0.0,BTCUSDT
2026-01-19 04:00:00,0.0,BTCUSDT
2026-01-19 05:00:00,0.0,BTCUSDT
2026-01-19 06:00:00,0.0,BTCUSDT
2026-01-19 07:00:00,0.0,BTCUSDT
2026-01-19 08:00:00,0.0003189146582441135,BTCUSDT
2026-01-19 09:00:00,0.0,BTCUSDT
2026-01-19 10:00:00,0.0,BTCUSDT
2026-01-19 11:00:00,0.0,BTCUSDT
2026-01-19 12:00:00,0.0,BTCUSDT
2026-01-19 13:00:00,0.0,BTCUSDT
2026-01-19 14:00:00,0.0,BTCUSDT
2026-01-19 15:00:00,0.0,BTCUSDT
2026-01-19 16:00:00,1.4064774585081005e-05,BTCUSDT
2026-01-19 17:00:00,0.0,BTCUSDT
2026-01-19 18:00:00,0.0,BTCUSDT
2026-01-19 19:00:00,0.0,BTCUSDT
2026-01-19 20:00:00,0.0,BTCUSDT
2026-01-19 21:00:00,0.0,BTCUSDT
2026-01-19 22:00:00,0.0,BTCUSDT
2026-01-19 23:00:00,0.0,BTCUSDT
2026-01-20 00:00:00,0.0001643670380045541,BTCUSDT
2026-01-20 01:00:00,0.0,BTCUSDT
2026-01-20 02:00:00,0.0,BTCUSDT
2026-01-20 03:00:00,0.0,BTCUSDT
2026-01-20 04:00:00,0.0,BTCUSDT
2026-01-20 05:00:00,0.0,BTCUSDT
2026-01-20 06:00:00,0.0,BTCUSDT
2026-01-20 07:00:00,0.0,BTCUSDT
2026-01-20 08:00:00,1.3917058262543128e-05,BTCUSDT
2026-01-20 09:00:00,0.0,BTCUSDT
2026-01-20 10:00:00,0.0,BTCUSDT
2026-01-20 11:00:00,0.0,BTCUSDT
2026-01-20 12:00:00,0.0,BTCUSDT
2026-01-20 13:00:00,0.0,BTCUSDT
2026-01-20 14:00:00,0.0,BTCUSDT
2026-01-20 15:00:00,0.0,BTCUSDT
2026-01-20 16:00:00,-3.4302121060215303e-05,BTCUSDT
2026-01-20 17:00:00,0.0,BTCUSDT
2026-01-20 18:00:00,0.0,BTCUSDT
2026-01-20 19:00:00,0.0,BTCUSDT
2026-01-20 20:00:00,0.0,BTCUSDT
2026-01-20 21:00:00,0.0,BTCUSDT
2026-01-20 22:00:00,0.0,BTCUSDT
2026-01-20 23:00:00,0.0,BTCUSDT
2026-01-21 00:00:00,0.0002813296771618566,BTCUSDT
2026-01-21 01:00:00,0.0,BTCUSDT
2026-01-21 02:00:00,0.0,BTCUSDT
2026-01-21 03:00:00,0.0,BTCUSDT
2026-01-21 04:00:00,0.0,BTCUSDT
2026-01-21 05:00:00,0.0,BTCUSDT
2026-01-21 06:00:00,0.0,BTCUSDT
2026-01-21 07:00:00,0.0,BTCUSDT
2026-01-21 08:00:00,0.00029421766767644044,BTCUSDT
2026-01-21 09:00:00,0.0,BTCUSDT
2026-01-21 10:00:00,0.0,BTCUSDT
2026-01-21 11:00:00,0.0,BTCUSDT
2026-01-21 12:00:00,0.0,BTCUSDT
2026-01-21 13:00:00,0.0,BTCUSDT
2026-01-21 14:00:00,0.0,BTCUSDT
2026-01-21 15:00:00,0.0,BTCUSDT
2026-01-21 16:00:00,0.00024412210973578664,BTCUSDT
2026-01-21 17:00:00,0.0,BTCUSDT
2026-01-21 18:00:00,0.0,BTCUSDT
2026-01-21 19:00:00,0.0,BTCUSDT
2026-01-21 20:00:00,0.0,BTCUSDT
2026-01-21 21:00:00,0.0,BTCUSDT
2026-01-21 22:00:00,0.0,BTCUSDT
2026-01-21 23:00:00,0.0,BTCUSDT
2026-01-22 00:00:00,6.680765370541505e-05,BTCUSDT
2026-01-22 01:00:00,0.0,BTCUSDT
2026-01-22 02:00:00,0.0,BTCUSDT
2026-01-22 03:00:00,0.0,BTCUSDT
2026-01-22 04:00:00,0.0,BTCUSDT
2026-01-22 05:00:00,0.0,BTCUSDT
2026-01-22 06:00:00,0.0,BTCUSDT
2026-01-22 07:00:00,0.0,BTCUSDT
2026-01-22 08:00:00,2.2246249914083653e-05,BTCUSDT
2026-01-22 09:00:00,0.0,BTCUSDT
2026-01-22 10:00:00,0.0,BTCUSDT
2026-01-22 11:00:00,0.0,BTCUSDT
2026-01-22 12:00:00,0.0,BTCUSDT
2026-01-22 13:00:00,0.0,BTCUSDT
2026-01-22 14:00:00,0.0,BTCUSDT
2026-01-22 15:00:00,0.0,BTCUSDT
2026-01-22 16:00:00,0.0002969311596275221,BTCUSDT
2026-01-22 17:00:00,0.0,BTCUSDT
2026-01-22 18:00:00,0.0,BTCUSDT
2026-01-22 19:00:00,0.0,BTCUSDT
2026-01-22 20:00:00,0.0,BTCUSDT
2026-01-22 21:00:00,0.0,BTCUSDT
2026-01-22 22:00:00,0.0,BTCUSDT
2026-01-22 23:00:00,0.0,BTCUSDT
2026-01-23 00:00:00,0.0001739958427761494,BTCUSDT
2026-01-23 01:00:00,0.0,BTCUSDT
2026-01-23 02:00:00,0.0,BTCUSDT
2026-01-23 03:00:00,0.0,BTCUSDT
2026-01-23 04:00:00,0.0,BTCUSDT
2026-01-23 05:00:00,0.0,BTCUSDT
2026-01-23 06:00:00,0.0,BTCUSDT
2026-01-23 07:00:00,0.0,BTCUSDT
2026-01-23 08:00:00,0.00012650161936843626,BTCUSDT
2026-01-23 09:00:00,0.0,BTCUSDT
2026-01-23 10:00:00,0.0,BTCUSDT
2026-01-23 11:00:00,0.0,BTCUSDT
2026-01-23 12:00:00,0.0,BTCUSDT
2026-01-23 13:00:00,0.0,BTCUSDT
2026-01-23 14:00:00,0.0,BTCUSDT
2026-01-23 15:00:00,0.0,BTCUSDT
2026-01-23 16:00:00,0.00010273058241501135,BTCUSDT
2026-01-23 17:00:00,0.0,BTCUSDT
2026-01-23 18:00:00,0.0,BTCUSDT
2026-01-23 19:00:00,0.0,BTCUSDT
2026-01-23 20:00:00,0.0,BTCUSDT
2026-01-23 21:00:00,0.0,BTCUSDT
2026-01-23 22:00:00,0.0,BTCUSDT
2026-01-23 23:00:00,0.0,BTCUSDT
2026-01-24 00:00:00,0.00021454506386596445,BTCUSDT
2026-01-24 01:00:00,0.0,BTCUSDT
2026-01-24 02:00:00,0.0,BTCUSDT
2026-01-24 03:00:00,0.0,BTCUSDT
2026-01-24 04:00:00,0.0,BTCUSDT
2026-01-24 05:00:00,0.0,BTCUSDT
2026-01-24 06:00:00,0.0,BTCUSDT
2026-01-24 07:00:00,0.0,BTCUSDT
2026-01-24 08:00:00,0.0002909333632058774,BTCUSDT
2026-01-24 09:00:00,0.0,BTCUSDT
2026-01-24 10:00:00,0.0,BTCUSDT
2026-01-24 11:00:00,0.0,BTCUSDT
2026-01-24 12:00:00,0.0,BTCUSDT
2026-01-24 13:00:00,0.0,BTCUSDT
2026-01-24 14:00:00,0.0,BTCUSDT
2026-01-24 15:00:00,0.0,BTCUSDT
2026-01-24 16:00:00,0.0001721160031772603,BTCUSDT
2026-01-24 17:00:00,0.0,BTCUSDT
2026-01-24 18:00:00,0.0,BTCUSDT
2026-01-24 19:00:00,0.0,BTCUSDT
2026-01-24 20:00:00,0.0,BTCUSDT
2026-01-24 21:00:00,0.0,BTCUSDT
2026-01-24 22:00:00,0.0,BTCUSDT
2026-01-24 23:00:00,0.0,BTCUSDT
2026-01-25 00:00:00,0.0002378765085951251,BTCUSDT
2026-01-25 01:00:00,0.0,BTCUSDT
2026-01-25 02:00:00,0.0,BTCUSDT
2026-01-25 03:00:00,0.0,BTCUSDT
2026-01-25 04:00:00,0.0,BTCUSDT
2026-01-25 05:00:00,0.0,BTCUSDT
2026-01-25 06:00:00,0.0,BTCUSDT
2026-01-25 07:00:00,0.0,BTCUSDT
2026-01-25 08:00:00,0.00012892552675790875,BTCUSDT
2026-01-25 09:00:00,0.0,BTCUSDT
2026-01-25 10:00:00,0.0,BTCUSDT
2026-01-25 11:00:00,0.0,BTCUSDT
2026-01-25 12:00:00,0.0,BTCUSDT
2026-01-25 13:00:00,0.0,BTCUSDT
2026-01-25 14:00:00,0.0,BTCUSDT
2026-01-25 15:00:00,0.0,BTCUSDT
2026-01-25 16:00:00,-4.143773585869207e-05,BTCUSDT
2026-01-25 17:00:00,0.0,BTCUSDT
2026-01-25 18:00:00,0.0,BTCUSDT
2026-01-25 19:00:00,0.0,BTCUSDT
2026-01-25 20:00:00,0.0,BTCUSDT
2026-01-25 21:00:00,0.0,BTCUSDT
2026-01-25 22:00:00,0.0,BTCUSDT
2026-01-25 23:00:00,0.0,BTCUSDT
2026-01-26 00:00:00,0.0006178779434778098,BTCUSDT
2026-01-26 01:00:00,0.0,BTCUSDT
2026-01-26 02:00:00,0.0,BTCUSDT
2026-01-26 03:00:00,0.0,BTCUSDT
2026-01-26 04:00:00,0.0,BTCUSDT
2026-01-26 05:00:00,0.0,BTCUSDT
2026-01-26 06:00:00,0.0,BTCUSDT
2026-01-26 07:00:00,0.0,BTCUSDT
2026-01-26 08:00:00,-6.3236834375223e-05,BTCUSDT
2026-01-26 09:00:00,0.0,BTCUSDT
2026-01-26 10:00:00,0.0,BTCUSDT
2026-01-26 11:00:00,0.0,BTCUSDT
2026-01-26 12:00:00,0.0,BTCUSDT
2026-01-26 13:00:00,0.0,BTCUSDT
2026-01-26 14:00:00,0.0,BTCUSDT
2026-01-26 15:00:00,0.0,BTCUSDT
2026-01-26 16:00:00,0.0004493979396350993,BTCUSDT
2026-01-26 17:00:00,0.0,BTCUSDT
2026-01-26 18:00:00,0.0,BTCUSDT
2026-01-26 19:00:00,0.0,BTCUSDT
2026-01-26 20:00:00,0.0,BTCUSDT
2026-01-26 21:00:00,0.0,BTCUSDT
2026-01-26 22:00:00,0.0,BTCUSDT
2026-01-26 23:00:00,0.0,BTCUSDT
2026-01-27 00:00:00,0.00042925667671679543,BTCUSDT
2026-01-27 01:00:00,0.0,BTCUSDT
2026-01-27 02:00:00,0.0,BTCUSDT
2026-01-27 03:00:00,0.0,BTCUSDT
2026-01-27 04:00:00,0.0,BTCUSDT
2026-01-27 05:00:00,0.0,BTCUSDT
2026-01-27 06:00:00,0.0,BTCUSDT
2026-01-27 07:00:00,0.0,BTCUSDT
2026-01-27 08:00:00,0.0005223226436835946,BTCUSDT
2026-01-27 09:00:00,0.0,BTCUSDT
2026-01-27 10:00:00,0.0,BTCUSDT
2026-01-27 11:00:00,0.0,BTCUSDT
2026-01-27 12:00:00,0.0,BTCUSDT
2026-01-27 13:00:00,0.0,BTCUSDT
2026-01-27 14:00:00,0.0,BTCUSDT
2026-01-27 15:00:00,0.0,BTCUSDT
2026-01-27 16:00:00,4.560000553837277e-05,BTCUSDT
2026-01-27 17:00:00,0.0,BTCUSDT
2026-01-27 18:00:00,0.0,BTCUSDT
2026-01-27 19:00:00,0.0,BTCUSDT
2026-01-27 20:00:00,0.0,BTCUSDT
2026-01-27 21:00:00,0.0,BTCUSDT
2026-01-27 22:00:00,0.0,BTCUSDT
2026-01-27 23:00:00,0.0,BTCUSDT
2026-01-28 00:00:00,0.00010973677698030874,BTCUSDT
2026-01-28 01:00:00,0.0,BTCUSDT
2026-01-28 02:00:00,0.0,BTCUSDT
2026-01-28 03:00:00,0.0,BTCUSDT
2026-01-28 04:00:00,0.0,BTCUSDT
2026-01-28 05:00:00,0.0,BTCUSDT
2026-01-28 06:00:00,0.0,BTCUSDT
2026-01-28 07:00:00,0.0,BTCUSDT
2026-01-28 08:00:00,0.00029663569619980425,BTCUSDT
2026-01-28 09:00:00,0.0,BTCUSDT
2026-01-28 10:00:00,0.0,BTCUSDT
2026-01-28 11:00:00,0.0,BTCUSDT
2026-01-28 12:00:00,0.0,BTCUSDT
2026-01-28 13:00:00,0.0,BTCUSDT
2026-01-28 14:00:00,0.0,BTCUSDT
2026-01-28 15:00:00,0.0,BTCUSDT
2026-01-28 16:00:00,4.7430186767925444e-05,BTCUSDT
2026-01-28 17:00:00,0.0,BTCUSDT
2026-01-28 18:00:00,0.0,BTCUSDT
2026-01-28 19:00:00,0.0,BTCUSDT
2026-01-28 20:00:00,0.0,BTCUSDT
2026-01-28 21:00:00,0.0,BTCUSDT
2026-01-28 22:00:00,0.0,BTCUSDT
2026-01-28 23:00:00,0.0,BTCUSDT
2026-01-29 00:00:00,-0.00010528682212717704,BTCUSDT
2026-01-29 01:00:00,0.0,BTCUSDT
2026-01-29 02:00:00,0.0,BTCUSDT
2026-01-29 03:00:00,0.0,BTCUSDT
2026-01-29 04:00:00,0.0,BTCUSDT
2026-01-29 05:00:00,0.0,BTCUSDT
2026-01-29 06:00:00,0.0,BTCUSDT
2026-01-29 07:00:00,0.0,BTCUSDT
2026-01-29 08:00:00,0.00018318453181151816,BTCUSDT
2026-01-29 09:00:00,0.0,BTCUSDT
2026-01-29 10:00:00,0.0,BTCUSDT
2026-01-29 11:00:00,0.0,BTCUSDT
2026-01-29 12:00:00,0.0,BTCUSDT
2026-01-29 13:00:00,0.0,BTCUSDT
2026-01-29 14:00:00,0.0,BTCUSDT
2026-01-29 15:00:00,0.0,BTCUSDT
2026-01-29 16:00:00,-0.0001322488904960716,BTCUSDT
2026-01-29 17:00:00,0.0,BTCUSDT
2026-01-29 18:00:00,0.0,BTCUSDT
2026-01-29 19:00:00,0.0,BTCUSDT
2026-01-29 20:00:00,0.0,BTCUSDT
2026-01-29 21:00:00,0.0,BTCUSDT
2026-01-29 22:00:00,0.0,BTCUSDT
2026-01-29 23:00:00,0.0,BTCUSDT
2026-01-30 00:00:00,0.0001389677637971194,BTCUSDT
2026-01-30 01:00:00,0.0,BTCUSDT
2026-01-30 02:00:00,0.0,BTCUSDT
2026-01-30 03:00:00,0.0,BTCUSDT
2026-01-30 04:00:00,0.0,BTCUSDT
2026-01-30 05:00:00,0.0,BTCUSDT
2026-01-30 06:00:00,0.0,BTCUSDT
2026-01-30 07:00:00,0.0,BTCUSDT
2026-01-30 08:00:00,-0.00017455824994928182,BTCUSDT
2026-01-30 09:00:00,0.0,BTCUSDT
2026-01-30 10:00:00,0.0,BTCUSDT
2026-01-30 11:00:00,0.0,BTCUSDT
2026-01-30 12:00:00,0.0,BTCUSDT
2026-01-30 13:00:00,0.0,BTCUSDT
2026-01-30 14:00:00,0.0,BTCUSDT
2026-01-30 15:00:00,0.0,BTCUSDT
2026-01-30 16:00:00,6.749440706474866e-05,BTCUSDT
2026-01-30 17:00:00,0.0,BTCUSDT
2026-01-30 18:00:00,0.0,BTCUSDT
2026-01-30 19:00:00,0.0,BTCUSDT
2026-01-30 20:00:00,0.0,BTCUSDT
2026-01-30 21:00:00,0.0,BTCUSDT
2026-01-30 22:00:00,0.0,BTCUSDT
2026-01-30 23:00:00,0.0,BTCUSDT
2026-01-31 00:00:00,1.1661979114303885e-05,BTCUSDT
2026-01-31 01:00:00,0.0,BTCUSDT
2026-01-31 02:00:00,0.0,BTCUSDT
2026-01-31 03:00:00,0.0,BTCUSDT
2026-01-31 04:00:00,0.0,BTCUSDT
2026-01-31 05:00:00,0.0,BTCUSDT
2026-01-31 06:00:00,0.0,BTCUSDT
2026-01-31 07:00:00,0.0,BTCUSDT
2026-01-31 08:00:00,-0.00026633024574272533,BTCUSDT
2026-01-31 09:00:00,0.0,BTCUSDT
2026-01-31 10:00:00,0.0,BTCUSDT
2026-01-31 11:00:00,0.0,BTCUSDT
2026-01-31 12:00:00,0.0,BTCUSDT
2026-01-31 13:00:00,0.0,BTCUSDT
2026-01-31 14:00:00,0.0,BTCUSDT
2026-01-31 15:00:00,0.0,BTCUSDT
2026-01-31 16:00:00,-0.0003642970684155157,BTCUSDT
2026-01-31 17:00:00,0.0,BTCUSDT
2026-01-31 18:00:00,0.0,BTCUSDT
2026-01-31 19:00:00,0.0,BTCUSDT
2026-01-31 20:00:00,0.0,BTCUSDT
2026-01-31 21:00:00,0.0,BTCUSDT
2026-01-31 22:00:00,0.0,BTCUSDT
2026-01-31 23:00:00,0.0,BTCUSDT
2026-02-01 00:00:00,-9.322530462581802e-05,BTCUSDT
2026-02-01 01:00:00,0.0,BTCUSDT
2026-02-01 02:00:00,0.0,BTCUSDT
2026-02-01 03:00:00,0.0,BTCUSDT
2026-02-01 04:00:00,0.0,BTCUSDT
2026-02-01 05:00:00,0.0,BTCUSDT
2026-02-01 06:00:00,0.0,BTCUSDT
2026-02-01 07:00:00,0.0,BTCUSDT
2026-02-01 08:00:00,4.5892652567746666e-05,BTCUSDT
2026-02-01 09:00:00,0.0,BTCUSDT
2026-02-01 10:00:00,0.0,BTCUSDT
2026-02-01 11:00:00,0.0,BTCUSDT
2026-02-01 12:00:00,0.0,BTCUSDT
2026-02-01 13:00:00,0.0,BTCUSDT
2026-02-01 14:00:00,0.0,BTCUSDT
2026-02-01 15:00:00,0.0,BTCUSDT
2026-02-01 16:00:00,-4.845689620917512e-06,BTCUSDT
2026-02-01 17:00:00,0.0,BTCUSDT
2026-02-01 18:00:00,0.0,BTCUSDT
2026-02-01 19:00:00,0.0,BTCUSDT
2026-02-01 20:00:00,0.0,BTCUSDT
2026-02-01 21:00:00,0.0,BTCUSDT
2026-02-01 22:00:00,0.0,BTCUSDT
2026-02-01 23:00:00,0.0,BTCUSDT
2026-02-02 00:00:00,0.0003757822486003365,BTCUSDT
2026-02-02 01:00:00,0.0,BTCUSDT
2026-02-02 02:00:00,0.0,BTCUSDT
2026-02-02 03:00:00,0.0,BTCUSDT
2026-02-02 04:00:00,0.0,BTCUSDT
2026-02-02 05:00:00,0.0,BTCUSDT
2026-02-02 06:00:00,0.0,BTCUSDT
2026-02-02 07:00:00,0.0,BTCUSDT
2026-02-02 08:00:00,0.00013510844876702966,BTCUSDT
2026-02-02 09:00:00,0.0,BTCUSDT
2026-02-02 10:00:00,0.0,BTCUSDT
2026-02-02 11:00:00,0.0,BTCUSDT
2026-02-02 12:00:00,0.0,BTCUSDT
2026-02-02 13:00:00,0.0,BTCUSDT
2026-02-02 14:00:00,0.0,BTCUSDT
2026-02-02 15:00:00,0.0,BTCUSDT
2026-02-02 16:00:00,0.00033294215704798207,BTCUSDT
2026-02-02 17:00:00,0.0,BTCUSDT
2026-02-02 18:00:00,0.0,BTCUSDT
2026-02-02 19:00:00,0.0,BTCUSDT
2026-02-02 20:00:00,0.0,BTCUSDT
2026-02-02 21:00:00,0.0,BTCUSDT
2026-02-02 22:00:00,0.0,BTCUSDT
2026-02-02 23:00:00,0.0,BTCUSDT
2026-02-03 00:00:00,-6.066839505809508e-05,BTCUSDT
2026-02-03 01:00:00,0.0,BTCUSDT
2026-02-03 02:00:00,0.0,BTCUSDT
2026-02-03 03:00:00,0.0,BTCUSDT
2026-02-03 04:00:00,0.0,BTCUSDT
2026-02-03 05:00:00,0.0,BTCUSDT
2026-02-03 06:00:00,0.0,BTCUSDT
2026-02-03 07:00:00,0.0,BTCUSDT
2026-02-03 08:00:00,-0.00025545275973792934,BTCUSDT
2026-02-03 09:00:00,0.0,BTCUSDT
2026-02-03 10:00:00,0.0,BTCUSDT
2026-02-03 11:00:00,0.0,BTCUSDT
2026-02-03 12:00:00,0.0,BTCUSDT
2026-02-03 13:00:00,0.0,BTCUSDT
2026-02-03 14:00:00,0.0,BTCUSDT
2026-02-03 15:00:00,0.0,BTCUSDT
2026-02-03 16:00:00,0.00020502258857716315,BTCUSDT
2026-02-03 17:00:00,0.0,BTCUSDT
2026-02-03 18:00:00,0.0,BTCUSDT
2026-02-03 19:00:00,0.0,BTCUSDT
2026-02-03 20:00:00,0.0,BTCUSDT
2026-02-03 21:00:00,0.0,BTCUSDT
2026-02-03 22:00:00,0.0,BTCUSDT
2026-02-03 23:00:00,0.0,BTCUSDT
2026-02-04 00:00:00,0.0003465837173354966,BTCUSDT
2026-02-04 01:00:00,0.0,BTCUSDT
2026-02-04 02:00:00,0.0,BTCUSDT
2026-02-04 03:00:00,0.0,BTCUSDT
2026-02-04 04:00:00,0.0,BTCUSDT
2026-02-04 05:00:00,0.0,BTCUSDT
2026-02-04 06:00:00,0.0,BTCUSDT
2026-02-04 07:00:00,0.0,BTCUSDT
2026-02-04 08:00:00,-4.907347800019618e-06,BTCUSDT
2026-02-04 09:00:00,0.0,BTCUSDT
2026-02-04 10:00:00,0.0,BTCUSDT
2026-02-04 11:00:00,0.0,BTCUSDT
2026-02-04 12:00:00,0.0,BTCUSDT
2026-02-04 13:00:00,0.0,BTCUSDT
2026-02-04 14:00:00,0.0,BTCUSDT
2026-02-04 15:00:00,0.0,BTCUSDT
2026-02-04 16:00:00,-0.000246264915775263,BTCUSDT
2026-02-04 17:00:00,0.0,BTCUSDT
2026-02-04 18:00:00,0.0,BTCUSDT
2026-02-04 19:00:00,0.0,BTCUSDT
2026-02-04 20:00:00,0.0,BTCUSDT
2026-02-04 21:00:00,0.0,BTCUSDT
2026-02-04 22:00:00,0.0,BTCUSDT
2026-02-04 23:00:00,0.0,BTCUSDT
2026-02-05 00:00:00,0.00012788303186928127,BTCUSDT
2026-02-05 01:00:00,0.0,BTCUSDT
2026-02-05 02:00:00,0.0,BTCUSDT
2026-02-05 03:00:00,0.0,BTCUSDT
2026-02-05 04:00:00,0.0,BTCUSDT
2026-02-05 05:00:00,0.0,BTCUSDT
2026-02-05 06:00:00,0.0,BTCUSDT
2026-02-05 07:00:00,0.0,BTCUSDT
2026-02-05 08:00:00,-0.00022112668061255756,BTCUSDT
2026-02-05 09:00:00,0.0,BTCUSDT
2026-02-05 10:00:00,0.0,BTCUSDT
2026-02-05 11:00:00,0.0,BTCUSDT
2026-02-05 12:00:00,0.0,BTCUSDT
2026-02-05 13:00:00,0.0,BTCUSDT
2026-02-05 14:00:00,0.0,BTCUSDT
2026-02-05 15:00:00,0.0,BTCUSDT
2026-02-05 16:00:00,-0.0002060261857486664,BTCUSDT
2026-02-05 17:00:00,0.0,BTCUSDT
2026-02-05 18:00:00,0.0,BTCUSDT
2026-02-05 19:00:00,0.0,BTCUSDT
2026-02-05 20:00:00,0.0,BTCUSDT
2026-02-05 21:00:00,0.0,BTCUSDT
2026-02-05 22:00:00,0.0,BTCUSDT
2026-02-05 23:00:00,0.0,BTCUSDT
2026-02-06 00:00:00,-0.00021355446951795503,BTCUSDT
2026-02-06 01:00:00,0.0,BTCUSDT
2026-02-06 02:00:00,0.0,BTCUSDT
2026-02-06 03:00:00,0.0,BTCUSDT
2026-02-06 04:00:00,0.0,BTCUSDT
2026-02-06 05:00:00,0.0,BTCUSDT
2026-02-06 06:00:00,0.0,BTCUSDT
2026-02-06 07:00:00,0.0,BTCUSDT
2026-02-06 08:00:00,0.0004435160410088636,BTCUSDT
2026-02-06 09:00:00,0.0,BTCUSDT
2026-02-06 10:00:00,0.0,BTCUSDT
2026-02-06 11:00:00,0.0,BTCUSDT
2026-02-06 12:00:00,0.0,BTCUSDT
2026-02-06 13:00:00,0.0,BTCUSDT
2026-02-06 14:00:00,0.0,BTCUSDT
2026-02-06 15:00:00,0.0,BTCUSDT
2026-02-06 16:00:00,0.00012488751958138886,BTCUSDT
2026-02-06 17:00:00,0.0,BTCUSDT
2026-02-06 18:00:00,0.0,BTCUSDT
2026-02-06 19:00:00,0.0,BTCUSDT
2026-02-06 20:00:00,0.0,BTCUSDT
2026-02-06 21:00:00,0.0,BTCUSDT
2026-02-06 22:00:00,0.0,BTCUSDT
2026-02-06 23:00:00,0.0,BTCUSDT
2026-02-07 00:00:00,0.0004521256069248985,BTCUSDT
2026-02-07 01:00:00,0.0,BTCUSDT
2026-02-07 02:00:00,0.0,BTCUSDT
2026-02-07 03:00:00,0.0,BTCUSDT
2026-02-07 04:00:00,0.0,BTCUSDT
2026-02-07 05:00:00,0.0,BTCUSDT
2026-02-07 06:00:00,0.0,BTCUSDT
2026-02-07 07:00:00,0.0,BTCUSDT
2026-02-07 08:00:00,-0.00040516633716092173,BTCUSDT
2026-02-07 09:00:00,0.0,BTCUSDT
2026-02-07 10:00:00,0.0,BTCUSDT
2026-02-07 11:00:00,0.0,BTCUSDT
2026-02-07 12:00:00,0.0,BTCUSDT
2026-02-07 13:00:00,0.0,BTCUSDT
2026-02-07 14:00:00,0.0,BTCUSDT
2026-02-07 15:00:00,0.0,BTCUSDT
2026-02-07 16:00:00,0.0002586451435620197,BTCUSDT
2026-02-07 17:00:00,0.0,BTCUSDT
2026-02-07 18:00:00,0.0,BTCUSDT
2026-02-07 19:00:00,0.0,BTCUSDT
2026-02-07 20:00:00,0.0,BTCUSDT
2026-02-07 21:00:00,0.0,BTCUSDT
2026-02-07 22:00:00,0.0,BTCUSDT
2026-02-07 23:00:00,0.0,BTCUSDT
2026-02-08 00:00:00,0.0005198499038510181,BTCUSDT
2026-02-08 01:00:00,0.0,BTCUSDT
2026-02-08 02:00:00,0.0,BTCUSDT
2026-02-08 03:00:00,0.0,BTCUSDT
2026-02-08 04:00:00,0.0,BTCUSDT
2026-02-08 05:00:00,0.0,BTCUSDT
2026-02-08 06:00:00,0.0,BTCUSDT
2026-02-08 07:00:00,0.0,BTCUSDT
2026-02-08 08:00:00,0.00038957155323027275,BTCUSDT
2026-02-08 09:00:00,0.0,BTCUSDT
2026-02-08 10:00:00,0.0,BTCUSDT
2026-02-08 11:00:00,0.0,BTCUSDT
2026-02-08 12:00:00,0.0,BTCUSDT
2026-02-08 13:00:00,0.0,BTCUSDT
2026-02-08 14:00:00,0.0,BTCUSDT
2026-02-08 15:00:00,0.0,BTCUSDT
2026-02-08 16:00:00,-0.0002997211133111014,BTCUSDT
2026-02-08 17:00:00,0.0,BTCUSDT
2026-02-08 18:00:00,0.0,BTCUSDT
2026-02-08 19:00:00,0.0,BTCUSDT
2026-02-08 20:00:00,0.0,BTCUSDT
2026-02-08 21:00:00,0.0,BTCUSDT
2026-02-08 22:00:00,0.0,BTCUSDT
2026-02-08 23:00:00,0.0,BTCUSDT
2026-02-09 00:00:00,0.00015725564461637685,BTCUSDT
2026-02-09 01:00:00,0.0,BTCUSDT
2026-02-09 02:00:00,0.0,BTCUSDT
2026-02-09 03:00:00,0.0,BTCUSDT
2026-02-09 04:00:00,0.0,BTCUSDT
2026-02-09 05:00:00,0.0,BTCUSDT
2026-02-09 06:00:00,0.0,BTCUSDT
2026-02-09 07:00:00,0.0,BTCUSDT
2026-02-09 08:00:00,7.449840421816934e-05,BTCUSDT
2026-02-09 09:00:00,0.0,BTCUSDT
2026-02-09 10:00:00,0.0,BTCUSDT
2026-02-09 11:00:00,0.0,BTCUSDT
2026-02-09 12:00:00,0.0,BTCUSDT
2026-02-09 13:00:00,0.0,BTCUSDT
2026-02-09 14:00:00,0.0,BTCUSDT
2026-02-09 15:00:00,0.0,BTCUSDT
2026-02-09 16:00:00,0.0002743410262122754,BTCUSDT
2026-02-09 17:00:00,0.0,BTCUSDT
2026-02-09 18:00:00,0.0,BTCUSDT
2026-02-09 19:00:00,0.0,BTCUSDT
2026-02-09 20:00:00,0.0,BTCUSDT
2026-02-09 21:00:00,0.0,BTCUSDT
2026-02-09 22:00:00,0.0,BTCUSDT
2026-02-09 23:00:00,0.0,BTCUSDT
2026-02-10 00:00:00,0.0003262598100499493,BTCUSDT
2026-02-10 01:00:00,0.0,BTCUSDT
2026-02-10 02:00:00,0.0,BTCUSDT
2026-02-10 03:00:00,0.0,BTCUSDT
2026-02-10 04:00:00,0.0,BTCUSDT
2026-02-10 05:00:00,0.0,BTCUSDT
2026-02-10 06:00:00,0.0,BTCUSDT
2026-02-10 07:00:00,0.0,BTCUSDT
2026-02-10 08:00:00,0.0001804782338056411,BTCUSDT
2026-02-10 09:00:00,0.0,BTCUSDT
2026-02-10 10:00:00,0.0,BTCUSDT
2026-02-10 11:00:00,0.0,BTCUSDT
2026-02-10 12:00:00,0.0,BTCUSDT
2026-02-10 13:00:00,0.0,BTCUSDT
2026-02-10 14:00:00,0.0,BTCUSDT
2026-02-10 15:00:00,0.0,BTCUSDT
2026-02-10 16:00:00,6.330262288110111e-06,BTCUSDT
2026-02-10 17:00:00,0.0,BTCUSDT
2026-02-10 18:00:00,0.0,BTCUSDT
2026-02-10 19:00:00,0.0,BTCUSDT
2026-02-10 20:00:00,0.0,BTCUSDT
2026-02-10 21:00:00,0.0,BTCUSDT
2026-02-10 22:00:00,0.0,BTCUSDT
2026-02-10 23:00:00,0.0,BTCUSDT
2026-02-11 00:00:00,-0.00023929163088929419,BTCUSDT
2026-02-11 01:00:00,0.0,BTCUSDT
2026-02-11 02:00:00,0.0,BTCUSDT
2026-02-11 03:00:00,0.0,BTCUSDT
2026-02-11 04:00:00,0.0,BTCUSDT
2026-02-11 05:00:00,0.0,BTCUSDT
2026-02-11 06:00:00,0.0,BTCUSDT
2026-02-11 07:00:00,0.0,BTCUSDT
2026-02-11 08:00:00,-0.0001341029860257818,BTCUSDT
2026-02-11 09:00:00,0.0,BTCUSDT
2026-02-11 10:00:00,0.0,BTCUSDT
2026-02-11 11:00:00,0.0,BTCUSDT
2026-02-11 12:00:00,0.0,BTCUSDT
2026-02-11 13:00:00,0.0,BTCUSDT
2026-02-11 14:00:00,0.0,BTCUSDT
2026-02-11 15:00:00,0.0,BTCUSDT
2026-02-11 16:00:00,0.00015569175788948206,BTCUSDT
2026-02-11 17:00:00,0.0,BTCUSDT
2026-02-11 18:00:00,0.0,BTCUSDT
2026-02-11 19:00:00,0.0,BTCUSDT
2026-02-11 20:00:00,0.0,BTCUSDT
2026-02-11 21:00:00,0.0,BTCUSDT
2026-02-11 22:00:00,0.0,BTCUSDT
2026-02-11 23:00:00,0.0,BTCUSDT
2026-02-12 00:00:00,4.0452870223753766e-05,BTCUSDT
2026-02-12 01:00:00,0.0,BTCUSDT
2026-02-12 02:00:00,0.0,BTCUSDT
2026-02-12 03:00:00,0.0,BTCUSDT
2026-02-12 04:00:00,0.0,BTCUSDT
2026-02-12 05:00:00,0.0,BTCUSDT
2026-02-12 06:00:00,0.0,BTCUSDT
2026-02-12 07:00:00,0.0,BTCUSDT
2026-02-12 08:00:00,-1.888273971559455e-05,BTCUSDT
2026-02-12 09:00:00,0.0,BTCUSDT
2026-02-12 10:00:00,0.0,BTCUSDT
2026-02-12 11:00:00,0.0,BTCUSDT
2026-02-12 12:00:00,0.0,BTCUSDT
2026-02-12 13:00:00,0.0,BTCUSDT
2026-02-12 14:00:00,0.0,BTCUSDT
2026-02-12 15:00:00,0.0,BTCUSDT
2026-02-12 16:00:00,0.00012658569296550022,BTCUSDT
2026-02-12 17:00:00,0.0,BTCUSDT
2026-02-12 18:00:00,0.0,BTCUSDT
2026-02-12 19:00:00,0.0,BTCUSDT
2026-02-12 20:00:00,0.0,BTCUSDT
2026-02-12 21:00:00,0.0,BTCUSDT
2026-02-12 22:00:00,0.0,BTCUSDT
2026-02-12 23:00:00,0.0,BTCUSDT
2026-02-13 00:00:00,6.230463622110171e-05,BTCUSDT
2026-02-13 01:00:00,0.0,BTCUSDT
2026-02-13 02:00:00,0.0,BTCUSDT
2026-02-13 03:00:00,0.0,BTCUSDT
2026-02-13 04:00:00,0.0,BTCUSDT
2026-02-13 05:00:00,0.0,BTCUSDT
2026-02-13 06:00:00,0.0,BTCUSDT
2026-02-13 07:00:00,0.0,BTCUSDT
2026-02-13 08:00:00,0.00036689647014870075,BTCUSDT
2026-02-13 09:00:00,0.0,BTCUSDT
2026-02-13 10:00:00,0.0,BTCUSDT
2026-02-13 11:00:00,0.0,BTCUSDT
2026-02-13 12:00:00,0.0,BTCUSDT
2026-02-13 13:00:00,0.0,BTCUSDT
2026-02-13 14:00:00,0.0,BTCUSDT
2026-02-13 15:00:00,0.0,BTCUSDT
2026-02-13 16:00:00,7.179685630206157e-05,BTCUSDT
2026-02-13 17:00:00,0.0,BTCUSDT
2026-02-13 18:00:00,0.0,BTCUSDT
2026-02-13 19:00:00,0.0,BTCUSDT
2026-02-13 20:00:00,0.0,BTCUSDT
2026-02-13 21:00:00,0.0,BTCUSDT
2026-02-13 22:00:00,0.0,BTCUSDT
2026-02-13 23:00:00,0.0,BTCUSDT
2026-02-14 00:00:00,9.10627197119621e-05,BTCUSDT
2026-02-14 01:00:00,0.0,BTCUSDT
2026-02-14 02:00:00,0.0,BTCUSDT
2026-02-14 03:00:00,0.0,BTCUSDT
2026-02-14 04:00:00,0.0,BTCUSDT
2026-02-14 05:00:00,0.0,BTCUSDT
2026-02-14 06:00:00,0.0,BTCUSDT
2026-02-14 07:00:00,0.0,BTCUSDT
2026-02-14 08:00:00,0.0003571000992968827,BTCUSDT
2026-02-14 09:00:00,0.0,BTCUSDT
2026-02-14 10:00:00,0.0,BTCUSDT
2026-02-14 11:00:00,0.0,BTCUSDT
2026-02-14 12:00:00,0.0,BTCUSDT
2026-02-14 13:00:00,0.0,BTCUSDT
2026-02-14 14:00:00,0.0,BTCUSDT
2026-02-14 15:00:00,0.0,BTCUSDT
2026-02-14 16:00:00,0.0003020741700380664,BTCUSDT
2026-02-14 17:00:00,0.0,BTCUSDT
2026-02-14 18:00:00,0.0,BTCUSDT
2026-02-14 19:00:00,0.0,BTCUSDT
2026-02-14 20:00:00,0.0,BTCUSDT
2026-02-14 21:00:00,0.0,BTCUSDT
2026-02-14 22:00:00,0.0,BTCUSDT
2026-02-14 23:00:00,0.0,BTCUSDT
2026-02-15 00:00:00,6.030871209119281e-05,BTCUSDT
2026-02-15 01:00:00,0.0,BTCUSDT
2026-02-15 02:00:00,0.0,BTCUSDT
2026-02-15 03:00:00,0.0,BTCUSDT
2026-02-15 04:00:00,0.0,BTCUSDT
2026-02-15 05:00:00,0.0,BTCUSDT
2026-02-15 06:00:00,0.0,BTCUSDT
2026-02-15 07:00:00,0.0,BTCUSDT
2026-02-15 08:00:00,0.00012000972555554904,BTCUSDT
2026-02-15 09:00:00,0.0,BTCUSDT
2026-02-15 10:00:00,0.0,BTCUSDT
2026-02-15 11:00:00,0.0,BTCUSDT
2026-02-15 12:00:00,0.0,BTCUSDT
2026-02-15 13:00:00,0.0,BTCUSDT
2026-02-15 14:00:00,0.0,BTCUSDT
2026-02-15 15:00:00,0.0,BTCUSDT
2026-02-15 16:00:00,0.0002462075050771071,BTCUSDT
2026-02-15 17:00:00,0.0,BTCUSDT
2026-02-15 18:00:00,0.0,BTCUSDT
2026-02-15 19:00:00,0.0,BTCUSDT
2026-02-15 20:00:00,0.0,BTCUSDT
2026-02-15 21:00:00,0.0,BTCUSDT
2026-02-15 22:00:00,0.0,BTCUSDT
2026-02-15 23:00:00,0.0,BTCUSDT
2026-02-16 00:00:00,0.00013212226043103362,BTCUSDT
2026-02-16 01:00:00,0.0,BTCUSDT
2026-02-16 02:00:00,0.0,BTCUSDT
2026-02-16 03:00:00,0.0,BTCUSDT
2026-02-16 04:00:00,0.0,BTCUSDT
2026-02-16 05:00:00,0.0,BTCUSDT
2026-02-16 06:00:00,0.0,BTCUSDT
2026-02-16 07:00:00,0.0,BTCUSDT
2026-02-16 08:00:00,-0.00011728219067112362,BTCUSDT
2026-02-16 09:00:00,0.0,BTCUSDT
2026-02-16 10:00:00,0.0,BTCUSDT
2026-02-16 11:00:00,0.0,BTCUSDT
2026-02-16 12:00:00,0.0,BTCUSDT
2026-02-16 13:00:00,0.0,BTCUSDT
2026-02-16 14:00:00,0.0,BTCUSDT
2026-02-16 15:00:00,0.0,BTCUSDT
2026-02-16 16:00:00,-0.00013445649938059056,BTCUSDT
2026-02-16 17:00:00,0.0,BTCUSDT
2026-02-16 18:00:00,0.0,BTCUSDT
2026-02-16 19:00:00,0.0,BTCUSDT
2026-02-16 20:00:00,0.0,BTCUSDT
2026-02-16 21:00:00,0.0,BTCUSDT
2026-02-16 22:00:00,0.0,BTCUSDT
2026-02-16 23:00:00,0.0,BTCUSDT
2026-02-17 00:00:00,0.0003437216348668993,BTCUSDT
2026-02-17 01:00:00,0.0,BTCUSDT
2026-02-17 02:00:00,0.0,BTCUSDT
2026-02-17 03:00:00,0.0,BTCUSDT
2026-02-17 04:00:00,0.0,BTCUSDT
2026-02-17 05:00:00,0.0,BTCUSDT
2026-02-17 06:00:00,0.0,BTCUSDT
2026-02-17 07:00:00,0.0,BTCUSDT
2026-02-17 08:00:00,0.00012831185337915888,BTCUSDT
2026-02-17 09:00:00,0.0,BTCUSDT
2026-02-17 10:00:00,0.0,BTCUSDT
2026-02-17 11:00:00,0.0,BTCUSDT
2026-02-17 12:00:00,0.0,BTCUSDT
2026-02-17 13:00:00,0.0,BTCUSDT
2026-02-17 14:00:00,0.0,BTCUSDT
2026-02-17 15:00:00,0.0,BTCUSDT
2026-02-17 16:00:00,2.5119910400218647e-05,BTCUSDT
2026-02-17 17:00:00,0.0,BTCUSDT
2026-02-17 18:00:00,0.0,BTCUSDT
2026-02-17 19:00:00,0.0,BTCUSDT
2026-02-17 20:00:00,0.0,BTCUSDT
2026-02-17 21:00:00,0.0,BTCUSDT
2026-02-17 22:00:00,0.0,BTCUSDT
2026-02-17 23:00:00,0.0,BTCUSDT
2026-02-18 00:00:00,2.9459840999278576e-05,BTCUSDT
2026-02-18 01:00:00,0.0,BTCUSDT
2026-02-18 02:00:00,0.0,BTCUSDT
2026-02-18 03:00:00,0.0,BTCUSDT
2026-02-18 04:00:00,0.0,BTCUSDT
2026-02-18 05:00:00,0.0,BTCUSDT
2026-02-18 06:00:00,0.0,BTCUSDT
2026-02-18 07:00:00,0.0,BTCUSDT
2026-02-18 08:00:00,-9.998940535867647e-05,BTCUSDT
2026-02-18 09:00:00,0.0,BTCUSDT
2026-02-18 10:00:00,0.0,BTCUSDT
2026-02-18 11:00:00,0.0,BTCUSDT
2026-02-18 12:00:00,0.0,BTCUSDT
2026-02-18 13:00:00,0.0,BTCUSDT
2026-02-18 14:00:00,0.0,BTCUSDT
2026-02-18 15:00:00,0.0,BTCUSDT
2026-02-18 16:00:00,-1.4751110080875223e-05,BTCUSDT
2026-02-18 17:00:00,0.0,BTCUSDT
2026-02-18 18:00:00,0.0,BTCUSDT
2026-02-18 19:00:00,0.0,BTCUSDT
2026-02-18 20:00:00,0.0,BTCUSDT
2026-02-18 21:00:00,0.0,BTCUSDT
2026-02-18 22:00:00,0.0,BTCUSDT
2026-02-18 23:00:00,0.0,BTCUSDT
2026-02-19 00:00:00,0.00019849669694892445,BTCUSDT
2026-02-19 01:00:00,0.0,BTCUSDT
2026-02-19 02:00:00,0.0,BTCUSDT
2026-02-19 03:00:00,0.0,BTCUSDT
2026-02-19 04:00:00,0.0,BTCUSDT
2026-02-19 05:00:00,0.0,BTCUSDT
2026-02-19 06:00:00,0.0,BTCUSDT
2026-02-19 07:00:00,0.0,BTCUSDT
2026-02-19 08:00:00,0.00026066320854756583,BTCUSDT
2026-02-19 09:00:00,0.0,BTCUSDT
2026-02-19 10:00:00,0.0,BTCUSDT
2026-02-19 11:00:00,0.0,BTCUSDT
2026-02-19 12:00:00,0.0,BTCUSDT
2026-02-19 13:00:00,0.0,BTCUSDT
2026-02-19 14:00:00,0.0,BTCUSDT
2026-02-19 15:00:00,0.0,BTCUSDT
2026-02-19 16:00:00,0.00017079638653420132,BTCUSDT
2026-02-19 17:00:00,0.0,BTCUSDT
2026-02-19 18:00:00,0.0,BTCUSDT
2026-02-19 19:00:00,0.0,BTCUSDT
2026-02-19 20:00:00,0.0,BTCUSDT
2026-02-19 21:00:00,0.0,BTCUSDT
2026-02-19 22:00:00,0.0,BTCUSDT
2026-02-19 23:00:00,0.0,BTCUSDT
2026-02-20 00:00:00,0.00037735613145704227,BTCUSDT
2026-02-20 01:00:00,0.0,BTCUSDT
2026-02-20 02:00:00,0.0,BTCUSDT
2026-02-20 03:00:00,0.0,BTCUSDT
2026-02-20 04:00:00,0.0,BTCUSDT
2026-02-20 05:00:00,0.0,BTCUSDT
2026-02-20 06:00:00,0.0,BTCUSDT
2026-02-20 07:00:00,0.0,BTCUSDT
2026-02-20 08:00:00,-2.202994911602903e-05,BTCUSDT
2026-02-20 09:00:00,0.0,BTCUSDT
2026-02-20 10:00:00,0.0,BTCUSDT
2026-02-20 11:00:00,0.0,BTCUSDT
2026-02-20 12:00:00,0.0,BTCUSDT
2026-02-20 13:00:00,0.0,BTCUSDT
2026-02-20 14:00:00,0.0,BTCUSDT
2026-02-20 15:00:00,0.0,BTCUSDT
2026-02-20 16:00:00,0.00016560194359668107,BTCUSDT
2026-02-20 17:00:00,0.0,BTCUSDT
2026-02-20 18:00:00,0.0,BTCUSDT
2026-02-20 19:00:00,0.0,BTCUSDT
2026-02-20 20:00:00,0.0,BTCUSDT
2026-02-20 21:00:00,0.0,BTCUSDT
2026-02-20 22:00:00,0.0,BTCUSDT
2026-02-20 23:00:00,0.0,BTCUSDT
2026-02-21 00:00:00,-0.00010998270907390549,BTCUSDT
2026-02-21 01:00:00,0.0,BTCUSDT
2026-02-21 02:00:00,0.0,BTCUSDT
2026-02-21 03:00:00,0.0,BTCUSDT
2026-02-21 04:00:00,0.0,BTCUSDT
2026-02-21 05:00:00,0.0,BTCUSDT
2026-02-21 06:00:00,0.0,BTCUSDT
2026-02-21 07:00:00,0.0,BTCUSDT
2026-02-21 08:00:00,-3.3629838303347217e-05,BTCUSDT
2026-02-21 09:00:00,0.0,BTCUSDT
2026-02-21 10:00:00,0.0,BTCUSDT
2026-02-21 11:00:00,0.0,BTCUSDT
2026-02-21 12:00:00,0.0,BTCUSDT
2026-02-21 13:00:00,0.0,BTCUSDT
2026-02-21 14:00:00,0.0,BTCUSDT
2026-02-21 15:00:00,0.0,BTCUSDT
2026-02-21 16:00:00,4.4757923759934836e-05,BTCUSDT
2026-02-21 17:00:00,0.0,BTCUSDT
2026-02-21 18:00:00,0.0,BTCUSDT
2026-02-21 19:00:00,0.0,BTCUSDT
2026-02-21 20:00:00,0.0,BTCUSDT
2026-02-21 21:00:00,0.0,BTCUSDT
2026-02-21 22:00:00,0.0,BTCUSDT
2026-02-21 23:00:00,0.0,BTCUSDT
2026-02-22 00:00:00,0.00040656262646468396,BTCUSDT
2026-02-22 01:00:00,0.0,BTCUSDT
2026-02-22 02:00:00,0.0,BTCUSDT
2026-02-22 03:00:00,0.0,BTCUSDT
2026-02-22 04:00:00,0.0,BTCUSDT
2026-02-22 05:00:00,0.0,BTCUSDT
2026-02-22 06:00:00,0.0,BTCUSDT
2026-02-22 07:00:00,0.0,BTCUSDT
2026-02-22 08:00:00,4.334140811645759e-05,BTCUSDT
2026-02-22 09:00:00,0.0,BTCUSDT
2026-02-22 10:00:00,0.0,BTCUSDT
2026-02-22 11:00:00,0.0,BTCUSDT
2026-02-22 12:00:00,0.0,BTCUSDT
2026-02-22 13:00:00,0.0,BTCUSDT
2026-02-22 14:00:00,0.0,BTCUSDT
2026-02-22 15:00:00,0.0,BTCUSDT
2026-02-22 16:00:00,0.00014235848403715685,BTCUSDT
2026-02-22 17:00:00,0.0,BTCUSDT
2026-02-22 18:00:00,0.0,BTCUSDT
2026-02-22 19:00:00,0.0,BTCUSDT
2026-02-22 20:00:00,0.0,BTCUSDT
2026-02-22 21:00:00,0.0,BTCUSDT
2026-02-22 22:00:00,0.0,BTCUSDT
2026-02-22 23:00:00,0.0,BTCUSDT
2026-02-23 00:00:00,0.0004125337010461366,BTCUSDT
2026-02-23 01:00:00,0.0,BTCUSDT
2026-02-23 02:00:00,0.0,BTCUSDT
2026-02-23 03:00:00,0.0,BTCUSDT
2026-02-23 04:00:00,0.0,BTCUSDT
2026-02-23 05:00:00,0.0,BTCUSDT
2026-02-23 06:00:00,0.0,BTCUSDT
2026-02-23 07:00:00,0.0,BTCUSDT
2026-02-23 08:00:00,0.0002492556779870788,BTCUSDT
2026-02-23 09:00:00,0.0,BTCUSDT
2026-02-23 10:00:00,0.0,BTCUSDT
2026-02-23 11:00:00,0.0,BTCUSDT
2026-02-23 12:00:00,0.0,BTCUSDT
2026-02-23 13:00:00,0.0,BTCUSDT
2026-02-23 14:00:00,0.0,BTCUSDT
2026-02-23 15:00:00,0.0,BTCUSDT
2026-02-23 16:00:00,4.99184012863985e-05,BTCUSDT
2026-02-23 17:00:00,0.0,BTCUSDT
2026-02-23 18:00:00,0.0,BTCUSDT
2026-02-23 19:00:00,0.0,BTCUSDT
2026-02-23 20:00:00,0.0,BTCUSDT
2026-02-23 21:00:00,0.0,BTCUSDT
2026-02-23 22:00:00,0.0,BTCUSDT
2026-02-23 23:00:00,0.0,BTCUSDT
2026-02-24 00:00:00,3.4289349641940505e-05,BTCUSDT
2026-02-24 01:00:00,0.0,BTCUSDT
2026-02-24 02:00:00,0.0,BTCUSDT
2026-02-24 03:00:00,0.0,BTCUSDT
2026-02-24 04:00:00,0.0,BTCUSDT
2026-02-24 05:00:00,0.0,BTCUSDT
2026-02-24 06:00:00,0.0,BTCUSDT
2026-02-24 07:00:00,0.0,BTCUSDT
2026-02-24 08:00:00,-0.00028654682851378773,BTCUSDT
2026-02-24 09:00:00,0.0,BTCUSDT
2026-02-24 10:00:00,0.0,BTCUSDT
2026-02-24 11:00:00,0.0,BTCUSDT
2026-02-24 12:00:00,0.0,BTCUSDT
2026-02-24 13:00:00,0.0,BTCUSDT
2026-02-24 14:00:00,0.0,BTCUSDT
2026-02-24 15:00:00,0.0,BTCUSDT
2026-02-24 16:00:00,-0.0001707565521582963,BTCUSDT
2026-02-24 17:00:00,0.0,BTCUSDT
2026-02-24 18:00:00,0.0,BTCUSDT
2026-02-24 19:00:00,0.0,BTCUSDT
2026-02-24 20:00:00,0.0,BTCUSDT
2026-02-24 21:00:00,0.0,BTCUSDT
2026-02-24 22:00:00,0.0,BTCUSDT
2026-02-24 23:00:00,0.0,BTCUSDT
2026-02-25 00:00:00,0.0001037555446775894,BTCUSDT
2026-02-25 01:00:00,0.0,BTCUSDT
2026-02-25 02:00:00,0.0,BTCUSDT
2026-02-25 03:00:00,0.0,BTCUSDT
2026-02-25 04:00:00,0.0,BTCUSDT
2026-02-25 05:00:00,0.0,BTCUSDT
2026-02-25 06:00:00,0.0,BTCUSDT
2026-02-25 07:00:00,0.0,BTCUSDT
2026-02-25 08:00:00,5.809432369658891e-05,BTCUSDT
2026-02-25 09:00:00,0.0,BTCUSDT
2026-02-25 10:00:00,0.0,BTCUSDT
2026-02-25 11:00:00,0.0,BTCUSDT
2026-02-25 12:00:00,0.0,BTCUSDT
2026-02-25 13:00:00,0.0,BTCUSDT
2026-02-25 14:00:00,0.0,BTCUSDT
2026-02-25 15:00:00,0.0,BTCUSDT
2026-02-25 16:00:00,-0.00016110248751659436,BTCUSDT
2026-02-25 17:00:00,0.0,BTCUSDT
2026-02-25 18:00:00,0.0,BTCUSDT
2026-02-25 19:00:00,0.0,BTCUSDT
2026-02-25 20:00:00,0.0,BTCUSDT
2026-02-25 21:00:00,0.0,BTCUSDT
2026-02-25 22:00:00,0.0,BTCUSDT
2026-02-25 23:00:00,0.0,BTCUSDT
2026-02-26 00:00:00,3.1946064409166e-05,BTCUSDT
2026-02-26 01:00:00,0.0,BTCUSDT
2026-02-26 02:00:00,0.0,BTCUSDT
2026-02-26 03:00:00,0.0,BTCUSDT
2026-02-26 04:00:00,0.0,BTCUSDT
2026-02-26 05:00:00,0.0,BTCUSDT
2026-02-26 06:00:00,0.0,BTCUSDT
2026-02-26 07:00:00,0.0,BTCUSDT
2026-02-26 08:00:00,0.0003634117355934729,BTCUSDT
2026-02-26 09:00:00,0.0,BTCUSDT
2026-02-26 10:00:00,0.0,BTCUSDT
2026-02-26 11:00:00,0.0,BTCUSDT
2026-02-26 12:00:00,0.0,BTCUSDT
2026-02-26 13:00:00,0.0,BTCUSDT
2026-02-26 14:00:00,0.0,BTCUSDT
2026-02-26 15:00:00,0.0,BTCUSDT
2026-02-26 16:00:00,-5.321609122938593e-05,BTCUSDT
2026-02-26 17:00:00,0.0,BTCUSDT
2026-02-26 18:00:00,0.0,BTCUSDT
2026-02-26 19:00:00,0.0,BTCUSDT
2026-02-26 20:00:00,0.0,BTCUSDT
2026-02-26 21:00:00,0.0,BTCUSDT
2026-02-26 22:00:00,0.0,BTCUSDT
2026-02-26 23:00:00,0.0,BTCUSDT
2026-02-27 00:00:00,5.098698259134785e-05,BTCUSDT
2026-02-27 01:00:00,0.0,BTCUSDT
2026-02-27 02:00:00,0.0,BTCUSDT
2026-02-27 03:00:00,0.0,BTCUSDT
2026-02-27 04:00:00,0.0,BTCUSDT
2026-02-27 05:00:00,0.0,BTCUSDT
2026-02-27 06:00:00,0.0,BTCUSDT
2026-02-27 07:00:00,0.0,BTCUSDT
2026-02-27 08:00:00,0.00010115702296533072,BTCUSDT
2026-02-27 09:00:00,0.0,BTCUSDT
2026-02-27 10:00:00,0.0,BTCUSDT
2026-02-27 11:00:00,0.0,BTCUSDT
2026-02-27 12:00:00,0.0,BTCUSDT
2026-02-27 13:00:00,0.0,BTCUSDT
2026-02-27 14:00:00,0.0,BTCUSDT
2026-02-27 15:00:00,0.0,BTCUSDT
2026-02-27 16:00:00,2.310781732269815e-06,BTCUSDT
2026-02-27 17:00:00,0.0,BTCUSDT
2026-02-27 18:00:00,0.0,BTCUSDT
2026-02-27 19:00:00,0.0,BTCUSDT
2026-02-27 20:00:00,0.0,BTCUSDT
2026-02-27 21:00:00,0.0,BTCUSDT
2026-02-27 22:00:00,0.0,BTCUSDT
2026-02-27 23:00:00,0.0,BTCUSDT
2026-02-28 00:00:00,0.000275641113087329,BTCUSDT
2026-02-28 01:00:00,0.0,BTCUSDT
2026-02-28 02:00:00,0.0,BTCUSDT
2026-02-28 03:00:00,0.0,BTCUSDT
2026-02-28 04:00:00,0.0,BTCUSDT
2026-02-28 05:00:00,0.0,BTCUSDT
2026-02-28 06:00:00,0.0,BTCUSDT
2026-02-28 07:00:00,0.0,BTCUSDT
2026-02-28 08:00:00,0.00010090585821031161,BTCUSDT
2026-02-28 09:00:00,0.0,BTCUSDT
2026-02-28 10:00:00,0.0,BTCUSDT
2026-02-28 11:00:00,0.0,BTCUSDT
2026-02-28 12:00:00,0.0,BTCUSDT
2026-02-28 13:00:00,0.0,BTCUSDT
2026-02-28 14:00:00,0.0,BTCUSDT
2026-02-28 15:00:00,0.0,BTCUSDT
2026-02-28 16:00:00,-3.5993338986405074e-05,BTCUSDT
2026-02-28 17:00:00,0.0,BTCUSDT
2026-02-28 18:00:00,0.0,BTCUSDT
2026-02-28 19:00:00,0.0,BTCUSDT
2026-02-28 20:00:00,0.0,BTCUSDT
2026-02-28 21:00:00,0.0,BTCUSDT
2026-02-28 22:00:00,0.0,BTCUSDT
2026-02-28 23:00:00,0.0,BTCUSDT
2026-03-01 00:00:00,6.260569743654366e-05,BTCUSDT
2026-03-01 01:00:00,0.0,BTCUSDT
2026-03-01 02:00:00,0.0,BTCUSDT
2026-03-01 03:00:00,0.0,BTCUSDT
2026-03-01 04:00:00,0.0,BTCUSDT
2026-03-01 05:00:00,0.0,BTCUSDT
2026-03-01 06:00:00,0.0,BTCUSDT
2026-03-01 07:00:00,0.0,BTCUSDT
2026-03-01 08:00:00,-7.59740809420184e-05,BTCUSDT
2026-03-01 09:00:00,0.0,BTCUSDT
2026-03-01 10:00:00,0.0,BTCUSDT
2026-03-01 11:00:00,0.0,BTCUSDT
2026-03-01 12:00:00,0.0,BTCUSDT
2026-03-01 13:00:00,0.0,BTCUSDT
2026-03-01 14:00:00,0.0,BTCUSDT
2026-03-01 15:00:00,0.0,BTCUSDT
2026-03-01 16:00:00,0.0001457698416191815,BTCUSDT
2026-03-01 17:00:00,0.0,BTCUSDT
2026-03-01 18:00:00,0.0,BTCUSDT
2026-03-01 19:00:00,0.0,BTCUSDT
2026-03-01 20:00:00,0.0,BTCUSDT
2026-03-01 21:00:00,0.0,BTCUSDT
2026-03-01 22:00:00,0.0,BTCUSDT
2026-03-01 23:00:00,0.0,BTCUSDT
2026-03-02 00:00:00,0.00015789021457013173,BTCUSDT
2026-03-02 01:00:00,0.0,BTCUSDT
2026-03-02 02:00:00,0.0,BTCUSDT
2026-03-02 03:00:00,0.0,BTCUSDT
2026-03-02 04:00:00,0.0,BTCUSDT
2026-03-02 05:00:00,0.0,BTCUSDT
2026-03-02 06:00:00,0.0,BTCUSDT
2026-03-02 07:00:00,0.0,BTCUSDT
2026-03-02 08:00:00,0.0001820303135427188,BTCUSDT
2026-03-02 09:00:00,0.0,BTCUSDT
2026-03-02 10:00:00,0.0,BTCUSDT
2026-03-02 11:00:00,0.0,BTCUSDT
2026-03-02 12:00:00,0.0,BTCUSDT
2026-03-02 13:00:00,0.0,BTCUSDT
2026-03-02 14:00:00,0.0,BTCUSDT
2026-03-02 15:00:00,0.0,BTCUSDT
2026-03-02 16:00:00,0.00015302141890244863,BTCUSDT
2026-03-02 17:00:00,0.0,BTCUSDT
2026-03-02 18:00:00,0.0,BTCUSDT
2026-03-02 19:00:00,0.0,BTCUSDT
2026-03-02 20:00:00,0.0,BTCUSDT
2026-03-02 21:00:00,0.0,BTCUSDT
2026-03-02 22:00:00,0.0,BTCUSDT
2026-03-02 23:00:00,0.0,BTCUSDT
2026-03-03 00:00:00,0.0002596922677955765,BTCUSDT
2026-03-03 01:00:00,0.0,BTCUSDT
2026-03-03 02:00:00,0.0,BTCUSDT
2026-03-03 03:00:00,0.0,BTCUSDT
2026-03-03 04:00:00,0.0,BTCUSDT
2026-03-03 05:00:00,0.0,BTCUSDT
2026-03-03 06:00:00,0.0,BTCUSDT
2026-03-03 07:00:00,0.0,BTCUSDT
2026-03-03 08:00:00,0.0001649008644741626,BTCUSDT
2026-03-03 09:00:00,0.0,BTCUSDT
2026-03-03 10:00:00,0.0,BTCUSDT
2026-03-03 11:00:00,0.0,BTCUSDT
2026-03-03 12:00:00,0.0,BTCUSDT
2026-03-03 13:00:00,0.0,BTCUSDT
2026-03-03 14:00:00,0.0,BTCUSDT
2026-03-03 15:00:00,0.0,BTCUSDT
2026-03-03 16:00:00,-7.122153053128607e-05,BTCUSDT
2026-03-03 17:00:00,0.0,BTCUSDT
2026-03-03 18:00:00,0.0,BTCUSDT
2026-03-03 19:00:00,0.0,BTCUSDT
2026-03-03 20:00:00,0.0,BTCUSDT
2026-03-03 21:00:00,0.0,BTCUSDT
2026-03-03 22:00:00,0.0,BTCUSDT
2026-03-03 23:00:00,0.0,BTCUSDT
2026-03-04 00:00:00,-2.7843228157344374e-05,BTCUSDT
2026-03-04 01:00:00,0.0,BTCUSDT
2026-03-04 02:00:00,0.0,BTCUSDT
2026-03-04 03:00:00,0.0,BTCUSDT
2026-03-04 04:00:00,0.0,BTCUSDT
2026-03-04 05:00:00,0.0,BTCUSDT
2026-03-04 06:00:00,0.0,BTCUSDT
2026-03-04 07:00:00,0.0,BTCUSDT
2026-03-04 08:00:00,0.00035375611768276836,BTCUSDT
2026-03-04 09:00:00,0.0,BTCUSDT
2026-03-04 10:00:00,0.0,BTCUSDT
2026-03-04 11:00:00,0.0,BTCUSDT
2026-03-04 12:00:00,0.0,BTCUSDT
2026-03-04 13:00:00,0.0,BTCUSDT
2026-03-04 14:00:00,0.0,BTCUSDT
2026-03-04 15:00:00,0.0,BTCUSDT
2026-03-04 16:00:00,0.00044454194214414564,BTCUSDT
2026-03-04 17:00:00,0.0,BTCUSDT
2026-03-04 18:00:00,0.0,BTCUSDT
2026-03-04 19:00:00,0.0,BTCUSDT
2026-03-04 20:00:00,0.0,BTCUSDT
2026-03-04 21:00:00,0.0,BTCUSDT
2026-03-04 22:00:00,0.0,BTCUSDT
2026-03-04 23:00:00,0.0,BTCUSDT
2026-03-05 00:00:00,7.697372949018325e-06,BTCUSDT
2026-03-05 01:00:00,0.0,BTCUSDT
2026-03-05 02:00:00,0.0,BTCUSDT
2026-03-05 03:00:00,0.0,BTCUSDT
2026-03-05 04:00:00,0.0,BTCUSDT
2026-03-05 05:00:00,0.0,BTCUSDT
2026-03-05 06:00:00,0.0,BTCUSDT
2026-03-05 07:00:00,0.0,BTCUSDT
2026-03-05 08:00:00,0.0003093601806982693,BTCUSDT
2026-03-05 09:00:00,0.0,BTCUSDT
2026-03-05 10:00:00,0.0,BTCUSDT
2026-03-05 11:00:00,0.0,BTCUSDT
2026-03-05 12:00:00,0.0,BTCUSDT
2026-03-05 13:00:00,0.0,BTCUSDT
2026-03-05 14:00:00,0.0,BTCUSDT
2026-03-05 15:00:00,0.0,BTCUSDT
2026-03-05 16:00:00,0.00025466833892894176,BTCUSDT
2026-03-05 17:00:00,0.0,BTCUSDT
2026-03-05 18:00:00,0.0,BTCUSDT
2026-03-05 19:00:00,0.0,BTCUSDT
2026-03-05 20:00:00,0.0,BTCUSDT
2026-03-05 21:00:00,0.0,BTCUSDT
2026-03-05 22:00:00,0.0,BTCUSDT
2026-03-05 23:00:00,0.0,BTCUSDT
2026-03-06 00:00:00,1.37640559300855e-05,BTCUSDT
2026-03-06 01:00:00,0.0,BTCUSDT
2026-03-06 02:00:00,0.0,BTCUSDT
2026-03-06 03:00:00,0.0,BTCUSDT
2026-03-06 04:00:00,0.0,BTCUSDT
2026-03-06 05:00:00,0.0,BTCUSDT
2026-03-06 06:00:00,0.0,BTCUSDT
2026-03-06 07:00:00,0.0,BTCUSDT
2026-03-06 08:00:00,-0.00024499708682625343,BTCUSDT
2026-03-06 09:00:00,0.0,BTCUSDT
2026-03-06 10:00:00,0.0,BTCUSDT
2026-03-06 11:00:00,0.0,BTCUSDT
2026-03-06 12:00:00,0.0,BTCUSDT
2026-03-06 13:00:00,0.0,BTCUSDT
2026-03-06 14:00:00,0.0,BTCUSDT
2026-03-06 15:00:00,0.0,BTCUSDT
2026-03-06 16:00:00,0.00037205899858998206,BTCUSDT
2026-03-06 17:00:00,0.0,BTCUSDT
2026-03-06 18:00:00,0.0,BTCUSDT
2026-03-06 19:00:00,0.0,BTCUSDT
2026-03-06 20:00:00,0.0,BTCUSDT
2026-03-06 21:00:00,0.0,BTCUSDT
2026-03-06 22:00:00,0.0,BTCUSDT
2026-03-06 23:00:00,0.0,BTCUSDT
2026-03-07 00:00:00,-3.023525877835508e-05,BTCUSDT
2026-03-07 01:00:00,0.0,BTCUSDT
2026-03-07 02:00:00,0.0,BTCUSDT
2026-03-07 03:00:00,0.0,BTCUSDT
2026-03-07 04:00:00,0.0,BTCUSDT
2026-03-07 05:00:00,0.0,BTCUSDT
2026-03-07 06:00:00,0.0,BTCUSDT
2026-03-07 07:00:00,0.0,BTCUSDT
2026-03-07 08:00:00,0.0001062834946933101,BTCUSDT
2026-03-07 09:00:00,0.0,BTCUSDT
2026-03-07 10:00:00,0.0,BTCUSDT
2026-03-07 11:00:00,0.0,BTCUSDT
2026-03-07 12:00:00,0.0,BTCUSDT
2026-03-07 13:00:00,0.0,BTCUSDT
2026-03-07 14:00:00,0.0,BTCUSDT
2026-03-07 15:00:00,0.0,BTCUSDT
2026-03-07 16:00:00,0.0004137067877418653,BTCUSDT
2026-03-07 17:00:00,0.0,BTCUSDT
2026-03-07 18:00:00,0.0,BTCUSDT
2026-03-07 19:00:00,0.0,BTCUSDT
2026-03-07 20:00:00,0.0,BTCUSDT
2026-03-07 21:00:00,0.0,BTCUSDT
2026-03-07 22:00:00,0.0,BTCUSDT
2026-03-07 23:00:00,0.0,BTCUSDT
2026-03-08 00:00:00,-2.494283337065499e-05,BTCUSDT
2026-03-08 01:00:00,0.0,BTCUSDT
2026-03-08 02:00:00,0.0,BTCUSDT
2026-03-08 03:00:00,0.0,BTCUSDT
2026-03-08 04:00:00,0.0,BTCUSDT
2026-03-08 05:00:00,0.0,BTCUSDT
2026-03-08 06:00:00,0.0,BTCUSDT
2026-03-08 07:00:00,0.0,BTCUSDT
2026-03-08 08:00:00,2.772706630233541e-06,BTCUSDT
2026-03-08 09:00:00,0.0,BTCUSDT
2026-03-08 10:00:00,0.0,BTCUSDT
2026-03-08 11:00:00,0.0,BTCUSDT
2026-03-08 12:00:00,0.0,BTCUSDT
2026-03-08 13:00:00,0.0,BTCUSDT
2026-03-08 14:00:00,0.0,BTCUSDT
2026-03-08 15:00:00,0.0,BTCUSDT
2026-03-08 16:00:00,0.00031251440114667253,BTCUSDT
2026-03-08 17:00:00,0.0,BTCUSDT
2026-03-08 18:00:00,0.0,BTCUSDT
2026-03-08 19:00:00,0.0,BTCUSDT
2026-03-08 20:00:00,0.0,BTCUSDT
2026-03-08 21:00:00,0.0,BTCUSDT
2026-03-08 22:00:00,0.0,BTCUSDT
2026-03-08 23:00:00,0.0,BTCUSDT
2026-03-09 00:00:00,-7.70529071369572e-06,BTCUSDT
2026-03-09 01:00:00,0.0,BTCUSDT
2026-03-09 02:00:00,0.0,BTCUSDT
2026-03-09 03:00:00,0.0,BTCUSDT
2026-03-09 04:00:00,0.0,BTCUSDT
2026-03-09 05:00:00,0.0,BTCUSDT
2026-03-09 06:00:00,0.0,BTCUSDT
2026-03-09 07:00:00,0.0,BTCUSDT
2026-03-09 08:00:00,-6.564114113185943e-05,BTCUSDT
2026-03-09 09:00:00,0.0,BTCUSDT
2026-03-09 10:00:00,0.0,BTCUSDT
2026-03-09 11:00:00,0.0,BTCUSDT
2026-03-09 12:00:00,0.0,BTCUSDT
2026-03-09 13:00:00,0.0,BTCUSDT
2026-03-09 14:00:00,0.0,BTCUSDT
2026-03-09 15:00:00,0.0,BTCUSDT
2026-03-09 16:00:00,0.00015498615621401747,BTCUSDT
2026-03-09 17:00:00,0.0,BTCUSDT
2026-03-09 18:00:00,0.0,BTCUSDT
2026-03-09 19:00:00,0.0,BTCUSDT
2026-03-09 20:00:00,0.0,BTCUSDT
2026-03-09 21:00:00,0.0,BTCUSDT
2026-03-09 22:00:00,0.0,BTCUSDT
2026-03-09 23:00:00,0.0,BTCUSDT
2026-03-10 00:00:00,0.00022976036323031504,BTCUSDT
2026-03-10 01:00:00,0.0,BTCUSDT
2026-03-10 02:00:00,0.0,BTCUSDT
2026-03-10 03:00:00,0.0,BTCUSDT
2026-03-10 04:00:00,0.0,BTCUSDT
2026-03-10 05:00:00,0.0,BTCUSDT
2026-03-10 06:00:00,0.0,BTCUSDT
2026-03-10 07:00:00,0.0,BTCUSDT
2026-03-10 08:00:00,-3.4395230670699134e-05,BTCUSDT
2026-03-10 09:00:00,0.0,BTCUSDT
2026-03-10 10:00:00,0.0,BTCUSDT
2026-03-10 11:00:00,0.0,BTCUSDT
2026-03-10 12:00:00,0.0,BTCUSDT
2026-03-10 13:00:00,0.0,BTCUSDT
2026-03-10 14:00:00,0.0,BTCUSDT
2026-03-10 15:00:00,0.0,BTCUSDT
2026-03-10 16:00:00,7.240546070024138e-06,BTCUSDT
2026-03-10 17:00:00,0.0,BTCUSDT
2026-03-10 18:00:00,0.0,BTCUSDT
2026-03-10 19:00:00,0.0,BTCUSDT
2026-03-10 20:00:00,0.0,BTCUSDT
2026-03-10 21:00:00,0.0,BTCUSDT
2026-03-10 22:00:00,0.0,BTCUSDT
2026-03-10 23:00:00,0.0,BTCUSDT
2026-03-11 00:00:00,5.833924699243659e-06,BTCUSDT
2026-03-11 01:00:00,0.0,BTCUSDT
2026-03-11 02:00:00,0.0,BTCUSDT
2026-03-11 03:00:00,0.0,BTCUSDT
2026-03-11 04:00:00,0.0,BTCUSDT
2026-03-11 05:00:00,0.0,BTCUSDT
2026-03-11 06:00:00,0.0,BTCUSDT
2026-03-11 07:00:00,0.0,BTCUSDT
2026-03-11 08:00:00,2.4053774993232154e-05,BTCUSDT
2026-03-11 09:00:00,0.0,BTCUSDT
2026-03-11 10:00:00,0.0,BTCUSDT
2026-03-11 11:00:00,0.0,BTCUSDT
2026-03-11 12:00:00,0.0,BTCUSDT
2026-03-11 13:00:00,0.0,BTCUSDT
2026-03-11 14:00:00,0.0,BTCUSDT
2026-03-11 15:00:00,0.0,BTCUSDT
2026-03-11 16:00:00,0.0005170059352521383,BTCUSDT
2026-03-11 17:00:00,0.0,BTCUSDT
2026-03-11 18:00:00,0.0,BTCUSDT
2026-03-11 19:00:00,0.0,BTCUSDT
2026-03-11 20:00:00,0.0,BTCUSDT
2026-03-11 21:00:00,0.0,BTCUSDT
2026-03-11 22:00:00,0.0,BTCUSDT
2026-03-11 23:00:00,0.0,BTCUSDT
2026-03-12 00:00:00,-4.5177516766398815e-05,BTCUSDT
2026-03-12 01:00:00,0.0,BTCUSDT
2026-03-12 02:00:00,0.0,BTCUSDT
2026-03-12 03:00:00,0.0,BTCUSDT
2026-03-12 04:00:00,0.0,BTCUSDT
2026-03-12 05:00:00,0.0,BTCUSDT
2026-03-12 06:00:00,0.0,BTCUSDT
2026-03-12 07:00:00,0.0,BTCUSDT
2026-03-12 08:00:00,-5.977977961862611e-05,BTCUSDT
2026-03-12 09:00:00,0.0,BTCUSDT
2026-03-12 10:00:00,0.0,BTCUSDT
2026-03-12 11:00:00,0.0,BTCUSDT
2026-03-12 12:00:00,0.0,BTCUSDT
2026-03-12 13:00:00,0.0,BTCUSDT
2026-03-12 14:00:00,0.0,BTCUSDT
2026-03-12 15:00:00,0.0,BTCUSDT
2026-03-12 16:00:00,0.00027232977246463054,BTCUSDT
2026-03-12 17:00:00,0.0,BTCUSDT
2026-03-12 18:00:00,0.0,BTCUSDT
2026-03-12 19:00:00,0.0,BTCUSDT
2026-03-12 20:00:00,0.0,BTCUSDT
2026-03-12 21:00:00,0.0,BTCUSDT
2026-03-12 22:00:00,0.0,BTCUSDT
2026-03-12 23:00:00,0.0,BTCUSDT
2026-03-13 00:00:00,-9.448074792212426e-05,BTCUSDT
2026-03-13 01:00:00,0.0,BTCUSDT
2026-03-13 02:00:00,0.0,BTCUSDT
2026-03-13 03:00:00,0.0,BTCUSDT
2026-03-13 04:00:00,0.0,BTCUSDT
2026-03-13 05:00:00,0.0,BTCUSDT
2026-03-13 06:00:00,0.0,BTCUSDT
2026-03-13 07:00:00,0.0,BTCUSDT
2026-03-13 08:00:00,7.675654734972256e-05,BTCUSDT
2026-03-13 09:00:00,0.0,BTCUSDT
2026-03-13 10:00:00,0.0,BTCUSDT
2026-03-13 11:00:00,0.0,BTCUSDT
2026-03-13 12:00:00,0.0,BTCUSDT
2026-03-13 13:00:00,0.0,BTCUSDT
2026-03-13 14:00:00,0.0,BTCUSDT
2026-03-13 15:00:00,0.0,BTCUSDT
2026-03-13 16:00:00,-7.762071779423494e-06,BTCUSDT
2026-03-13 17:00:00,0.0,BTCUSDT
2026-03-13 18:00:00,0.0,BTCUSDT
2026-03-13 19:00:00,0.0,BTCUSDT
2026-03-13 20:00:00,0.0,BTCUSDT
2026-03-13 21:00:00,0.0,BTCUSDT
2026-03-13 22:00:00,0.0,BTCUSDT
2026-03-13 23:00:00,0.0,BTCUSDT
2026-03-14 00:00:00,0.0002735158955012545,BTCUSDT
2026-03-14 01:00:00,0.0,BTCUSDT
2026-03-14 02:00:00,0.0,BTCUSDT
2026-03-14 03:00:00,0.0,BTCUSDT
2026-03-14 04:00:00,0.0,BTCUSDT
2026-03-14 05:00:00,0.0,BTCUSDT
2026-03-14 06:00:00,0.0,BTCUSDT
2026-03-14 07:00:00,0.0,BTCUSDT
2026-03-14 08:00:00,0.0003756459693340299,BTCUSDT
2026-03-14 09:00:00,0.0,BTCUSDT
2026-03-14 10:00:00,0.0,BTCUSDT
2026-03-14 11:00:00,0.0,BTCUSDT
2026-03-14 12:00:00,0.0,BTCUSDT
2026-03-14 13:00:00,0.0,BTCUSDT
2026-03-14 14:00:00,0.0,BTCUSDT
2026-03-14 15:00:00,0.0,BTCUSDT
2026-03-14 16:00:00,0.0002660235328990453,BTCUSDT
2026-03-14 17:00:00,0.0,BTCUSDT
2026-03-14 18:00:00,0.0,BTCUSDT
2026-03-14 19:00:00,0.0,BTCUSDT
2026-03-14 20:00:00,0.0,BTCUSDT
2026-03-14 21:00:00,0.0,BTCUSDT
2026-03-14 22:00:00,0.0,BTCUSDT
2026-03-14 23:00:00,0.0,BTCUSDT
2026-03-15 00:00:00,0.00019262769599500806,BTCUSDT
2026-03-15 01:00:00,0.0,BTCUSDT
2026-03-15 02:00:00,0.0,BTCUSDT
2026-03-15 03:00:00,0.0,BTCUSDT
2026-03-15 04:00:00,0.0,BTCUSDT
2026-03-15 05:00:00,0.0,BTCUSDT
2026-03-15 06:00:00,0.0,BTCUSDT
2026-03-15 07:00:00,0.0,BTCUSDT
2026-03-15 08:00:00,0.0002704817755596394,BTCUSDT
2026-03-15 09:00:00,0.0,BTCUSDT
2026-03-15 10:00:00,0.0,BTCUSDT
2026-03-15 11:00:00,0.0,BTCUSDT
2026-03-15 12:00:00,0.0,BTCUSDT
2026-03-15 13:00:00,0.0,BTCUSDT
2026-03-15 14:00:00,0.0,BTCUSDT
2026-03-15 15:00:00,0.0,BTCUSDT
2026-03-15 16:00:00,-0.00020048491952871035,BTCUSDT
2026-03-15 17:00:00,0.0,BTCUSDT
2026-03-15 18:00:00,0.0,BTCUSDT
2026-03-15 19:00:00,0.0,BTCUSDT
2026-03-15 20:00:00,0.0,BTCUSDT
2026-03-15 21:00:00,0.0,BTCUSDT
2026-03-15 22:00:00,0.0,BTCUSDT
2026-03-15 23:00:00,0.0,BTCUSDT
2026-03-16 00:00:00,0.000330846960979952,BTCUSDT
2026-03-16 01:00:00,0.0,BTCUSDT
2026-03-16 02:00:00,0.0,BTCUSDT
2026-03-16 03:00:00,0.0,BTCUSDT
2026-03-16 04:00:00,0.0,BTCUSDT
2026-03-16 05:00:00,0.0,BTCUSDT
2026-03-16 06:00:00,0.0,BTCUSDT
2026-03-16 07:00:00,0.0,BTCUSDT
2026-03-16 08:00:00,0.0003239132233962185,BTCUSDT
2026-03-16 09:00:00,0.0,BTCUSDT
2026-03-16 10:00:00,0.0,BTCUSDT
2026-03-16 11:00:00,0.0,BTCUSDT
2026-03-16 12:00:00,0.0,BTCUSDT
2026-03-16 13:00:00,0.0,BTCUSDT
2026-03-16 14:00:00,0.0,BTCUSDT
2026-03-16 15:00:00,0.0,BTCUSDT
2026-03-16 16:00:00,-0.0001691255836656294,BTCUSDT
2026-03-16 17:00:00,0.0,BTCUSDT
2026-03-16 18:00:00,0.0,BTCUSDT
2026-03-16 19:00:00,0.0,BTCUSDT
2026-03-16 20:00:00,0.0,BTCUSDT
2026-03-16 21:00:00,0.0,BTCUSDT
2026-03-16 22:00:00,0.0,BTCUSDT
2026-03-16 23:00:00,0.0,BTCUSDT
2026-03-17 00:00:00,0.0003006274006611131,BTCUSDT
2026-03-17 01:00:00,0.0,BTCUSDT
2026-03-17 02:00:00,0.0,BTCUSDT
2026-03-17 03:00:00,0.0,BTCUSDT
2026-03-17 04:00:00,0.0,BTCUSDT
2026-03-17 05:00:00,0.0,BTCUSDT
2026-03-17 06:00:00,0.0,BTCUSDT
2026-03-17 07:00:00,0.0,BTCUSDT
2026-03-17 08:00:00,-0.00014012874646421905,BTCUSDT
2026-03-17 09:00:00,0.0,BTCUSDT
2026-03-17 10:00:00,0.0,BTCUSDT
2026-03-17 11:00:00,0.0,BTCUSDT
2026-03-17 12:00:00,0.0,BTCUSDT
2026-03-17 13:00:00,0.0,BTCUSDT
2026-03-17 14:00:00,0.0,BTCUSDT
2026-03-17 15:00:00,0.0,BTCUSDT
2026-03-17 16:00:00,0.0002708399297225633,BTCUSDT
2026-03-17 17:00:00,0.0,BTCUSDT
2026-03-17 18:00:00,0.0,BTCUSDT
2026-03-17 19:00:00,0.0,BTCUSDT
2026-03-17 20:00:00,0.0,BTCUSDT
2026-03-17 21:00:00,0.0,BTCUSDT
2026-03-17 22:00:00,0.0,BTCUSDT
2026-03-17 23:00:00,0.0,BTCUSDT
2026-03-18 00:00:00,0.000449215503658839,BTCUSDT
2026-03-18 01:00:00,0.0,BTCUSDT
2026-03-18 02:00:00,0.0,BTCUSDT
2026-03-18 03:00:00,0.0,BTCUSDT
2026-03-18 04:00:00,0.0,BTCUSDT
2026-03-18 05:00:00,0.0,BTCUSDT
2026-03-18 06:00:00,0.0,BTCUSDT
2026-03-18 07:00:00,0.0,BTCUSDT
2026-03-18 08:00:00,-0.00011741350258698362,BTCUSDT
2026-03-18 09:00:00,0.0,BTCUSDT
2026-03-18 10:00:00,0.0,BTCUSDT
2026-03-18 11:00:00,0.0,BTCUSDT
2026-03-18 12:00:00,0.0,BTCUSDT
2026-03-18 13:00:00,0.0,BTCUSDT
2026-03-18 14:00:00,0.0,BTCUSDT
2026-03-18 15:00:00,0.0,BTCUSDT
2026-03-18 16:00:00,0.00029977243206564294,BTCUSDT
2026-03-18 17:00:00,0.0,BTCUSDT
2026-03-18 18:00:00,0.0,BTCUSDT
2026-03-18 19:00:00,0.0,BTCUSDT
2026-03-18 20:00:00,0.0,BTCUSDT
2026-03-18 21:00:00,0.0,BTCUSDT
2026-03-18 22:00:00,0.0,BTCUSDT
2026-03-18 23:00:00,0.0,BTCUSDT
2026-03-19 00:00:00,0.00032008568845137285,BTCUSDT
2026-03-19 01:00:00,0.0,BTCUSDT
2026-03-19 02:00:00,0.0,BTCUSDT
2026-03-19 03:00:00,0.0,BTCUSDT
2026-03-19 04:00:00,0.0,BTCUSDT
2026-03-19 05:00:00,0.0,BTCUSDT
2026-03-19 06:00:00,0.0,BTCUSDT
2026-03-19 07:00:00,0.0,BTCUSDT
2026-03-19 08:00:00,0.0002455094747581241,BTCUSDT
2026-03-19 09:00:00,0.0,BTCUSDT
2026-03-19 10:00:00,0.0,BTCUSDT
2026-03-19 11:00:00,0.0,BTCUSDT
2026-03-19 12:00:00,0.0,BTCUSDT
2026-03-19 13:00:00,0.0,BTCUSDT
2026-03-19 14:00:00,0.0,BTCUSDT
2026-03-19 15:00:00,0.0,BTCUSDT
2026-03-19 16:00:00,0.00023180519040421927,BTCUSDT
2026-03-19 17:00:00,0.0,BTCUSDT
2026-03-19 18:00:00,0.0,BTCUSDT
2026-03-19 19:00:00,0.0,BTCUSDT
2026-03-19 20:00:00,0.0,BTCUSDT
2026-03-19 21:00:00,0.0,BTCUSDT
2026-03-19 22:00:00,0.0,BTCUSDT
2026-03-19 23:00:00,0.0,BTCUSDT
2026-03-20 00:00:00,-4.642175493767412e-05,BTCUSDT
2026-03-20 01:00:00,0.0,BTCUSDT
2026-03-20 02:00:00,0.0,BTCUSDT
2026-03-20 03:00:00,0.0,BTCUSDT
2026-03-20 04:00:00,0.0,BTCUSDT
2026-03-20 05:00:00,0.0,BTCUSDT
2026-03-20 06:00:00,0.0,BTCUSDT
2026-03-20 07:00:00,0.0,BTCUSDT
2026-03-20 08:00:00,0.00016552784734428415,BTCUSDT
2026-03-20 09:00:00,0.0,BTCUSDT
2026-03-20 10:00:00,0.0,BTCUSDT
2026-03-20 11:00:00,0.0,BTCUSDT
2026-03-20 12:00:00,0.0,BTCUSDT
2026-03-20 13:00:00,0.0,BTCUSDT
2026-03-20 14:00:00,0.0,BTCUSDT
2026-03-20 15:00:00,0.0,BTCUSDT
2026-03-20 16:00:00,0.0002900483303434194,BTCUSDT
2026-03-20 17:00:00,0.0,BTCUSDT
2026-03-20 18:00:00,0.0,BTCUSDT
2026-03-20 19:00:00,0.0,BTCUSDT
2026-03-20 20:00:00,0.0,BTCUSDT
2026-03-20 21:00:00,0.0,BTCUSDT
2026-03-20 22:00:00,0.0,BTCUSDT
2026-03-20 23:00:00,0.0,BTCUSDT
2026-03-21 00:00:00,0.0004947466885471705,BTCUSDT
2026-03-21 01:00:00,0.0,BTCUSDT
2026-03-21 02:00:00,0.0,BTCUSDT
2026-03-21 03:00:00,0.0,BTCUSDT
2026-03-21 04:00:00,0.0,BTCUSDT
2026-03-21 05:00:00,0.0,BTCUSDT
2026-03-21 06:00:00,0.0,BTCUSDT
2026-03-21 07:00:00,0.0,BTCUSDT
2026-03-21 08:00:00,0.0003328929385024425,BTCUSDT
2026-03-21 09:00:00,0.0,BTCUSDT
2026-03-21 10:00:00,0.0,BTCUSDT
2026-03-21 11:00:00,0.0,BTCUSDT
2026-03-21 12:00:00,0.0,BTCUSDT
2026-03-21 13:00:00,0.0,BTCUSDT
2026-03-21 14:00:00,0.0,BTCUSDT
2026-03-21 15:00:00,0.0,BTCUSDT
2026-03-21 16:00:00,-6.629573458029812e-05,BTCUSDT
2026-03-21 17:00:00,0.0,BTCUSDT
2026-03-21 18:00:00,0.0,BTCUSDT
2026-03-21 19:00:00,0.0,BTCUSDT
2026-03-21 20:00:00,0.0,BTCUSDT
2026-03-21 21:00:00,0.0,BTCUSDT
2026-03-21 22:00:00,0.0,BTCUSDT
2026-03-21 23:00:00,0.0,BTCUSDT
2026-03-22 00:00:00,-7.562701461452877e-05,BTCUSDT
2026-03-22 01:00:00,0.0,BTCUSDT
2026-03-22 02:00:00,0.0,BTCUSDT
2026-03-22 03:00:00,0.0,BTCUSDT
2026-03-22 04:00:00,0.0,BTCUSDT
2026-03-22 05:00:00,0.0,BTCUSDT
2026-03-22 06:00:00,0.0,BTCUSDT
2026-03-22 07:00:00,0.0,BTCUSDT
2026-03-22 08:00:00,-0.0002302106790123831,BTCUSDT
2026-03-22 09:00:00,0.0,BTCUSDT
2026-03-22 10:00:00,0.0,BTCUSDT
2026-03-22 11:00:00,0.0,BTCUSDT
2026-03-22 12:00:00,0.0,BTCUSDT
2026-03-22 13:00:00,0.0,BTCUSDT
2026-03-22 14:00:00,0.0,BTCUSDT
2026-03-22 15:00:00,0.0,BTCUSDT
2026-03-22 16:00:00,-0.00026799844988272654,BTCUSDT
2026-03-22 17:00:00,0.0,BTCUSDT
2026-03-22 18:00:00,0.0,BTCUSDT
2026-03-22 19:00:00,0.0,BTCUSDT
2026-03-22 20:00:00,0.0,BTCUSDT
2026-03-22 21:00:00,0.0,BTCUSDT
2026-03-22 22:00:00,0.0,BTCUSDT
2026-03-22 23:00:00,0.0,BTCUSDT
2026-03-23 00:00:00,-0.00011499791342608111,BTCUSDT
2026-03-23 01:00:00,0.0,BTCUSDT
2026-03-23 02:00:00,0.0,BTCUSDT
2026-03-23 03:00:00,0.0,BTCUSDT
2026-03-23 04:00:00,0.0,BTCUSDT
2026-03-23 05:00:00,0.0,BTCUSDT
2026-03-23 06:00:00,0.0,BTCUSDT
2026-03-23 07:00:00,0.0,BTCUSDT
2026-03-23 08:00:00,0.00017243686442093884,BTCUSDT
2026-03-23 09:00:00,0.0,BTCUSDT
2026-03-23 10:00:00,0.0,BTCUSDT
2026-03-23 11:00:00,0.0,BTCUSDT
2026-03-23 12:00:00,0.0,BTCUSDT
2026-03-23 13:00:00,0.0,BTCUSDT
2026-03-23 14:00:00,0.0,BTCUSDT
2026-03-23 15:00:00,0.0,BTCUSDT
2026-03-23 16:00:00,-0.0001287342603078117,BTCUSDT
2026-03-23 17:00:00,0.0,BTCUSDT
2026-03-23 18:00:00,0.0,BTCUSDT
2026-03-23 19:00:00,0.0,BTCUSDT
2026-03-23 20:00:00,0.0,BTCUSDT
2026-03-23 21:00:00,0.0,BTCUSDT
2026-03-23 22:00:00,0.0,BTCUSDT
2026-03-23 23:00:00,0.0,BTCUSDT
2026-03-24 00:00:00,-2.695909642084838e-05,BTCUSDT
2026-03-24 01:00:00,0.0,BTCUSDT
2026-03-24 02:00:00,0.0,BTCUSDT
2026-03-24 03:00:00,0.0,BTCUSDT
2026-03-24 04:00:00,0.0,BTCUSDT
2026-03-24 05:00:00,0.0,BTCUSDT
2026-03-24 06:00:00,0.0,BTCUSDT
2026-03-24 07:00:00,0.0,BTCUSDT
2026-03-24 08:00:00,0.00011282051299004506,BTCUSDT
2026-03-24 09:00:00,0.0,BTCUSDT
2026-03-24 10:00:00,0.0,BTCUSDT
2026-03-24 11:00:00,0.0,BTCUSDT
2026-03-24 12:00:00,0.0,BTCUSDT
2026-03-24 13:00:00,0.0,BTCUSDT
2026-03-24 14:00:00,0.0,BTCUSDT
2026-03-24 15:00:00,0.0,BTCUSDT
2026-03-24 16:00:00,-0.00011489255327120042,BTCUSDT
2026-03-24 17:00:00,0.0,BTCUSDT
2026-03-24 18:00:00,0.0,BTCUSDT
2026-03-24 19:00:00,0.0,BTCUSDT
2026-03-24 20:00:00,0.0,BTCUSDT
2026-03-24 21:00:00,0.0,BTCUSDT
2026-03-24 22:00:00,0.0,BTCUSDT
2026-03-24 23:00:00,0.0,BTCUSDT
2026-03-25 00:00:00,-5.9244824554763854e-05,BTCUSDT
2026-03-25 01:00:00,0.0,BTCUSDT
2026-03-25 02:00:00,0.0,BTCUSDT
2026-03-25 03:00:00,0.0,BTCUSDT
2026-03-25 04:00:00,0.0,BTCUSDT
2026-03-25 05:00:00,0.0,BTCUSDT
2026-03-25 06:00:00,0.0,BTCUSDT
2026-03-25 07:00:00,0.0,BTCUSDT
2026-03-25 08:00:00,0.000249624006450375,BTCUSDT
2026-03-25 09:00:00,0.0,BTCUSDT
2026-03-25 10:00:00,0.0,BTCUSDT
2026-03-25 11:00:00,0.0,BTCUSDT
2026-03-25 12:00:00,0.0,BTCUSDT
2026-03-25 13:00:00,0.0,BTCUSDT
2026-03-25 14:00:00,0.0,BTCUSDT
2026-03-25 15:00:00,0.0,BTCUSDT
2026-03-25 16:00:00,0.00012525117454278653,BTCUSDT
2026-03-25 17:00:00,0.0,BTCUSDT
2026-03-25 18:00:00,0.0,BTCUSDT
2026-03-25 19:00:00,0.0,BTCUSDT
2026-03-25 20:00:00,0.0,BTCUSDT
2026-03-25 21:00:00,0.0,BTCUSDT
2026-03-25 22:00:00,0.0,BTCUSDT
2026-03-25 23:00:00,0.0,BTCUSDT
2026-03-26 00:00:00,-5.313065704907556e-05,BTCUSDT
2026-03-26 01:00:00,0.0,BTCUSDT
2026-03-26 02:00:00,0.0,BTCUSDT
2026-03-26 03:00:00,0.0,BTCUSDT
2026-03-26 04:00:00,0.0,BTCUSDT
2026-03-26 05:00:00,0.0,BTCUSDT
2026-03-26 06:00:00,0.0,BTCUSDT
2026-03-26 07:00:00,0.0,BTCUSDT
2026-03-26 08:00:00,0.00010075477131104126,BTCUSDT
2026-03-26 09:00:00,0.0,BTCUSDT
2026-03-26 10:00:00,0.0,BTCUSDT
2026-03-26 11:00:00,0.0,BTCUSDT
2026-03-26 12:00:00,0.0,BTCUSDT
2026-03-26 13:00:00,0.0,BTCUSDT
2026-03-26 14:00:00,0.0,BTCUSDT
2026-03-26 15:00:00,0.0,BTCUSDT
2026-03-26 16:00:00,0.00033834406048033924,BTCUSDT
2026-03-26 17:00:00,0.0,BTCUSDT
2026-03-26 18:00:00,0.0,BTCUSDT
2026-03-26 19:00:00,0.0,BTCUSDT
2026-03-26 20:00:00,0.0,BTCUSDT
2026-03-26 21:00:00,0.0,BTCUSDT
2026-03-26 22:00:00,0.0,BTCUSDT
2026-03-26 23:00:00,0.0,BTCUSDT
2026-03-27 00:00:00,0.0006571823827988112,BTCUSDT
2026-03-27 01:00:00,0.0,BTCUSDT
2026-03-27 02:00:00,0.0,BTCUSDT
2026-03-27 03:00:00,0.0,BTCUSDT
2026-03-27 04:00:00,0.0,BTCUSDT
2026-03-27 05:00:00,0.0,BTCUSDT
2026-03-27 06:00:00,0.0,BTCUSDT
2026-03-27 07:00:00,0.0,BTCUSDT
2026-03-27 08:00:00,0.00041302068111484877,BTCUSDT
2026-03-27 09:00:00,0.0,BTCUSDT
2026-03-27 10:00:00,0.0,BTCUSDT
2026-03-27 11:00:00,0.0,BTCUSDT
2026-03-27 12:00:00,0.0,BTCUSDT
2026-03-27 13:00:00,0.0,BTCUSDT
2026-03-27 14:00:00,0.0,BTCUSDT
2026-03-27 15:00:00,0.0,BTCUSDT
2026-03-27 16:00:00,4.7103930246275483e-05,BTCUSDT
2026-03-27 17:00:00,0.0,BTCUSDT
2026-03-27 18:00:00,0.0,BTCUSDT
2026-03-27 19:00:00,0.0,BTCUSDT
2026-03-27 20:00:00,0.0,BTCUSDT
2026-03-27 21:00:00,0.0,BTCUSDT
2026-03-27 22:00:00,0.0,BTCUSDT
2026-03-27 23:00:00,0.0,BTCUSDT
2026-03-28 00:00:00,2.591445710606594e-05,BTCUSDT
2026-03-28 01:00:00,0.0,BTCUSDT
2026-03-28 02:00:00,0.0,BTCUSDT
2026-03-28 03:00:00,0.0,BTCUSDT
2026-03-28 04:00:00,0.0,BTCUSDT
2026-03-28 05:00:00,0.0,BTCUSDT
2026-03-28 06:00:00,0.0,BTCUSDT
2026-03-28 07:00:00,0.0,BTCUSDT
2026-03-28 08:00:00,0.00015709723253761064,BTCUSDT
2026-03-28 09:00:00,0.0,BTCUSDT
2026-03-28 10:00:00,0.0,BTCUSDT
2026-03-28 11:00:00,0.0,BTCUSDT
2026-03-28 12:00:00,0.0,BTCUSDT
2026-03-28 13:00:00,0.0,BTCUSDT
2026-03-28 14:00:00,0.0,BTCUSDT
2026-03-28 15:00:00,0.0,BTCUSDT
2026-03-28 16:00:00,0.00015018863864733184,BTCUSDT
2026-03-28 17:00:00,0.0,BTCUSDT
2026-03-28 18:00:00,0.0,BTCUSDT
2026-03-28 19:00:00,0.0,BTCUSDT
2026-03-28 20:00:00,0.0,BTCUSDT
2026-03-28 21:00:00,0.0,BTCUSDT
2026-03-28 22:00:00,0.0,BTCUSDT
2026-03-28 23:00:00,0.0,BTCUSDT
2026-03-29 00:00:00,0.0002833255377445683,BTCUSDT
2026-03-29 01:00:00,0.0,BTCUSDT
2026-03-29 02:00:00,0.0,BTCUSDT
2026-03-29 03:00:00,0.0,BTCUSDT
2026-03-29 04:00:00,0.0,BTCUSDT
2026-03-29 05:00:00,0.0,BTCUSDT
2026-03-29 06:00:00,0.0,BTCUSDT
2026-03-29 07:00:00,0.0,BTCUSDT
2026-03-29 08:00:00,0.00010730124447710403,BTCUSDT
2026-03-29 09:00:00,0.0,BTCUSDT
2026-03-29 10:00:00,0.0,BTCUSDT
2026-03-29 11:00:00,0.0,BTCUSDT
2026-03-29 12:00:00,0.0,BTCUSDT
2026-03-29 13:00:00,0.0,BTCUSDT
2026-03-29 14:00:00,0.0,BTCUSDT
2026-03-29 15:00:00,0.0,BTCUSDT
2026-03-29 16:00:00,0.00025690545209512775,BTCUSDT
2026-03-29 17:00:00,0.0,BTCUSDT
2026-03-29 18:00:00,0.0,BTCUSDT
2026-03-29 19:00:00,0.0,BTCUSDT
2026-03-29 20:00:00,0.0,BTCUSDT
2026-03-29 21:00:00,0.0,BTCUSDT
2026-03-29 22:00:00,0.0,BTCUSDT
2026-03-29 23:00:00,0.0,BTCUSDT
2026-03-30 00:00:00,-2.7061306873640733e-05,BTCUSDT
2026-03-30 01:00:00,0.0,BTCUSDT
2026-03-30 02:00:00,0.0,BTCUSDT
2026-03-30 03:00:00,0.0,BTCUSDT
2026-03-30 04:00:00,0.0,BTCUSDT
2026-03-30 05:00:00,0.0,BTCUSDT
2026-03-30 06:00:00,0.0,BTCUSDT
2026-03-30 07:00:00,0.0,BTCUSDT
2026-03-30 08:00:00,0.00029946784515181543,BTCUSDT
2026-03-30 09:00:00,0.0,BTCUSDT
2026-03-30 10:00:00,0.0,BTCUSDT
2026-03-30 11:00:00,0.0,BTCUSDT
2026-03-30 12:00:00,0.0,BTCUSDT
2026-03-30 13:00:00,0.0,BTCUSDT
2026-03-30 14:00:00,0.0,BTCUSDT
2026-03-30 15:00:00,0.0,BTCUSDT
2026-03-30 16:00:00,0.00012064325195318353,BTCUSDT
2026-03-30 17:00:00,0.0,BTCUSDT
2026-03-30 18:00:00,0.0,BTCUSDT
2026-03-30 19:00:00,0.0,BTCUSDT
2026-03-30 20:00:00,0.0,BTCUSDT
2026-03-30 21:00:00,0.0,BTCUSDT
2026-03-30 22:00:00,0.0,BTCUSDT
2026-03-30 23:00:00,0.0,BTCUSDT
2026-03-31 00:00:00,0.000299391496304524,BTCUSDT
2026-03-31 01:00:00,0.0,BTCUSDT
2026-03-31 02:00:00,0.0,BTCUSDT
2026-03-31 03:00:00,0.0,BTCUSDT
2026-03-31 04:00:00,0.0,BTCUSDT
2026-03-31 05:00:00,0.0,BTCUSDT
2026-03-31 06:00:00,0.0,BTCUSDT
2026-03-31 07:00:00,0.0,BTCUSDT
2026-03-31 08:00:00,0.0001707027968896851,BTCUSDT
2026-03-31 09:00:00,0.0,BTCUSDT
2026-03-31 10:00:00,0.0,BTCUSDT
2026-03-31 11:00:00,0.0,BTCUSDT
2026-03-31 12:00:00,0.0,BTCUSDT
2026-03-31 13:00:00,0.0,BTCUSDT
2026-03-31 14:00:00,0.0,BTCUSDT
2026-03-31 15:00:00,0.0,BTCUSDT
2026-03-31 16:00:00,-4.287731194080399e-05,BTCUSDT
2026-03-31 17:00:00,0.0,BTCUSDT
2026-03-31 18:00:00,0.0,BTCUSDT
2026-03-31 19:00:00,0.0,BTCUSDT
2026-03-31 20:00:00,0.0,BTCUSDT
2026-03-31 21:00:00,0.0,BTCUSDT
2026-03-31 22:00:00,0.0,BTCUSDT
2026-03-31 23:00:00,0.0,BTCUSDT
2026-04-01 00:00:00,0.00012360554278876377,BTCUSDT
2026-04-01 01:00:00,0.0,BTCUSDT
2026-04-01 02:00:00,0.0,BTCUSDT
2026-04-01 03:00:00,0.0,BTCUSDT
2026-04-01 04:00:00,0.0,BTCUSDT
2026-04-01 05:00:00,0.0,BTCUSDT
2026-04-01 06:00:00,0.0,BTCUSDT
2026-04-01 07:00:00,0.0,BTCUSDT
2026-04-01 08:00:00,-2.9671274064500214e-05,BTCUSDT
2026-04-01 09:00:00,0.0,BTCUSDT
2026-04-01 10:00:00,0.0,BTCUSDT
2026-04-01 11:00:00,0.0,BTCUSDT
2026-04-01 12:00:00,0.0,BTCUSDT
2026-04-01 13:00:00,0.0,BTCUSDT
2026-04-01 14:00:00,0.0,BTCUSDT
2026-04-01 15:00:00,0.0,BTCUSDT
2026-04-01 16:00:00,0.00020995024432901696,BTCUSDT
2026-04-01 17:00:00,0.0,BTCUSDT
2026-04-01 18:00:00,0.0,BTCUSDT
2026-04-01 19:00:00,0.0,BTCUSDT
2026-04-01 20:00:00,0.0,BTCUSDT
2026-04-01 21:00:00,0.0,BTCUSDT
2026-04-01 22:00:00,0.0,BTCUSDT
2026-04-01 23:00:00,0.0,BTCUSDT
2026-04-02 00:00:00,0.00012159596257700854,BTCUSDT
2026-04-02 01:00:00,0.0,BTCUSDT
2026-04-02 02:00:00,0.0,BTCUSDT
2026-04-02 03:00:00,0.0,BTCUSDT
2026-04-02 04:00:00,0.0,BTCUSDT
2026-04-02 05:00:00,0.0,BTCUSDT
2026-04-02 06:00:00,0.0,BTCUSDT
2026-04-02 07:00:00,0.0,BTCUSDT
2026-04-02 08:00:00,0.0005721764343625934,BTCUSDT
2026-04-02 09:00:00,0.0,BTCUSDT
2026-04-02 10:00:00,0.0,BTCUSDT
2026-04-02 11:00:00,0.0,BTCUSDT
2026-04-02 12:00:00,0.0,BTCUSDT
2026-04-02 13:00:00,0.0,BTCUSDT
2026-04-02 14:00:00,0.0,BTCUSDT
2026-04-02 15:00:00,0.0,BTCUSDT
2026-04-02 16:00:00,7.577612037547062e-05,BTCUSDT
2026-04-02 17:00:00,0.0,BTCUSDT
2026-04-02 18:00:00,0.0,BTCUSDT
2026-04-02 19:00:00,0.0,BTCUSDT
2026-04-02 20:00:00,0.0,BTCUSDT
2026-04-02 21:00:00,0.0,BTCUSDT
2026-04-02 22:00:00,0.0,BTCUSDT
2026-04-02 23:00:00,0.0,BTCUSDT
2026-04-03 00:00:00,0.0001104745679449992,BTCUSDT
2026-04-03 01:00:00,0.0,BTCUSDT
2026-04-03 02:00:00,0.0,BTCUSDT
2026-04-03 03:00:00,0.0,BTCUSDT
2026-04-03 04:00:00,0.0,BTCUSDT
2026-04-03 05:00:00,0.0,BTCUSDT
2026-04-03 06:00:00,0.0,BTCUSDT
2026-04-03 07:00:00,0.0,BTCUSDT
2026-04-03 08:00:00,0.0003012481494623274,BTCUSDT
2026-04-03 09:00:00,0.0,BTCUSDT
2026-04-03 10:00:00,0.0,BTCUSDT
2026-04-03 11:00:00,0.0,BTCUSDT
2026-04-03 12:00:00,0.0,BTCUSDT
2026-04-03 13:00:00,0.0,BTCUSDT
2026-04-03 14:00:00,0.0,BTCUSDT
2026-04-03 15:00:00,0.0,BTCUSDT
2026-04-03 16:00:00,0.0002917415689923656,BTCUSDT
2026-04-03 17:00:00,0.0,BTCUSDT
2026-04-03 18:00:00,0.0,BTCUSDT
2026-04-03 19:00:00,0.0,BTCUSDT
2026-04-03 20:00:00,0.0,BTCUSDT
2026-04-03 21:00:00,0.0,BTCUSDT
2026-04-03 22:00:00,0.0,BTCUSDT
2026-04-03 23:00:00,0.0,BTCUSDT
2026-04-04 00:00:00,0.00030434505375201453,BTCUSDT
2026-04-04 01:00:00,0.0,BTCUSDT
2026-04-04 02:00:00,0.0,BTCUSDT
2026-04-04 03:00:00,0.0,BTCUSDT
2026-04-04 04:00:00,0.0,BTCUSDT
2026-04-04 05:00:00,0.0,BTCUSDT
2026-04-04 06:00:00,0.0,BTCUSDT
2026-04-04 07:00:00,0.0,BTCUSDT
2026-04-04 08:00:00,1.3404746951556796e-05,BTCUSDT
2026-04-04 09:00:00,0.0,BTCUSDT
2026-04-04 10:00:00,0.0,BTCUSDT
2026-04-04 11:00:00,0.0,BTCUSDT
2026-04-04 12:00:00,0.0,BTCUSDT
2026-04-04 13:00:00,0.0,BTCUSDT
2026-04-04 14:00:00,0.0,BTCUSDT
2026-04-04 15:00:00,0.0,BTCUSDT
2026-04-04 16:00:00,0.0003043317456395876,BTCUSDT
2026-04-04 17:00:00,0.0,BTCUSDT
2026-04-04 18:00:00,0.0,BTCUSDT
2026-04-04 19:00:00,0.0,BTCUSDT
2026-04-04 20:00:00,0.0,BTCUSDT
2026-04-04 21:00:00,0.0,BTCUSDT
2026-04-04 22:00:00,0.0,BTCUSDT
2026-04-04 23:00:00,0.0,BTCUSDT
2026-04-05 00:00:00,0.0004817552546755472,BTCUSDT
2026-04-05 01:00:00,0.0,BTCUSDT
2026-04-05 02:00:00,0.0,BTCUSDT
2026-04-05 03:00:00,0.0,BTCUSDT
2026-04-05 04:00:00,0.0,BTCUSDT
2026-04-05 05:00:00,0.0,BTCUSDT
2026-04-05 06:00:00,0.0,BTCUSDT
2026-04-05 07:00:00,0.0,BTCUSDT
2026-04-05 08:00:00,0.00030788827844611835,BTCUSDT
2026-04-05 09:00:00,0.0,BTCUSDT
2026-04-05 10:00:00,0.0,BTCUSDT
2026-04-05 11:00:00,0.0,BTCUSDT
2026-04-05 12:00:00,0.0,BTCUSDT
2026-04-05 13:00:00,0.0,BTCUSDT
2026-04-05 14:00:00,0.0,BTCUSDT
2026-04-05 15:00:00,0.0,BTCUSDT
2026-04-05 16:00:00,0.00014205691277904568,BTCUSDT
2026-04-05 17:00:00,0.0,BTCUSDT
2026-04-05 18:00:00,0.0,BTCUSDT
2026-04-05 19:00:00,0.0,BTCUSDT
2026-04-05 20:00:00,0.0,BTCUSDT
2026-04-05 21:00:00,0.0,BTCUSDT
2026-04-05 22:00:00,0.0,BTCUSDT
2026-04-05 23:00:00,0.0,BTCUSDT
2026-04-06 00:00:00,-7.91377023391545e-05,BTCUSDT
2026-04-06 01:00:00,0.0,BTCUSDT
2026-04-06 02:00:00,0.0,BTCUSDT
2026-04-06 03:00:00,0.0,BTCUSDT
2026-04-06 04:00:00,0.0,BTCUSDT
2026-04-06 05:00:00,0.0,BTCUSDT
2026-04-06 06:00:00,0.0,BTCUSDT
2026-04-06 07:00:00,0.0,BTCUSDT
2026-04-06 08:00:00,0.0004531122355254521,BTCUSDT
2026-04-06 09:00:00,0.0,BTCUSDT
2026-04-06 10:00:00,0.0,BTCUSDT
2026-04-06 11:00:00,0.0,BTCUSDT
2026-04-06 12:00:00,0.0,BTCUSDT
2026-04-06 13:00:00,0.0,BTCUSDT
2026-04-06 14:00:00,0.0,BTCUSDT
2026-04-06 15:00:00,0.0,BTCUSDT
2026-04-06 16:00:00,0.0003355140828298928,BTCUSDT
2026-04-06 17:00:00,0.0,BTCUSDT
2026-04-06 18:00:00,0.0,BTCUSDT
2026-04-06 19:00:00,0.0,BTCUSDT
2026-04-06 20:00:00,0.0,BTCUSDT
2026-04-06 21:00:00,0.0,BTCUSDT
2026-04-06 22:00:00,0.0,BTCUSDT
2026-04-06 23:00:00,0.0,BTCUSDT
2026-04-07 00:00:00,9.764643243527321e-05,BTCUSDT
2026-04-07 01:00:00,0.0,BTCUSDT
2026-04-07 02:00:00,0.0,BTCUSDT
2026-04-07 03:00:00,0.0,BTCUSDT
2026-04-07 04:00:00,0.0,BTCUSDT
2026-04-07 05:00:00,0.0,BTCUSDT
2026-04-07 06:00:00,0.0,BTCUSDT
2026-04-07 07:00:00,0.0,BTCUSDT
2026-04-07 08:00:00,4.2221517133190526e-05,BTCUSDT
2026-04-07 09:00:00,0.0,BTCUSDT
2026-04-07 10:00:00,0.0,BTCUSDT
2026-04-07 11:00:00,0.0,BTCUSDT
2026-04-07 12:00:00,0.0,BTCUSDT
2026-04-07 13:00:00,0.0,BTCUSDT
2026-04-07 14:00:00,0.0,BTCUSDT
2026-04-07 15:00:00,0.0,BTCUSDT
2026-04-07 16:00:00,0.00035188036059842476,BTCUSDT
2026-04-07 17:00:00,0.0,BTCUSDT
2026-04-07 18:00:00,0.0,BTCUSDT
2026-04-07 19:00:00,0.0,BTCUSDT
2026-04-07 20:00:00,0.0,BTCUSDT
2026-04-07 21:00:00,0.0,BTCUSDT
2026-04-07 22:00:00,0.0,BTCUSDT
2026-04-07 23:00:00,0.0,BTCUSDT
2026-04-08 00:00:00,0.00040767899688765567,BTCUSDT
2026-04-08 01:00:00,0.0,BTCUSDT
2026-04-08 02:00:00,0.0,BTCUSDT
2026-04-08 03:00:00,0.0,BTCUSDT
2026-04-08 04:00:00,0.0,BTCUSDT
2026-04-08 05:00:00,0.0,BTCUSDT
2026-04-08 06:00:00,0.0,BTCUSDT
2026-04-08 07:00:00,0.0,BTCUSDT
2026-04-08 08:00:00,0.00010023219734417453,BTCUSDT
2026-04-08 09:00:00,0.0,BTCUSDT
2026-04-08 10:00:00,0.0,BTCUSDT
2026-04-08 11:00:00,0.0,BTCUSDT
2026-04-08 12:00:00,0.0,BTCUSDT
2026-04-08 13:00:00,0.0,BTCUSDT
2026-04-08 14:00:00,0.0,BTCUSDT
2026-04-08 15:00:00,0.0,BTCUSDT
2026-04-08 16:00:00,5.6522760116698986e-05,BTCUSDT
2026-04-08 17:00:00,0.0,BTCUSDT
2026-04-08 18:00:00,0.0,BTCUSDT
2026-04-08 19:00:00,0.0,BTCUSDT
2026-04-08 20:00:00,0.0,BTCUSDT
2026-04-08 21:00:00,0.0,BTCUSDT
2026-04-08 22:00:00,0.0,BTCUSDT
2026-04-08 23:00:00,0.0,BTCUSDT
2026-04-09 00:00:00,0.00014533147192979877,BTCUSDT
2026-04-09 01:00:00,0.0,BTCUSDT
2026-04-09 02:00:00,0.0,BTCUSDT
2026-04-09 03:00:00,0.0,BTCUSDT
2026-04-09 04:00:00,0.0,BTCUSDT
2026-04-09 05:00:00,0.0,BTCUSDT
2026-04-09 06:00:00,0.0,BTCUSDT
2026-04-09 07:00:00,0.0,BTCUSDT
2026-04-09 08:00:00,0.00020609795970597455,BTCUSDT
2026-04-09 09:00:00,0.0,BTCUSDT
2026-04-09 10:00:00,0.0,BTCUSDT
2026-04-09 11:00:00,0.0,BTCUSDT
2026-04-09 12:00:00,0.0,BTCUSDT
2026-04-09 13:00:00,0.0,BTCUSDT
2026-04-09 14:00:00,0.0,BTCUSDT
2026-04-09 15:00:00,0.0,BTCUSDT
2026-04-09 16:00:00,0.0003754527807626467,BTCUSDT
2026-04-09 17:00:00,0.0,BTCUSDT
2026-04-09 18:00:00,0.0,BTCUSDT
2026-04-09 19:00:00,0.0,BTCUSDT
2026-04-09 20:00:00,0.0,BTCUSDT
2026-04-09 21:00:00,0.0,BTCUSDT
2026-04-09 22:00:00,0.0,BTCUSDT
2026-04-09 23:00:00,0.0,BTCUSDT
2026-04-10 00:00:00,-0.00028770536738795076,BTCUSDT
2026-04-10 01:00:00,0.0,BTCUSDT
2026-04-10 02:00:00,0.0,BTCUSDT
2026-04-10 03:00:00,0.0,BTCUSDT
2026-04-10 04:00:00,0.0,BTCUSDT
2026-04-10 05:00:00,0.0,BTCUSDT
2026-04-10 06:00:00,0.0,BTCUSDT
2026-04-10 07:00:00,0.0,BTCUSDT
2026-04-10 08:00:00,0.0002018989723311057,BTCUSDT
2026-04-10 09:00:00,0.0,BTCUSDT
2026-04-10 10:00:00,0.0,BTCUSDT
2026-04-10 11:00:00,0.0,BTCUSDT
2026-04-10 12:00:00,0.0,BTCUSDT
2026-04-10 13:00:00,0.0,BTCUSDT
2026-04-10 14:00:00,0.0,BTCUSDT
2026-04-10 15:00:00,0.0,BTCUSDT
2026-04-10 16:00:00,-0.00019965636186493064,BTCUSDT
2026-04-10 17:00:00,0.0,BTCUSDT
2026-04-10 18:00:00,0.0,BTCUSDT
2026-04-10 19:00:00,0.0,BTCUSDT
2026-04-10 20:00:00,0.0,BTCUSDT
2026-04-10 21:00:00,0.0,BTCUSDT
2026-04-10 22:00:00,0.0,BTCUSDT
2026-04-10 23:00:00,0.0,BTCUSDT
2026-04-11 00:00:00,0.000448171615402887,BTCUSDT
2026-04-11 01:00:00,0.0,BTCUSDT
2026-04-11 02:00:00,0.0,BTCUSDT
2026-04-11 03:00:00,0.0,BTCUSDT
2026-04-11 04:00:00,0.0,BTCUSDT
2026-04-11 05:00:00,0.0,BTCUSDT
2026-04-11 06:00:00,0.0,BTCUSDT
2026-04-11 07:00:00,0.0,BTCUSDT
2026-04-11 08:00:00,2.5165283039312535e-05,BTCUSDT
2026-04-11 09:00:00,0.0,BTCUSDT
2026-04-11 10:00:00,0.0,BTCUSDT
2026-04-11 11:00:00,0.0,BTCUSDT
2026-04-11 12:00:00,0.0,BTCUSDT
2026-04-11 13:00:00,0.0,BTCUSDT
2026-04-11 14:00:00,0.0,BTCUSDT
2026-04-11 15:00:00,0.0,BTCUSDT
2026-04-11 16:00:00,7.664717573873898e-05,BTCUSDT
2026-04-11 17:00:00,0.0,BTCUSDT
2026-04-11 18:00:00,0.0,BTCUSDT
2026-04-11 19:00:00,0.0,BTCUSDT
2026-04-11 20:00:00,0.0,BTCUSDT
2026-04-11 21:00:00,0.0,BTCUSDT
2026-04-11 22:00:00,0.0,BTCUSDT
2026-04-11 23:00:00,0.0,BTCUSDT
2026-04-12 00:00:00,0.0003607748291862758,BTCUSDT
2026-04-12 01:00:00,0.0,BTCUSDT
2026-04-12 02:00:00,0.0,BTCUSDT
2026-04-12 03:00:00,0.0,BTCUSDT
2026-04-12 04:00:00,0.0,BTCUSDT
2026-04-12 05:00:00,0.0,BTCUSDT
2026-04-12 06:00:00,0.0,BTCUSDT
2026-04-12 07:00:00,0.0,BTCUSDT
2026-04-12 08:00:00,-4.85491142194157e-05,BTCUSDT
2026-04-12 09:00:00,0.0,BTCUSDT
2026-04-12 10:00:00,0.0,BTCUSDT
2026-04-12 11:00:00,0.0,BTCUSDT
2026-04-12 12:00:00,0.0,BTCUSDT
2026-04-12 13:00:00,0.0,BTCUSDT
2026-04-12 14:00:00,0.0,BTCUSDT
2026-04-12 15:00:00,0.0,BTCUSDT
2026-04-12 16:00:00,0.00012502659815393546,BTCUSDT
2026-04-12 17:00:00,0.0,BTCUSDT
2026-04-12 18:00:00,0.0,BTCUSDT
2026-04-12 19:00:00,0.0,BTCUSDT
2026-04-12 20:00:00,0.0,BTCUSDT
2026-04-12 21:00:00,0.0,BTCUSDT
2026-04-12 22:00:00,0.0,BTCUSDT
2026-04-12 23:00:00,0.0,BTCUSDT
2026-04-13 00:00:00,0.00027776776390799843,BTCUSDT
2026-04-13 01:00:00,0.0,BTCUSDT
2026-04-13 02:00:00,0.0,BTCUSDT
2026-04-13 03:00:00,0.0,BTCUSDT
2026-04-13 04:00:00,0.0,BTCUSDT
2026-04-13 05:00:00,0.0,BTCUSDT
2026-04-13 06:00:00,0.0,BTCUSDT
2026-04-13 07:00:00,0.0,BTCUSDT
2026-04-13 08:00:00,0.00016965724953336368,BTCUSDT
2026-04-13 09:00:00,0.0,BTCUSDT
2026-04-13 10:00:00,0.0,BTCUSDT
2026-04-13 11:00:00,0.0,BTCUSDT
2026-04-13 12:00:00,0.0,BTCUSDT
2026-04-13 13:00:00,0.0,BTCUSDT
2026-04-13 14:00:00,0.0,BTCUSDT
2026-04-13 15:00:00,0.0,BTCUSDT
2026-04-13 16:00:00,5.369010121094091e-05,BTCUSDT
2026-04-13 17:00:00,0.0,BTCUSDT
2026-04-13 18:00:00,0.0,BTCUSDT
2026-04-13 19:00:00,0.0,BTCUSDT
2026-04-13 20:00:00,0.0,BTCUSDT
2026-04-13 21:00:00,0.0,BTCUSDT
2026-04-13 22:00:00,0.0,BTCUSDT
2026-04-13 23:00:00,0.0,BTCUSDT
2026-04-14 00:00:00,-0.00016785406309706023,BTCUSDT
2026-04-14 01:00:00,0.0,BTCUSDT
2026-04-14 02:00:00,0.0,BTCUSDT
2026-04-14 03:00:00,0.0,BTCUSDT
2026-04-14 04:00:00,0.0,BTCUSDT
2026-04-14 05:00:00,0.0,BTCUSDT
2026-04-14 06:00:00,0.0,BTCUSDT
2026-04-14 07:00:00,0.0,BTCUSDT
2026-04-14 08:00:00,-8.689706966190045e-05,BTCUSDT
2026-04-14 09:00:00,0.0,BTCUSDT
2026-04-14 10:00:00,0.0,BTCUSDT
2026-04-14 11:00:00,0.0,BTCUSDT
2026-04-14 12:00:00,0.0,BTCUSDT
2026-04-14 13:00:00,0.0,BTCUSDT
2026-04-14 14:00:00,0.0,BTCUSDT
2026-04-14 15:00:00,0.0,BTCUSDT
2026-04-14 16:00:00,-0.0001623923090732244,BTCUSDT
2026-04-14 17:00:00,0.0,BTCUSDT
2026-04-14 18:00:00,0.0,BTCUSDT
2026-04-14 19:00:00,0.0,BTCUSDT
2026-04-14 20:00:00,0.0,BTCUSDT
2026-04-14 21:00:00,0.0,BTCUSDT
2026-04-14 22:00:00,0.0,BTCUSDT
2026-04-14 23:00:00,0.0,BTCUSDT
2026-04-15 00:00:00,3.024494779862614e-05,BTCUSDT
2026-04-15 01:00:00,0.0,BTCUSDT
2026-04-15 02:00:00,0.0,BTCUSDT
2026-04-15 03:00:00,0.0,BTCUSDT
2026-04-15 04:00:00,0.0,BTCUSDT
2026-04-15 05:00:00,0.0,BTCUSDT
2026-04-15 06:00:00,0.0,BTCUSDT
2026-04-15 07:00:00,0.0,BTCUSDT
2026-04-15 08:00:00,0.0002634971561312384,BTCUSDT
2026-04-15 09:00:00,0.0,BTCUSDT
2026-04-15 10:00:00,0.0,BTCUSDT
2026-04-15 11:00:00,0.0,BTCUSDT
2026-04-15 12:00:00,0.0,BTCUSDT
2026-04-15 13:00:00,0.0,BTCUSDT
2026-04-15 14:00:00,0.0,BTCUSDT
2026-04-15 15:00:00,0.0,BTCUSDT
2026-04-15 16:00:00,0.00025777284317042505,BTCUSDT
2026-04-15 17:00:00,0.0,BTCUSDT
2026-04-15 18:00:00,0.0,BTCUSDT
2026-04-15 19:00:00,0.0,BTCUSDT
2026-04-15 20:00:00,0.0,BTCUSDT
2026-04-15 21:00:00,0.0,BTCUSDT
2026-04-15 22:00:00,0.0,BTCUSDT
2026-04-15 23:00:00,0.0,BTCUSDT
2026-04-16 00:00:00,-0.0002460590959791504,BTCUSDT
2026-04-16 01:00:00,0.0,BTCUSDT
2026-04-16 02:00:00,0.0,BTCUSDT
2026-04-16 03:00:00,0.0,BTCUSDT
2026-04-16 04:00:00,0.0,BTCUSDT
2026-04-16 05:00:00,0.0,BTCUSDT
2026-04-16 06:00:00,0.0,BTCUSDT
2026-04-16 07:00:00,0.0,BTCUSDT
2026-04-16 08:00:00,0.00011706090300949084,BTCUSDT
2026-04-16 09:00:00,0.0,BTCUSDT
2026-04-16 10:00:00,0.0,BTCUSDT
2026-04-16 11:00:00,0.0,BTCUSDT
2026-04-16 12:00:00,0.0,BTCUSDT
2026-04-16 13:00:00,0.0,BTCUSDT
2026-04-16 14:00:00,0.0,BTCUSDT
2026-04-16 15:00:00,0.0,BTCUSDT
2026-04-16 16:00:00,0.00015497860178219445,BTCUSDT
2026-04-16 17:00:00,0.0,BTCUSDT
2026-04-16 18:00:00,0.0,BTCUSDT
2026-04-16 19:00:00,0.0,BTCUSDT
2026-04-16 20:00:00,0.0,BTCUSDT
2026-04-16 21:00:00,0.0,BTCUSDT
2026-04-16 22:00:00,0.0,BTCUSDT
2026-04-16 23:00:00,0.0,BTCUSDT
2026-04-17 00:00:00,6.249922325424543e-05,BTCUSDT
2026-04-17 01:00:00,0.0,BTCUSDT
2026-04-17 02:00:00,0.0,BTCUSDT
2026-04-17 03:00:00,0.0,BTCUSDT
2026-04-17 04:00:00,0.0,BTCUSDT
2026-04-17 05:00:00,0.0,BTCUSDT
2026-04-17 06:00:00,0.0,BTCUSDT
2026-04-17 07:00:00,0.0,BTCUSDT
2026-04-17 08:00:00,-9.363735014421877e-05,BTCUSDT
2026-04-17 09:00:00,0.0,BTCUSDT
2026-04-17 10:00:00,0.0,BTCUSDT
2026-04-17 11:00:00,0.0,BTCUSDT
2026-04-17 12:00:00,0.0,BTCUSDT
2026-04-17 13:00:00,0.0,BTCUSDT
2026-04-17 14:00:00,0.0,BTCUSDT
2026-04-17 15:00:00,0.0,BTCUSDT
2026-04-17 16:00:00,-9.244083097436384e-06,BTCUSDT
2026-04-17 17:00:00,0.0,BTCUSDT
2026-04-17 18:00:00,0.0,BTCUSDT
2026-04-17 19:00:00,0.0,BTCUSDT
2026-04-17 20:00:00,0.0,BTCUSDT
2026-04-17 21:00:00,0.0,BTCUSDT
2026-04-17 22:00:00,0.0,BTCUSDT
2026-04-17 23:00:00,0.0,BTCUSDT
2026-04-18 00:00:00,8.513832498321044e-06,BTCUSDT
2026-04-18 01:00:00,0.0,BTCUSDT
2026-04-18 02:00:00,0.0,BTCUSDT
2026-04-18 03:00:00,0.0,BTCUSDT
2026-04-18 04:00:00,0.0,BTCUSDT
2026-04-18 05:00:00,0.0,BTCUSDT
2026-04-18 06:00:00,0.0,BTCUSDT
2026-04-18 07:00:00,0.0,BTCUSDT
2026-04-18 08:00:00,-6.554627793931663e-05,BTCUSDT
2026-04-18 09:00:00,0.0,BTCUSDT
2026-04-18 10:00:00,0.0,BTCUSDT
2026-04-18 11:00:00,0.0,BTCUSDT
2026-04-18 12:00:00,0.0,BTCUSDT
2026-04-18 13:00:00,0.0,BTCUSDT
2026-04-18 14:00:00,0.0,BTCUSDT
2026-04-18 15:00:00,0.0,BTCUSDT
2026-04-18 16:00:00,0.0003840801846259711,BTCUSDT
2026-04-18 17:00:00,0.0,BTCUSDT
2026-04-18 18:00:00,0.0,BTCUSDT
2026-04-18 19:00:00,0.0,BTCUSDT
2026-04-18 20:00:00,0.0,BTCUSDT
2026-04-18 21:00:00,0.0,BTCUSDT
2026-04-18 22:00:00,0.0,BTCUSDT
2026-04-18 23:00:00,0.0,BTCUSDT
2026-04-19 00:00:00,0.00016370017059963465,BTCUSDT
2026-04-19 01:00:00,0.0,BTCUSDT
2026-04-19 02:00:00,0.0,BTCUSDT
2026-04-19 03:00:00,0.0,BTCUSDT
2026-04-19 04:00:00,0.0,BTCUSDT
2026-04-19 05:00:00,0.0,BTCUSDT
2026-04-19 06:00:00,0.0,BTCUSDT
2026-04-19 07:00:00,0.0,BTCUSDT
2026-04-19 08:00:00,0.00023747464844750088,BTCUSDT
2026-04-19 09:00:00,0.0,BTCUSDT
2026-04-19 10:00:00,0.0,BTCUSDT
2026-04-19 11:00:00,0.0,BTCUSDT
2026-04-19 12:00:00,0.0,BTCUSDT
2026-04-19 13:00:00,0.0,BTCUSDT
2026-04-19 14:00:00,0.0,BTCUSDT
2026-04-19 15:00:00,0.0,BTCUSDT
2026-04-19 16:00:00,0.000373812259968493,BTCUSDT
2026-04-19 17:00:00,0.0,BTCUSDT
2026-04-19 18:00:00,0.0,BTCUSDT
2026-04-19 19:00:00,0.0,BTCUSDT
2026-04-19 20:00:00,0.0,BTCUSDT
2026-04-19 21:00:00,0.0,BTCUSDT
2026-04-19 22:00:00,0.0,BTCUSDT
2026-04-19 23:00:00,0.0,BTCUSDT
2026-04-20 00:00:00,0.0001692293887904803,BTCUSDT
2026-04-20 01:00:00,0.0,BTCUSDT
2026-04-20 02:00:00,0.0,BTCUSDT
2026-04-20 03:00:00,0.0,BTCUSDT
2026-04-20 04:00:00,0.0,BTCUSDT
2026-04-20 05:00:00,0.0,BTCUSDT
2026-04-20 06:00:00,0.0,BTCUSDT
2026-04-20 07:00:00,0.0,BTCUSDT
2026-04-20 08:00:00,0.00011168773897671752,BTCUSDT
2026-04-20 09:00:00,0.0,BTCUSDT
2026-04-20 10:00:00,0.0,BTCUSDT
2026-04-20 11:00:00,0.0,BTCUSDT
2026-04-20 12:00:00,0.0,BTCUSDT
2026-04-20 13:00:00,0.0,BTCUSDT
2026-04-20 14:00:00,0.0,BTCUSDT
2026-04-20 15:00:00,0.0,BTCUSDT
2026-04-20 16:00:00,7.616814600975319e-05,BTCUSDT
2026-04-20 17:00:00,0.0,BTCUSDT
2026-04-20 18:00:00,0.0,BTCUSDT
2026-04-20 19:00:00,0.0,BTCUSDT
2026-04-20 20:00:00,0.0,BTCUSDT
2026-04-20 21:00:00,0.0,BTCUSDT
2026-04-20 22:00:00,0.0,BTCUSDT
2026-04-20 23:00:00,0.0,BTCUSDT
2026-04-21 00:00:00,0.00013099440371129454,BTCUSDT
2026-04-21 01:00:00,0.0,BTCUSDT
2026-04-21 02:00:00,0.0,BTCUSDT
2026-04-21 03:00:00,0.0,BTCUSDT
2026-04-21 04:00:00,0.0,BTCUSDT
2026-04-21 05:00:00,0.0,BTCUSDT
2026-04-21 06:00:00,0.0,BTCUSDT
2026-04-21 07:00:00,0.0,BTCUSDT
2026-04-21 08:00:00,5.1615774573542086e-05,BTCUSDT
2026-04-21 09:00:00,0.0,BTCUSDT
2026-04-21 10:00:00,0.0,BTCUSDT
2026-04-21 11:00:00,0.0,BTCUSDT
2026-04-21 12:00:00,0.0,BTCUSDT
2026-04-21 13:00:00,0.0,BTCUSDT
2026-04-21 14:00:00,0.0,BTCUSDT
2026-04-21 15:00:00,0.0,BTCUSDT
2026-04-21 16:00:00,2.257654528403911e-05,BTCUSDT
2026-04-21 17:00:00,0.0,BTCUSDT
2026-04-21 18:00:00,0.0,BTCUSDT
2026-04-21 19:00:00,0.0,BTCUSDT
2026-04-21 20:00:00,0.0,BTCUSDT
2026-04-21 21:00:00,0.0,BTCUSDT
2026-04-21 22:00:00,0.0,BTCUSDT
2026-04-21 23:00:00,0.0,BTCUSDT
2026-04-22 00:00:00,-0.0003159394070292014,BTCUSDT
2026-04-22 01:00:00,0.0,BTCUSDT
2026-04-22 02:00:00,0.0,BTCUSDT
2026-04-22 03:00:00,0.0,BTCUSDT
2026-04-22 04:00:00,0.0,BTCUSDT
2026-04-22 05:00:00,0.0,BTCUSDT
2026-04-22 06:00:00,0.0,BTCUSDT
2026-04-22 07:00:00,0.0,BTCUSDT
2026-04-22 08:00:00,0.0002855638912232118,BTCUSDT
2026-04-22 09:00:00,0.0,BTCUSDT
2026-04-22 10:00:00,0.0,BTCUSDT
2026-04-22 11:00:00,0.0,BTCUSDT
2026-04-22 12:00:00,0.0,BTCUSDT
2026-04-22 13:00:00,0.0,BTCUSDT
2026-04-22 14:00:00,0.0,BTCUSDT
2026-04-22 15:00:00,0.0,BTCUSDT
2026-04-22 16:00:00,0.00010148742776198293,BTCUSDT
2026-04-22 17:00:00,0.0,BTCUSDT
2026-04-22 18:00:00,0.0,BTCUSDT
2026-04-22 19:00:00,0.0,BTCUSDT
2026-04-22 20:00:00,0.0,BTCUSDT
2026-04-22 21:00:00,0.0,BTCUSDT
2026-04-22 22:00:00,0.0,BTCUSDT
2026-04-22 23:00:00,0.0,BTCUSDT
2026-04-23 00:00:00,-4.468744463261759e-05,BTCUSDT
2026-04-23 01:00:00,0.0,BTCUSDT
2026-04-23 02:00:00,0.0,BTCUSDT
2026-04-23 03:00:00,0.0,BTCUSDT
2026-04-23 04:00:00,0.0,BTCUSDT
2026-04-23 05:00:00,0.0,BTCUSDT
2026-04-23 06:00:00,0.0,BTCUSDT
2026-04-23 07:00:00,0.0,BTCUSDT
2026-04-23 08:00:00,-0.0002286538069140556,BTCUSDT
2026-04-23 09:00:00,0.0,BTCUSDT
2026-04-23 10:00:00,0.0,BTCUSDT
2026-04-23 11:00:00,0.0,BTCUSDT
2026-04-23 12:00:00,0.0,BTCUSDT
2026-04-23 13:00:00,0.0,BTCUSDT
2026-04-23 14:00:00,0.0,BTCUSDT
2026-04-23 15:00:00,0.0,BTCUSDT
2026-04-23 16:00:00,7.141706160136355e-05,BTCUSDT
2026-04-23 17:00:00,0.0,BTCUSDT
2026-04-23 18:00:00,0.0,BTCUSDT
2026-04-23 19:00:00,0.0,BTCUSDT
2026-04-23 20:00:00,0.0,BTCUSDT
2026-04-23 21:00:00,0.0,BTCUSDT
2026-04-23 22:00:00,0.0,BTCUSDT
2026-04-23 23:00:00,0.0,BTCUSDT
2026-04-24 00:00:00,0.00017079537701273508,BTCUSDT
2026-04-24 01:00:00,0.0,BTCUSDT
2026-04-24 02:00:00,0.0,BTCUSDT
2026-04-24 03:00:00,0.0,BTCUSDT
2026-04-24 04:00:00,0.0,BTCUSDT
2026-04-24 05:00:00,0.0,BTCUSDT
2026-04-24 06:00:00,0.0,BTCUSDT
2026-04-24 07:00:00,0.0,BTCUSDT
2026-04-24 08:00:00,-0.00011078616957104443,BTCUSDT
2026-04-24 09:00:00,0.0,BTCUSDT
2026-04-24 10:00:00,0.0,BTCUSDT
2026-04-24 11:00:00,0.0,BTCUSDT
2026-04-24 12:00:00,0.0,BTCUSDT
2026-04-24 13:00:00,0.0,BTCUSDT
2026-04-24 14:00:00,0.0,BTCUSDT
2026-04-24 15:00:00,0.0,BTCUSDT
2026-04-24 16:00:00,0.00026506150344806273,BTCUSDT
2026-04-24 17:00:00,0.0,BTCUSDT
2026-04-24 18:00:00,0.0,BTCUSDT
2026-04-24 19:00:00,0.0,BTCUSDT
2026-04-24 20:00:00,0.0,BTCUSDT
2026-04-24 21:00:00,0.0,BTCUSDT
2026-04-24 22:00:00,0.0,BTCUSDT
2026-04-24 23:00:00,0.0,BTCUSDT
2026-04-25 00:00:00,-5.338825247661257e-05,BTCUSDT
2026-04-25 01:00:00,0.0,BTCUSDT
2026-04-25 02:00:00,0.0,BTCUSDT
2026-04-25 03:00:00,0.0,BTCUSDT
2026-04-25 04:00:00,0.0,BTCUSDT
2026-04-25 05:00:00,0.0,BTCUSDT
2026-04-25 06:00:00,0.0,BTCUSDT
2026-04-25 07:00:00,0.0,BTCUSDT
2026-04-25 08:00:00,-7.212982638294604e-05,BTCUSDT
2026-04-25 09:00:00,0.0,BTCUSDT
2026-04-25 10:00:00,0.0,BTCUSDT
2026-04-25 11:00:00,0.0,BTCUSDT
2026-04-25 12:00:00,0.0,BTCUSDT
2026-04-25 13:00:00,0.0,BTCUSDT
2026-04-25 14:00:00,0.0,BTCUSDT
2026-04-25 15:00:00,0.0,BTCUSDT
2026-04-25 16:00:00,0.00032271995023730183,BTCUSDT
2026-04-25 17:00:00,0.0,BTCUSDT
2026-04-25 18:00:00,0.0,BTCUSDT
2026-04-25 19:00:00,0.0,BTCUSDT
2026-04-25 20:00:00,0.0,BTCUSDT
2026-04-25 21:00:00,0.0,BTCUSDT
2026-04-25 22:00:00,0.0,BTCUSDT
2026-04-25 23:00:00,0.0,BTCUSDT
2026-04-26 00:00:00,0.00017909388800911683,BTCUSDT
2026-04-26 01:00:00,0.0,BTCUSDT
2026-04-26 02:00:00,0.0,BTCUSDT
2026-04-26 03:00:00,0.0,BTCUSDT
2026-04-26 04:00:00,0.0,BTCUSDT
2026-04-26 05:00:00,0.0,BTCUSDT
2026-04-26 06:00:00,0.0,BTCUSDT
2026-04-26 07:00:00,0.0,BTCUSDT
2026-04-26 08:00:00,0.0001311837172102224,BTCUSDT
2026-04-26 09:00:00,0.0,BTCUSDT
2026-04-26 10:00:00,0.0,BTCUSDT
2026-04-26 11:00:00,0.0,BTCUSDT
2026-04-26 12:00:00,0.0,BTCUSDT
2026-04-26 13:00:00,0.0,BTCUSDT
2026-04-26 14:00:00,0.0,BTCUSDT
2026-04-26 15:00:00,0.0,BTCUSDT
2026-04-26 16:00:00,-0.00011348339717773776,BTCUSDT
2026-04-26 17:00:00,0.0,BTCUSDT
2026-04-26 18:00:00,0.0,BTCUSDT
2026-04-26 19:00:00,0.0,BTCUSDT
2026-04-26 20:00:00,0.0,BTCUSDT
2026-04-26 21:00:00,0.0,BTCUSDT
2026-04-26 22:00:00,0.0,BTCUSDT
2026-04-26 23:00:00,0.0,BTCUSDT
2026-04-27 00:00:00,0.0003871480121869763,BTCUSDT
2026-04-27 01:00:00,0.0,BTCUSDT
2026-04-27 02:00:00,0.0,BTCUSDT
2026-04-27 03:00:00,0.0,BTCUSDT
2026-04-27 04:00:00,0.0,BTCUSDT
2026-04-27 05:00:00,0.0,BTCUSDT
2026-04-27 06:00:00,0.0,BTCUSDT
2026-04-27 07:00:00,0.0,BTCUSDT
2026-04-27 08:00:00,9.777948187543314e-05,BTCUSDT
2026-04-27 09:00:00,0.0,BTCUSDT
2026-04-27 10:00:00,0.0,BTCUSDT
2026-04-27 11:00:00,0.0,BTCUSDT
2026-04-27 12:00:00,0.0,BTCUSDT
2026-04-27 13:00:00,0.0,BTCUSDT
2026-04-27 14:00:00,0.0,BTCUSDT
2026-04-27 15:00:00,0.0,BTCUSDT
2026-04-27 16:00:00,0.00024530298374695676,BTCUSDT
2026-04-27 17:00:00,0.0,BTCUSDT
2026-04-27 18:00:00,0.0,BTCUSDT
2026-04-27 19:00:00,0.0,BTCUSDT
2026-04-27 20:00:00,0.0,BTCUSDT
2026-04-27 21:00:00,0.0,BTCUSDT
2026-04-27 22:00:00,0.0,BTCUSDT
2026-04-27 23:00:00,0.0,BTCUSDT
2026-04-28 00:00:00,0.00016073851878423937,BTCUSDT
2026-04-28 01:00:00,0.0,BTCUSDT
2026-04-28 02:00:00,0.0,BTCUSDT
2026-04-28 03:00:00,0.0,BTCUSDT
2026-04-28 04:00:00,0.0,BTCUSDT
2026-04-28 05:00:00,0.0,BTCUSDT
2026-04-28 06:00:00,0.0,BTCUSDT
2026-04-28 07:00:00,0.0,BTCUSDT
2026-04-28 08:00:00,-0.00011638917583579293,BTCUSDT
2026-04-28 09:00:00,0.0,BTCUSDT
2026-04-28 10:00:00,0.0,BTCUSDT
2026-04-28 11:00:00,0.0,BTCUSDT
2026-04-28 12:00:00,0.0,BTCUSDT
2026-04-28 13:00:00,0.0,BTCUSDT
2026-04-28 14:00:00,0.0,BTCUSDT
2026-04-28 15:00:00,0.0,BTCUSDT
2026-04-28 16:00:00,-0.0001028954982032606,BTCUSDT
2026-04-28 17:00:00,0.0,BTCUSDT
2026-04-28 18:00:00,0.0,BTCUSDT
2026-04-28 19:00:00,0.0,BTCUSDT
2026-04-28 20:00:00,0.0,BTCUSDT
2026-04-28 21:00:00,0.0,BTCUSDT
2026-04-28 22:00:00,0.0,BTCUSDT
2026-04-28 23:00:00,0.0,BTCUSDT
2026-04-29 00:00:00,8.104586559897368e-05,BTCUSDT
2026-04-29 01:00:00,0.0,BTCUSDT
2026-04-29 02:00:00,0.0,BTCUSDT
2026-04-29 03:00:00,0.0,BTCUSDT
2026-04-29 04:00:00,0.0,BTCUSDT
2026-04-29 05:00:00,0.0,BTCUSDT
2026-04-29 06:00:00,0.0,BTCUSDT
2026-04-29 07:00:00,0.0,BTCUSDT
2026-04-29 08:00:00,-2.3795513681419068e-05,BTCUSDT
2026-04-29 09:00:00,0.0,BTCUSDT
2026-04-29 10:00:00,0.0,BTCUSDT
2026-04-29 11:00:00,0.0,BTCUSDT
2026-04-29 12:00:00,0.0,BTCUSDT
2026-04-29 13:00:00,0.0,BTCUSDT
2026-04-29 14:00:00,0.0,BTCUSDT
2026-04-29 15:00:00,0.0,BTCUSDT
2026-04-29 16:00:00,-6.394627128777194e-05,BTCUSDT
2026-04-29 17:00:00,0.0,BTCUSDT
2026-04-29 18:00:00,0.0,BTCUSDT
2026-04-29 19:00:00,0.0,BTCUSDT
2026-04-29 20:00:00,0.0,BTCUSDT
2026-04-29 21:00:00,0.0,BTCUSDT
2026-04-29 22:00:00,0.0,BTCUSDT
2026-04-29 23:00:00,0.0,BTCUSDT
2026-04-30 00:00:00,-6.852404534437586e-06,BTCUSDT
2026-04-30 01:00:00,0.0,BTCUSDT
2026-04-30 02:00:00,0.0,BTCUSDT
2026-04-30 03:00:00,0.0,BTCUSDT
2026-04-30 04:00:00,0.0,BTCUSDT
2026-04-30 05:00:00,0.0,BTCUSDT
2026-04-30 06:00:00,0.0,BTCUSDT
2026-04-30 07:00:00,0.0,BTCUSDT
2026-04-30 08:00:00,0.00043480388548744746,BTCUSDT
2026-04-30 09:00:00,0.0,BTCUSDT
2026-04-30 10:00:00,0.0,BTCUSDT
2026-04-30 11:00:00,0.0,BTCUSDT
2026-04-30 12:00:00,0.0,BTCUSDT
2026-04-30 13:00:00,0.0,BTCUSDT
2026-04-30 14:00:00,0.0,BTCUSDT
2026-04-30 15:00:00,0.0,BTCUSDT
2026-04-30 16:00:00,0.00020397658635358957,BTCUSDT
2026-04-30 17:00:00,0.0,BTCUSDT
2026-04-30 18:00:00,0.0,BTCUSDT
2026-04-30 19:00:00,0.0,BTCUSDT
2026-04-30 20:00:00,0.0,BTCUSDT
2026-04-30 21:00:00,0.0,BTCUSDT
2026-04-30 22:00:00,0.0,BTCUSDT
2026-04-30 23:00:00,0.0,BTCUSDT
2026-05-01 00:00:00,0.0002936059214392696,BTCUSDT
2026-05-01 01:00:00,0.0,BTCUSDT
2026-05-01 02:00:00,0.0,BTCUSDT
2026-05-01 03:00:00,0.0,BTCUSDT
2026-05-01 04:00:00,0.0,BTCUSDT
2026-05-01 05:00:00,0.0,BTCUSDT
2026-05-01 06:00:00,0.0,BTCUSDT
2026-05-01 07:00:00,0.0,BTCUSDT
2026-05-01 08:00:00,-0.00012769251823086084,BTCUSDT
2026-05-01 09:00:00,0.0,BTCUSDT
2026-05-01 10:00:00,0.0,BTCUSDT
2026-05-01 11:00:00,0.0,BTCUSDT
2026-05-01 12:00:00,0.0,BTCUSDT
2026-05-01 13:00:00,0.0,BTCUSDT
2026-05-01 14:00:00,0.0,BTCUSDT
2026-05-01 15:00:00,0.0,BTCUSDT
2026-05-01 16:00:00,7.22111298269331e-05,BTCUSDT
2026-05-01 17:00:00,0.0,BTCUSDT
2026-05-01 18:00:00,0.0,BTCUSDT
2026-05-01 19:00:00,0.0,BTCUSDT
2026-05-01 20:00:00,0.0,BTCUSDT
2026-05-01 21:00:00,0.0,BTCUSDT
2026-05-01 22:00:00,0.0,BTCUSDT
2026-05-01 23:00:00,0.0,BTCUSDT
2026-05-02 00:00:00,0.0002064744022593447,BTCUSDT
2026-05-02 01:00:00,0.0,BTCUSDT
2026-05-02 02:00:00,0.0,BTCUSDT
2026-05-02 03:00:00,0.0,BTCUSDT
2026-05-02 04:00:00,0.0,BTCUSDT
2026-05-02 05:00:00,0.0,BTCUSDT
2026-05-02 06:00:00,0.0,BTCUSDT
2026-05-02 07:00:00,0.0,BTCUSDT
2026-05-02 08:00:00,-2.458014886908e-07,BTCUSDT
2026-05-02 09:00:00,0.0,BTCUSDT
2026-05-02 10:00:00,0.0,BTCUSDT
2026-05-02 11:00:00,0.0,BTCUSDT
2026-05-02 12:00:00,0.0,BTCUSDT
2026-05-02 13:00:00,0.0,BTCUSDT
2026-05-02 14:00:00,0.0,BTCUSDT
2026-05-02 15:00:00,0.0,BTCUSDT
2026-05-02 16:00:00,-0.00025961567198857604,BTCUSDT
2026-05-02 17:00:00,0.0,BTCUSDT
2026-05-02 18:00:00,0.0,BTCUSDT
2026-05-02 19:00:00,0.0,BTCUSDT
2026-05-02 20:00:00,0.0,BTCUSDT
2026-05-02 21:00:00,0.0,BTCUSDT
2026-05-02 22:00:00,0.0,BTCUSDT
2026-05-02 23:00:00,0.0,BTCUSDT
2026-05-03 00:00:00,-9.660659734395074e-05,BTCUSDT
2026-05-03 01:00:00,0.0,BTCUSDT
2026-05-03 02:00:00,0.0,BTCUSDT
2026-05-03 03:00:00,0.0,BTCUSDT
2026-05-03 04:00:00,0.0,BTCUSDT
2026-05-03 05:00:00,0.0,BTCUSDT
2026-05-03 06:00:00,0.0,BTCUSDT
2026-05-03 07:00:00,0.0,BTCUSDT
2026-05-03 08:00:00,-0.00010412500810076413,BTCUSDT
2026-05-03 09:00:00,0.0,BTCUSDT
2026-05-03 10:00:00,0.0,BTCUSDT
2026-05-03 11:00:00,0.0,BTCUSDT
2026-05-03 12:00:00,0.0,BTCUSDT
2026-05-03 13:00:00,0.0,BTCUSDT
2026-05-03 14:00:00,0.0,BTCUSDT
2026-05-03 15:00:00,0.0,BTCUSDT
2026-05-03 16:00:00,0.00011783753944770885,BTCUSDT
2026-05-03 17:00:00,0.0,BTCUSDT
2026-05-03 18:00:00,0.0,BTCUSDT
2026-05-03 19:00:00,0.0,BTCUSDT
2026-05-03 20:00:00,0.0,BTCUSDT
2026-05-03 21:00:00,0.0,BTCUSDT
2026-05-03 22:00:00,0.0,BTCUSDT
2026-05-03 23:00:00,0.0,BTCUSDT
2026-05-04 00:00:00,0.0003278483636726577,BTCUSDT
2026-05-04 01:00:00,0.0,BTCUSDT
2026-05-04 02:00:00,0.0,BTCUSDT
2026-05-04 03:00:00,0.0,BTCUSDT
2026-05-04 04:00:00,0.0,BTCUSDT
2026-05-04 05:00:00,0.0,BTCUSDT
2026-05-04 06:00:00,0.0,BTCUSDT
2026-05-04 07:00:00,0.0,BTCUSDT
2026-05-04 08:00:00,-0.00014550484852767826,BTCUSDT
2026-05-04 09:00:00,0.0,BTCUSDT
2026-05-04 10:00:00,0.0,BTCUSDT
2026-05-04 11:00:00,0.0,BTCUSDT
2026-05-04 12:00:00,0.0,BTCUSDT
2026-05-04 13:00:00,0.0,BTCUSDT
2026-05-04 14:00:00,0.0,BTCUSDT
2026-05-04 15:00:00,0.0,BTCUSDT
2026-05-04 16:00:00,0.00028860812831220796,BTCUSDT
2026-05-04 17:00:00,0.0,BTCUSDT
2026-05-04 18:00:00,0.0,BTCUSDT
2026-05-04 19:00:00,0.0,BTCUSDT
2026-05-04 20:00:00,0.0,BTCUSDT
2026-05-04 21:00:00,0.0,BTCUSDT
2026-05-04 22:00:00,0.0,BTCUSDT
2026-05-04 23:00:00,0.0,BTCUSDT
2026-05-05 00:00:00,-5.443293737293033e-05,BTCUSDT
2026-05-05 01:00:00,0.0,BTCUSDT
2026-05-05 02:00:00,0.0,BTCUSDT
2026-05-05 03:00:00,0.0,BTCUSDT
2026-05-05 04:00:00,0.0,BTCUSDT
2026-05-05 05:00:00,0.0,BTCUSDT
2026-05-05 06:00:00,0.0,BTCUSDT
2026-05-05 07:00:00,0.0,BTCUSDT
2026-05-05 08:00:00,0.00012823324987759843,BTCUSDT
2026-05-05 09:00:00,0.0,BTCUSDT
2026-05-05 10:00:00,0.0,BTCUSDT
2026-05-05 11:00:00,0.0,BTCUSDT
2026-05-05 12:00:00,0.0,BTCUSDT
2026-05-05 13:00:00,0.0,BTCUSDT
2026-05-05 14:00:00,0.0,BTCUSDT
2026-05-05 15:00:00,0.0,BTCUSDT
2026-05-05 16:00:00,5.926427308552891e-05,BTCUSDT
2026-05-05 17:00:00,0.0,BTCUSDT
2026-05-05 18:00:00,0.0,BTCUSDT
2026-05-05 19:00:00,0.0,BTCUSDT
2026-05-05 20:00:00,0.0,BTCUSDT
2026-05-05 21:00:00,0.0,BTCUSDT
2026-05-05 22:00:00,0.0,BTCUSDT
2026-05-05 23:00:00,0.0,BTCUSDT
2026-05-06 00:00:00,0.0002762722973212245,BTCUSDT
2026-05-06 01:00:00,0.0,BTCUSDT
2026-05-06 02:00:00,0.0,BTCUSDT
2026-05-06 03:00:00,0.0,BTCUSDT
2026-05-06 04:00:00,0.0,BTCUSDT
2026-05-06 05:00:00,0.0,BTCUSDT
2026-05-06 06:00:00,0.0,BTCUSDT
2026-05-06 07:00:00,0.0,BTCUSDT
2026-05-06 08:00:00,0.000180432911314559,BTCUSDT
2026-05-06 09:00:00,0.0,BTCUSDT
2026-05-06 10:00:00,0.0,BTCUSDT
2026-05-06 11:00:00,0.0,BTCUSDT
2026-05-06 12:00:00,0.0,BTCUSDT
2026-05-06 13:00:00,0.0,BTCUSDT
2026-05-06 14:00:00,0.0,BTCUSDT
2026-05-06 15:00:00,0.0,BTCUSDT
2026-05-06 16:00:00,0.0003001606086765105,BTCUSDT
2026-05-06 17:00:00,0.0,BTCUSDT
2026-05-06 18:00:00,0.0,BTCUSDT
2026-05-06 19:00:00,0.0,BTCUSDT
2026-05-06 20:00:00,0.0,BTCUSDT
2026-05-06 21:00:00,0.0,BTCUSDT
2026-05-06 22:00:00,0.0,BTCUSDT
2026-05-06 23:00:00,0.0,BTCUSDT
2026-05-07 00:00:00,-0.00017766090166269877,BTCUSDT
2026-05-07 01:00:00,0.0,BTCUSDT
2026-05-07 02:00:00,0.0,BTCUSDT
2026-05-07 03:00:00,0.0,BTCUSDT
2026-05-07 04:00:00,0.0,BTCUSDT
2026-05-07 05:00:00,0.0,BTCUSDT
2026-05-07 06:00:00,0.0,BTCUSDT
2026-05-07 07:00:00,0.0,BTCUSDT
2026-05-07 08:00:00,0.00041022941627960374,BTCUSDT
2026-05-07 09:00:00,0.0,BTCUSDT
2026-05-07 10:00:00,0.0,BTCUSDT
2026-05-07 11:00:00,0.0,BTCUSDT
2026-05-07 12:00:00,0.0,BTCUSDT
2026-05-07 13:00:00,0.0,BTCUSDT
2026-05-07 14:00:00,0.0,BTCUSDT
2026-05-07 15:00:00,0.0,BTCUSDT
2026-05-07 16:00:00,-0.0001613445938423915,BTCUSDT
2026-05-07 17:00:00,0.0,BTCUSDT
2026-05-07 18:00:00,0.0,BTCUSDT
2026-05-07 19:00:00,0.0,BTCUSDT
2026-05-07 20:00:00,0.0,BTCUSDT
2026-05-07 21:00:00,0.0,BTCUSDT
2026-05-07 22:00:00,0.0,BTCUSDT
2026-05-07 23:00:00,0.0,BTCUSDT
2026-05-08 00:00:00,-9.680736252712865e-06,BTCUSDT
2026-05-08 01:00:00,0.0,BTCUSDT
2026-05-08 02:00:00,0.0,BTCUSDT
2026-05-08 03:00:00,0.0,BTCUSDT
2026-05-08 04:00:00,0.0,BTCUSDT
2026-05-08 05:00:00,0.0,BTCUSDT
2026-05-08 06:00:00,0.0,BTCUSDT
2026-05-08 07:00:00,0.0,BTCUSDT
2026-05-08 08:00:00,-0.00020176973672589923,BTCUSDT
2026-05-08 09:00:00,0.0,BTCUSDT
2026-05-08 10:00:00,0.0,BTCUSDT
2026-05-08 11:00:00,0.0,BTCUSDT
2026-05-08 12:00:00,0.0,BTCUSDT
2026-05-08 13:00:00,0.0,BTCUSDT
2026-05-08 14:00:00,0.0,BTCUSDT
2026-05-08 15:00:00,0.0,BTCUSDT
2026-05-08 16:00:00,0.00018464696050362537,BTCUSDT
2026-05-08 17:00:00,0.0,BTCUSDT
2026-05-08 18:00:00,0.0,BTCUSDT
2026-05-08 19:00:00,0.0,BTCUSDT
2026-05-08 20:00:00,0.0,BTCUSDT
2026-05-08 21:00:00,0.0,BTCUSDT
2026-05-08 22:00:00,0.0,BTCUSDT
2026-05-08 23:00:00,0.0,BTCUSDT
2026-05-09 00:00:00,0.0001011767555700747,BTCUSDT
2026-05-09 01:00:00,0.0,BTCUSDT
2026-05-09 02:00:00,0.0,BTCUSDT
2026-05-09 03:00:00,0.0,BTCUSDT
2026-05-09 04:00:00,0.0,BTCUSDT
2026-05-09 05:00:00,0.0,BTCUSDT
2026-05-09 06:00:00,0.0,BTCUSDT
2026-05-09 07:00:00,0.0,BTCUSDT
2026-05-09 08:00:00,5.941820428334778e-05,BTCUSDT
2026-05-09 09:00:00,0.0,BTCUSDT
2026-05-09 10:00:00,0.0,BTCUSDT
2026-05-09 11:00:00,0.0,BTCUSDT
2026-05-09 12:00:00,0.0,BTCUSDT
2026-05-09 13:00:00,0.0,BTCUSDT
2026-05-09 14:00:00,0.0,BTCUSDT
2026-05-09 15:00:00,0.0,BTCUSDT
2026-05-09 16:00:00,-7.987464026837933e-05,BTCUSDT
2026-05-09 17:00:00,0.0,BTCUSDT
2026-05-09 18:00:00,0.0,BTCUSDT
2026-05-09 19:00:00,0.0,BTCUSDT
2026-05-09 20:00:00,0.0,BTCUSDT
2026-05-09 21:00:00,0.0,BTCUSDT
2026-05-09 22:00:00,0.0,BTCUSDT
2026-05-09 23:00:00,0.0,BTCUSDT
2026-05-10 00:00:00,-0.00020469410186070949,BTCUSDT
2026-05-10 01:00:00,0.0,BTCUSDT
2026-05-10 02:00:00,0.0,BTCUSDT
2026-05-10 03:00:00,0.0,BTCUSDT
2026-05-10 04:00:00,0.0,BTCUSDT
2026-05-10 05:00:00,0.0,BTCUSDT
2026-05-10 06:00:00,0.0,BTCUSDT
2026-05-10 07:00:00,0.0,BTCUSDT
2026-05-10 08:00:00,0.00011235417427530911,BTCUSDT
2026-05-10 09:00:00,0.0,BTCUSDT
2026-05-10 10:00:00,0.0,BTCUSDT
2026-05-10 11:00:00,0.0,BTCUSDT
2026-05-10 12:00:00,0.0,BTCUSDT
2026-05-10 13:00:00,0.0,BTCUSDT
2026-05-10 14:00:00,0.0,BTCUSDT
2026-05-10 15:00:00,0.0,BTCUSDT
2026-05-10 16:00:00,3.271288447759873e-05,BTCUSDT
2026-05-10 17:00:00,0.0,BTCUSDT
2026-05-10 18:00:00,0.0,BTCUSDT
2026-05-10 19:00:00,0.0,BTCUSDT
2026-05-10 20:00:00,0.0,BTCUSDT
2026-05-10 21:00:00,0.0,BTCUSDT
2026-05-10 22:00:00,0.0,BTCUSDT
2026-05-10 23:00:00,0.0,BTCUSDT
2026-05-11 00:00:00,4.6954249555059585e-05,BTCUSDT
2026-05-11 01:00:00,0.0,BTCUSDT
2026-05-11 02:00:00,0.0,BTCUSDT
2026-05-11 03:00:00,0.0,BTCUSDT
2026-05-11 04:00:00,0.0,BTCUSDT
2026-05-11 05:00:00,0.0,BTCUSDT
2026-05-11 06:00:00,0.0,BTCUSDT
2026-05-11 07:00:00,0.0,BTCUSDT
2026-05-11 08:00:00,-7.699977398868189e-06,BTCUSDT
2026-05-11 09:00:00,0.0,BTCUSDT
2026-05-11 10:00:00,0.0,BTCUSDT
2026-05-11 11:00:00,0.0,BTCUSDT
2026-05-11 12:00:00,0.0,BTCUSDT
2026-05-11 13:00:00,0.0,BTCUSDT
2026-05-11 14:00:00,0.0,BTCUSDT
2026-05-11 15:00:00,0.0,BTCUSDT
2026-05-11 16:00:00,-1.6967148037074273e-06,BTCUSDT
2026-05-11 17:00:00,0.0,BTCUSDT
2026-05-11 18:00:00,0.0,BTCUSDT
2026-05-11 19:00:00,0.0,BTCUSDT
2026-05-11 20:00:00,0.0,BTCUSDT
2026-05-11 21:00:00,0.0,BTCUSDT
2026-05-11 22:00:00,0.0,BTCUSDT
2026-05-11 23:00:00,0.0,BTCUSDT
2026-05-12 00:00:00,0.0002136174841223347,BTCUSDT
2026-05-12 01:00:00,0.0,BTCUSDT
2026-05-12 02:00:00,0.0,BTCUSDT
2026-05-12 03:00:00,0.0,BTCUSDT
2026-05-12 04:00:00,0.0,BTCUSDT
2026-05-12 05:00:00,0.0,BTCUSDT
2026-05-12 06:00:00,0.0,BTCUSDT
2026-05-12 07:00:00,0.0,BTCUSDT
2026-05-12 08:00:00,-0.00031002780851107064,BTCUSDT
2026-05-12 09:00:00,0.0,BTCUSDT
2026-05-12 10:00:00,0.0,BTCUSDT
2026-05-12 11:00:00,0.0,BTCUSDT
2026-05-12 12:00:00,0.0,BTCUSDT
2026-05-12 13:00:00,0.0,BTCUSDT
2026-05-12 14:00:00,0.0,BTCUSDT
2026-05-12 15:00:00,0.0,BTCUSDT
2026-05-12 16:00:00,0.00015865427508868606,BTCUSDT
2026-05-12 17:00:00,0.0,BTCUSDT
2026-05-12 18:00:00,0.0,BTCUSDT
2026-05-12 19:00:00,0.0,BTCUSDT
2026-05-12 20:00:00,0.0,BTCUSDT
2026-05-12 21:00:00,0.0,BTCUSDT
2026-05-12 22:00:00,0.0,BTCUSDT
2026-05-12 23:00:00,0.0,BTCUSDT
2026-05-13 00:00:00,-4.08589138968409e-05,BTCUSDT
2026-05-13 01:00:00,0.0,BTCUSDT
2026-05-13 02:00:00,0.0,BTCUSDT
2026-05-13 03:00:00,0.0,BTCUSDT
2026-05-13 04:00:00,0.0,BTCUSDT
2026-05-13 05:00:00,0.0,BTCUSDT
2026-05-13 06:00:00,0.0,BTCUSDT
2026-05-13 07:00:00,0.0,BTCUSDT
2026-05-13 08:00:00,0.00026909210659487346,BTCUSDT
2026-05-13 09:00:00,0.0,BTCUSDT
2026-05-13 10:00:00,0.0,BTCUSDT
2026-05-13 11:00:00,0.0,BTCUSDT
2026-05-13 12:00:00,0.0,BTCUSDT
2026-05-13 13:00:00,0.0,BTCUSDT
2026-05-13 14:00:00,0.0,BTCUSDT
2026-05-13 15:00:00,0.0,BTCUSDT
2026-05-13 16:00:00,0.0005077283850096532,BTCUSDT
2026-05-13 17:00:00,0.0,BTCUSDT
2026-05-13 18:00:00,0.0,BTCUSDT
2026-05-13 19:00:00,0.0,BTCUSDT
2026-05-13 20:00:00,0.0,BTCUSDT
2026-05-13 21:00:00,0.0,BTCUSDT
2026-05-13 22:00:00,0.0,BTCUSDT
2026-05-13 23:00:00,0.0,BTCUSDT
2026-05-14 00:00:00,0.00027558195955060044,BTCUSDT
2026-05-14 01:00:00,0.0,BTCUSDT
2026-05-14 02:00:00,0.0,BTCUSDT
2026-05-14 03:00:00,0.0,BTCUSDT
2026-05-14 04:00:00,0.0,BTCUSDT
2026-05-14 05:00:00,0.0,BTCUSDT
2026-05-14 06:00:00,0.0,BTCUSDT
2026-05-14 07:00:00,0.0,BTCUSDT
2026-05-14 08:00:00,6.34065918866998e-05,BTCUSDT
2026-05-14 09:00:00,0.0,BTCUSDT
2026-05-14 10:00:00,0.0,BTCUSDT
2026-05-14 11:00:00,0.0,BTCUSDT
2026-05-14 12:00:00,0.0,BTCUSDT
2026-05-14 13:00:00,0.0,BTCUSDT
2026-05-14 14:00:00,0.0,BTCUSDT
2026-05-14 15:00:00,0.0,BTCUSDT
2026-05-14 16:00:00,-3.864666734338945e-05,BTCUSDT
2026-05-14 17:00:00,0.0,BTCUSDT
2026-05-14 18:00:00,0.0,BTCUSDT
2026-05-14 19:00:00,0.0,BTCUSDT
2026-05-14 20:00:00,0.0,BTCUSDT
2026-05-14 21:00:00,0.0,BTCUSDT
2026-05-14 22:00:00,0.0,BTCUSDT
2026-05-14 23:00:00,0.0,BTCUSDT
2026-05-15 00:00:00,1.3853907006796442e-05,BTCUSDT
2026-05-15 01:00:00,0.0,BTCUSDT
2026-05-15 02:00:00,0.0,BTCUSDT
2026-05-15 03:00:00,0.0,BTCUSDT
2026-05-15 04:00:00,0.0,BTCUSDT
2026-05-15 05:00:00,0.0,BTCUSDT
2026-05-15 06:00:00,0.0,BTCUSDT
2026-05-15 07:00:00,0.0,BTCUSDT
2026-05-15 08:00:00,-5.0624190086532366e-05,BTCUSDT
2026-05-15 09:00:00,0.0,BTCUSDT
2026-05-15 10:00:00,0.0,BTCUSDT
2026-05-15 11:00:00,0.0,BTCUSDT
2026-05-15 12:00:00,0.0,BTCUSDT
2026-05-15 13:00:00,0.0,BTCUSDT
2026-05-15 14:00:00,0.0,BTCUSDT
2026-05-15 15:00:00,0.0,BTCUSDT
2026-05-15 16:00:00,0.00012687748837589616,BTCUSDT
2026-05-15 17:00:00,0.0,BTCUSDT
2026-05-15 18:00:00,0.0,BTCUSDT
2026-05-15 19:00:00,0.0,BTCUSDT
2026-05-15 20:00:00,0.0,BTCUSDT
2026-05-15 21:00:00,0.0,BTCUSDT
2026-05-15 22:00:00,0.0,BTCUSDT
2026-05-15 23:00:00,0.0,BTCUSDT
2026-05-16 00:00:00,0.0002870537510488398,BTCUSDT
2026-05-16 01:00:00,0.0,BTCUSDT
2026-05-16 02:00:00,0.0,BTCUSDT
2026-05-16 03:00:00,0.0,BTCUSDT
2026-05-16 04:00:00,0.0,BTCUSDT
2026-05-16 05:00:00,0.0,BTCUSDT
2026-05-16 06:00:00,0.0,BTCUSDT
2026-05-16 07:00:00,0.0,BTCUSDT
2026-05-16 08:00:00,0.00022921618752754592,BTCUSDT
2026-05-16 09:00:00,0.0,BTCUSDT
2026-05-16 10:00:00,0.0,BTCUSDT
2026-05-16 11:00:00,0.0,BTCUSDT
2026-05-16 12:00:00,0.0,BTCUSDT
2026-05-16 13:00:00,0.0,BTCUSDT
2026-05-16 14:00:00,0.0,BTCUSDT
2026-05-16 15:00:00,0.0,BTCUSDT
2026-05-16 16:00:00,-0.00015141061492868852,BTCUSDT
2026-05-16 17:00:00,0.0,BTCUSDT
2026-05-16 18:00:00,0.0,BTCUSDT
2026-05-16 19:00:00,0.0,BTCUSDT
2026-05-16 20:00:00,0.0,BTCUSDT
2026-05-16 21:00:00,0.0,BTCUSDT
2026-05-16 22:00:00,0.0,BTCUSDT
2026-05-16 23:00:00,0.0,BTCUSDT
2026-05-17 00:00:00,0.00023246926395065735,BTCUSDT
2026-05-17 01:00:00,0.0,BTCUSDT
2026-05-17 02:00:00,0.0,BTCUSDT
2026-05-17 03:00:00,0.0,BTCUSDT
2026-05-17 04:00:00,0.0,BTCUSDT
2026-05-17 05:00:00,0.0,BTCUSDT
2026-05-17 06:00:00,0.0,BTCUSDT
2026-05-17 07:00:00,0.0,BTCUSDT
2026-05-17 08:00:00,0.00037839913962253393,BTCUSDT
2026-05-17 09:00:00,0.0,BTCUSDT
2026-05-17 10:00:00,0.0,BTCUSDT
2026-05-17 11:00:00,0.0,BTCUSDT
2026-05-17 12:00:00,0.0,BTCUSDT
2026-05-17 13:00:00,0.0,BTCUSDT
2026-05-17 14:00:00,0.0,BTCUSDT
2026-05-17 15:00:00,0.0,BTCUSDT
2026-05-17 16:00:00,0.00011236633440362396,BTCUSDT
2026-05-17 17:00:00,0.0,BTCUSDT
2026-05-17 18:00:00,0.0,BTCUSDT
2026-05-17 19:00:00,0.0,BTCUSDT
2026-05-17 20:00:00,0.0,BTCUSDT
2026-05-17 21:00:00,0.0,BTCUSDT
2026-05-17 22:00:00,0.0,BTCUSDT
2026-05-17 23:00:00,0.0,BTCUSDT
2026-05-18 00:00:00,5.976276596981654e-05,BTCUSDT
2026-05-18 01:00:00,0.0,BTCUSDT
2026-05-18 02:00:00,0.0,BTCUSDT
2026-05-18 03:00:00,0.0,BTCUSDT
2026-05-18 04:00:00,0.0,BTCUSDT
2026-05-18 05:00:00,0.0,BTCUSDT
2026-05-18 06:00:00,0.0,BTCUSDT
2026-05-18 07:00:00,0.0,BTCUSDT
2026-05-18 08:00:00,0.00015425460602185864,BTCUSDT
2026-05-18 09:00:00,0.0,BTCUSDT
2026-05-18 10:00:00,0.0,BTCUSDT
2026-05-18 11:00:00,0.0,BTCUSDT
2026-05-18 12:00:00,0.0,BTCUSDT
2026-05-18 13:00:00,0.0,BTCUSDT
2026-05-18 14:00:00,0.0,BTCUSDT
2026-05-18 15:00:00,0.0,BTCUSDT
2026-05-18 16:00:00,-0.0001298397869376125,BTCUSDT
2026-05-18 17:00:00,0.0,BTCUSDT
2026-05-18 18:00:00,0.0,BTCUSDT
2026-05-18 19:00:00,0.0,BTCUSDT
2026-05-18 20:00:00,0.0,BTCUSDT
2026-05-18 21:00:00,0.0,BTCUSDT
2026-05-18 22:00:00,0.0,BTCUSDT
2026-05-18 23:00:00,0.0,BTCUSDT
2026-05-19 00:00:00,0.00016409232430231651,BTCUSDT
2026-05-19 01:00:00,0.0,BTCUSDT
2026-05-19 02:00:00,0.0,BTCUSDT
2026-05-19 03:00:00,0.0,BTCUSDT
2026-05-19 04:00:00,0.0,BTCUSDT
2026-05-19 05:00:00,0.0,BTCUSDT
2026-05-19 06:00:00,0.0,BTCUSDT
2026-05-19 07:00:00,0.0,BTCUSDT
2026-05-19 08:00:00,-4.9423252206524034e-05,BTCUSDT
2026-05-19 09:00:00,0.0,BTCUSDT
2026-05-19 10:00:00,0.0,BTCUSDT
2026-05-19 11:00:00,0.0,BTCUSDT
2026-05-19 12:00:00,0.0,BTCUSDT
2026-05-19 13:00:00,0.0,BTCUSDT
2026-05-19 14:00:00,0.0,BTCUSDT
2026-05-19 15:00:00,0.0,BTCUSDT
2026-05-19 16:00:00,0.00022778460447491037,BTCUSDT
2026-05-19 17:00:00,0.0,BTCUSDT
2026-05-19 18:00:00,0.0,BTCUSDT
2026-05-19 19:00:00,0.0,BTCUSDT
2026-05-19 20:00:00,0.0,BTCUSDT
2026-05-19 21:00:00,0.0,BTCUSDT
2026-05-19 22:00:00,0.0,BTCUSDT
2026-05-19 23:00:00,0.0,BTCUSDT
2026-05-20 00:00:00,7.890292656844469e-05,BTCUSDT
2026-05-20 01:00:00,0.0,BTCUSDT
2026-05-20 02:00:00,0.0,BTCUSDT
2026-05-20 03:00:00,0.0,BTCUSDT
2026-05-20 04:00:00,0.0,BTCUSDT
2026-05-20 05:00:00,0.0,BTCUSDT
2026-05-20 06:00:00,0.0,BTCUSDT
2026-05-20 07:00:00,0.0,BTCUSDT
2026-05-20 08:00:00,0.00017945326712429956,BTCUSDT
2026-05-20 09:00:00,0.0,BTCUSDT
2026-05-20 10:00:00,0.0,BTCUSDT
2026-05-20 11:00:00,0.0,BTCUSDT
2026-05-20 12:00:00,0.0,BTCUSDT
2026-05-20 13:00:00,0.0,BTCUSDT
2026-05-20 14:00:00,0.0,BTCUSDT
2026-05-20 15:00:00,0.0,BTCUSDT
2026-05-20 16:00:00,-0.00019636910021625901,BTCUSDT
2026-05-20 17:00:00,0.0,BTCUSDT
2026-05-20 18:00:00,0.0,BTCUSDT
2026-05-20 19:00:00,0.0,BTCUSDT
2026-05-20 20:00:00,0.0,BTCUSDT
2026-05-20 21:00:00,0.0,BTCUSDT
2026-05-20 22:00:00,0.0,BTCUSDT
2026-05-20 23:00:00,0.0,BTCUSDT
2026-05-21 00:00:00,0.00018601552967349708,BTCUSDT
2026-05-21 01:00:00,0.0,BTCUSDT
2026-05-21 02:00:00,0.0,BTCUSDT
2026-05-21 03:00:00,0.0,BTCUSDT
2026-05-21 04:00:00,0.0,BTCUSDT
2026-05-21 05:00:00,0.0,BTCUSDT
2026-05-21 06:00:00,0.0,BTCUSDT
2026-05-21 07:00:00,0.0,BTCUSDT
2026-05-21 08:00:00,2.87166931954514e-05,BTCUSDT
2026-05-21 09:00:00,0.0,BTCUSDT
2026-05-21 10:00:00,0.0,BTCUSDT
2026-05-21 11:00:00,0.0,BTCUSDT
2026-05-21 12:00:00,0.0,BTCUSDT
2026-05-21 13:00:00,0.0,BTCUSDT
2026-05-21 14:00:00,0.0,BTCUSDT
2026-05-21 15:00:00,0.0,BTCUSDT
2026-05-21 16:00:00,0.0002541566295962512,BTCUSDT
2026-05-21 17:00:00,0.0,BTCUSDT
2026-05-21 18:00:00,0.0,BTCUSDT
2026-05-21 19:00:00,0.0,BTCUSDT
2026-05-21 20:00:00,0.0,BTCUSDT
2026-05-21 21:00:00,0.0,BTCUSDT
2026-05-21 22:00:00,0.0,BTCUSDT
2026-05-21 23:00:00,0.0,BTCUSDT
2026-05-22 00:00:00,0.00027085351231567246,BTCUSDT
2026-05-22 01:00:00,0.0,BTCUSDT
2026-05-22 02:00:00,0.0,BTCUSDT
2026-05-22 03:00:00,0.0,BTCUSDT
2026-05-22 04:00:00,0.0,BTCUSDT
2026-05-22 05:00:00,0.0,BTCUSDT
2026-05-22 06:00:00,0.0,BTCUSDT
2026-05-22 07:00:00,0.0,BTCUSDT
2026-05-22 08:00:00,3.589645526680613e-05,BTCUSDT
2026-05-22 09:00:00,0.0,BTCUSDT
2026-05-22 10:00:00,0.0,BTCUSDT
2026-05-22 11:00:00,0.0,BTCUSDT
2026-05-22 12:00:00,0.0,BTCUSDT
2026-05-22 13:00:00,0.0,BTCUSDT
2026-05-22 14:00:00,0.0,BTCUSDT
2026-05-22 15:00:00,0.0,BTCUSDT
2026-05-22 16:00:00,0.0002861021531072203,BTCUSDT
2026-05-22 17:00:00,0.0,BTCUSDT
2026-05-22 18:00:00,0.0,BTCUSDT
2026-05-22 19:00:00,0.0,BTCUSDT
2026-05-22 20:00:00,0.0,BTCUSDT
2026-05-22 21:00:00,0.0,BTCUSDT
2026-05-22 22:00:00,0.0,BTCUSDT
2026-05-22 23:00:00,0.0,BTCUSDT
2026-05-23 00:00:00,-5.055149937142123e-05,BTCUSDT
2026-05-23 01:00:00,0.0,BTCUSDT
2026-05-23 02:00:00,0.0,BTCUSDT
2026-05-23 03:00:00,0.0,BTCUSDT
2026-05-23 04:00:00,0.0,BTCUSDT
2026-05-23 05:00:00,0.0,BTCUSDT
2026-05-23 06:00:00,0.0,BTCUSDT
2026-05-23 07:00:00,0.0,BTCUSDT
2026-05-23 08:00:00,2.259605953575233e-06,BTCUSDT
2026-05-23 09:00:00,0.0,BTCUSDT
2026-05-23 10:00:00,0.0,BTCUSDT
2026-05-23 11:00:00,0.0,BTCUSDT
2026-05-23 12:00:00,0.0,BTCUSDT
2026-05-23 13:00:00,0.0,BTCUSDT
2026-05-23 14:00:00,0.0,BTCUSDT
2026-05-23 15:00:00,0.0,BTCUSDT
2026-05-23 16:00:00,0.000279544313691885,BTCUSDT
2026-05-23 17:00:00,0.0,BTCUSDT
2026-05-23 18:00:00,0.0,BTCUSDT
2026-05-23 19:00:00,0.0,BTCUSDT
2026-05-23 20:00:00,0.0,BTCUSDT
2026-05-23 21:00:00,0.0,BTCUSDT
2026-05-23 22:00:00,0.0,BTCUSDT
2026-05-23 23:00:00,0.0,BTCUSDT
2026-05-24 00:00:00,-0.00011573215420611044,BTCUSDT
2026-05-24 01:00:00,0.0,BTCUSDT
2026-05-24 02:00:00,0.0,BTCUSDT
2026-05-24 03:00:00,0.0,BTCUSDT
2026-05-24 04:00:00,0.0,BTCUSDT
2026-05-24 05:00:00,0.0,BTCUSDT
2026-05-24 06:00:00,0.0,BTCUSDT
2026-05-24 07:00:00,0.0,BTCUSDT
2026-05-24 08:00:00,6.498296994525884e-05,BTCUSDT
2026-05-24 09:00:00,0.0,BTCUSDT
2026-05-24 10:00:00,0.0,BTCUSDT
2026-05-24 11:00:00,0.0,BTCUSDT
2026-05-24 12:00:00,0.0,BTCUSDT
2026-05-24 13:00:00,0.0,BTCUSDT
2026-05-24 14:00:00,0.0,BTCUSDT
2026-05-24 15:00:00,0.0,BTCUSDT
2026-05-24 16:00:00,0.00017534336957387173,BTCUSDT
2026-05-24 17:00:00,0.0,BTCUSDT
2026-05-24 18:00:00,0.0,BTCUSDT
2026-05-24 19:00:00,0.0,BTCUSDT
2026-05-24 20:00:00,0.0,BTCUSDT
2026-05-24 21:00:00,0.0,BTCUSDT
2026-05-24 22:00:00,0.0,BTCUSDT
2026-05-24 23:00:00,0.0,BTCUSDT
2026-05-25 00:00:00,0.0006022265095380017,BTCUSDT
2026-05-25 01:00:00,0.0,BTCUSDT
2026-05-25 02:00:00,0.0,BTCUSDT
2026-05-25 03:00:00,0.0,BTCUSDT
2026-05-25 04:00:00,0.0,BTCUSDT
2026-05-25 05:00:00,0.0,BTCUSDT
2026-05-25 06:00:00,0.0,BTCUSDT
2026-05-25 07:00:00,0.0,BTCUSDT
2026-05-25 08:00:00,3.7501024371747776e-05,BTCUSDT
2026-05-25 09:00:00,0.0,BTCUSDT
2026-05-25 10:00:00,0.0,BTCUSDT
2026-05-25 11:00:00,0.0,BTCUSDT
2026-05-25 12:00:00,0.0,BTCUSDT
2026-05-25 13:00:00,0.0,BTCUSDT
2026-05-25 14:00:00,0.0,BTCUSDT
2026-05-25 15:00:00,0.0,BTCUSDT
2026-05-25 16:00:00,4.823982727821665e-05,BTCUSDT
2026-05-25 17:00:00,0.0,BTCUSDT
2026-05-25 18:00:00,0.0,BTCUSDT
2026-05-25 19:00:00,0.0,BTCUSDT
2026-05-25 20:00:00,0.0,BTCUSDT
2026-05-25 21:00:00,0.0,BTCUSDT
2026-05-25 22:00:00,0.0,BTCUSDT
2026-05-25 23:00:00,0.0,BTCUSDT
2026-05-26 00:00:00,-0.00011784489837465252,BTCUSDT
2026-05-26 01:00:00,0.0,BTCUSDT
2026-05-26 02:00:00,0.0,BTCUSDT
2026-05-26 03:00:00,0.0,BTCUSDT
2026-05-26 04:00:00,0.0,BTCUSDT
2026-05-26 05:00:00,0.0,BTCUSDT
2026-05-26 06:00:00,0.0,BTCUSDT
2026-05-26 07:00:00,0.0,BTCUSDT
2026-05-26 08:00:00,0.0002834924307187441,BTCUSDT
2026-05-26 09:00:00,0.0,BTCUSDT
2026-05-26 10:00:00,0.0,BTCUSDT
2026-05-26 11:00:00,0.0,BTCUSDT
2026-05-26 12:00:00,0.0,BTCUSDT
2026-05-26 13:00:00,0.0,BTCUSDT
2026-05-26 14:00:00,0.0,BTCUSDT
2026-05-26 15:00:00,0.0,BTCUSDT
2026-05-26 16:00:00,8.311264272889373e-05,BTCUSDT
2026-05-26 17:00:00,0.0,BTCUSDT
2026-05-26 18:00:00,0.0,BTCUSDT
2026-05-26 19:00:00,0.0,BTCUSDT
2026-05-26 20:00:00,0.0,BTCUSDT
2026-05-26 21:00:00,0.0,BTCUSDT
2026-05-26 22:00:00,0.0,BTCUSDT
2026-05-26 23:00:00,0.0,BTCUSDT
2026-05-27 00:00:00,-0.0001220708321883355,BTCUSDT
2026-05-27 01:00:00,0.0,BTCUSDT
2026-05-27 02:00:00,0.0,BTCUSDT
2026-05-27 03:00:00,0.0,BTCUSDT
2026-05-27 04:00:00,0.0,BTCUSDT
2026-05-27 05:00:00,0.0,BTCUSDT
2026-05-27 06:00:00,0.0,BTCUSDT
2026-05-27 07:00:00,0.0,BTCUSDT
2026-05-27 08:00:00,0.0002368167957552232,BTCUSDT
2026-05-27 09:00:00,0.0,BTCUSDT
2026-05-27 10:00:00,0.0,BTCUSDT
2026-05-27 11:00:00,0.0,BTCUSDT
2026-05-27 12:00:00,0.0,BTCUSDT
2026-05-27 13:00:00,0.0,BTCUSDT
2026-05-27 14:00:00,0.0,BTCUSDT
2026-05-27 15:00:00,0.0,BTCUSDT
2026-05-27 16:00:00,0.00011607588004183405,BTCUSDT
2026-05-27 17:00:00,0.0,BTCUSDT
2026-05-27 18:00:00,0.0,BTCUSDT
2026-05-27 19:00:00,0.0,BTCUSDT
2026-05-27 20:00:00,0.0,BTCUSDT
2026-05-27 21:00:00,0.0,BTCUSDT
2026-05-27 22:00:00,0.0,BTCUSDT
2026-05-27 23:00:00,0.0,BTCUSDT
2026-05-28 00:00:00,0.0003725519124592511,BTCUSDT
2026-05-28 01:00:00,0.0,BTCUSDT
2026-05-28 02:00:00,0.0,BTCUSDT
2026-05-28 03:00:00,0.0,BTCUSDT
2026-05-28 04:00:00,0.0,BTCUSDT
2026-05-28 05:00:00,0.0,BTCUSDT
2026-05-28 06:00:00,0.0,BTCUSDT
2026-05-28 07:00:00,0.0,BTCUSDT
2026-05-28 08:00:00,0.0004347381394642679,BTCUSDT
2026-05-28 09:00:00,0.0,BTCUSDT
2026-05-28 10:00:00,0.0,BTCUSDT
2026-05-28 11:00:00,0.0,BTCUSDT
2026-05-28 12:00:00,0.0,BTCUSDT
2026-05-28 13:00:00,0.0,BTCUSDT
2026-05-28 14:00:00,0.0,BTCUSDT
2026-05-28 15:00:00,0.0,BTCUSDT
2026-05-28 16:00:00,0.0003758222806337134,BTCUSDT
2026-05-28 17:00:00,0.0,BTCUSDT
2026-05-28 18:00:00,0.0,BTCUSDT
2026-05-28 19:00:00,0.0,BTCUSDT
2026-05-28 20:00:00,0.0,BTCUSDT
2026-05-28 21:00:00,0.0,BTCUSDT
2026-05-28 22:00:00,0.0,BTCUSDT
2026-05-28 23:00:00,0.0,BTCUSDT
2026-05-29 00:00:00,-2.756081349550704e-05,BTCUSDT
2026-05-29 01:00:00,0.0,BTCUSDT
2026-05-29 02:00:00,0.0,BTCUSDT
2026-05-29 03:00:00,0.0,BTCUSDT
2026-05-29 04:00:00,0.0,BTCUSDT
2026-05-29 05:00:00,0.0,BTCUSDT
2026-05-29 06:00:00,0.0,BTCUSDT
2026-05-29 07:00:00,0.0,BTCUSDT
2026-05-29 08:00:00,0.0004850226247873839,BTCUSDT
2026-05-29 09:00:00,0.0,BTCUSDT
2026-05-29 10:00:00,0.0,BTCUSDT
2026-05-29 11:00:00,0.0,BTCUSDT
2026-05-29 12:00:00,0.0,BTCUSDT
2026-05-29 13:00:00,0.0,BTCUSDT
2026-05-29 14:00:00,0.0,BTCUSDT
2026-05-29 15:00:00,0.0,BTCUSDT
2026-05-29 16:00:00,0.00031510000422612744,BTCUSDT
2026-05-29 17:00:00,0.0,BTCUSDT
2026-05-29 18:00:00,0.0,BTCUSDT
2026-05-29 19:00:00,0.0,BTCUSDT
2026-05-29 20:00:00,0.0,BTCUSDT
2026-05-29 21:00:00,0.0,BTCUSDT
2026-05-29 22:00:00,0.0,BTCUSDT
2026-05-29 23:00:00,0.0,BTCUSDT
2026-05-30 00:00:00,0.0003220994558183154,BTCUSDT
2026-05-30 01:00:00,0.0,BTCUSDT
2026-05-30 02:00:00,0.0,BTCUSDT
2026-05-30 03:00:00,0.0,BTCUSDT
2026-05-30 04:00:00,0.0,BTCUSDT
2026-05-30 05:00:00,0.0,BTCUSDT
2026-05-30 06:00:00,0.0,BTCUSDT
2026-05-30 07:00:00,0.0,BTCUSDT
2026-05-30 08:00:00,1.1441812414430448e-05,BTCUSDT
2026-05-30 09:00:00,0.0,BTCUSDT
2026-05-30 10:00:00,0.0,BTCUSDT
2026-05-30 11:00:00,0.0,BTCUSDT
2026-05-30 12:00:00,0.0,BTCUSDT
2026-05-30 13:00:00,0.0,BTCUSDT
2026-05-30 14:00:00,0.0,BTCUSDT
2026-05-30 15:00:00,0.0,BTCUSDT
2026-05-30 16:00:00,8.368984098204425e-05,BTCUSDT
2026-05-30 17:00:00,0.0,BTCUSDT
2026-05-30 18:00:00,0.0,BTCUSDT
2026-05-30 19:00:00,0.0,BTCUSDT
2026-05-30 20:00:00,0.0,BTCUSDT
2026-05-30 21:00:00,0.0,BTCUSDT
2026-05-30 22:00:00,0.0,BTCUSDT
2026-05-30 23:00:00,0.0,BTCUSDT
2026-05-31 00:00:00,0.00026952756301388544,BTCUSDT
2026-05-31 01:00:00,0.0,BTCUSDT
2026-05-31 02:00:00,0.0,BTCUSDT
2026-05-31 03:00:00,0.0,BTCUSDT
2026-05-31 04:00:00,0.0,BTCUSDT
2026-05-31 05:00:00,0.0,BTCUSDT
2026-05-31 06:00:00,0.0,BTCUSDT
2026-05-31 07:00:00,0.0,BTCUSDT
2026-05-31 08:00:00,5.3095414783802824e-05,BTCUSDT
2026-05-31 09:00:00,0.0,BTCUSDT
2026-05-31 10:00:00,0.0,BTCUSDT
2026-05-31 11:00:00,0.0,BTCUSDT
2026-05-31 12:00:00,0.0,BTCUSDT
2026-05-31 13:00:00,0.0,BTCUSDT
2026-05-31 14:00:00,0.0,BTCUSDT
2026-05-31 15:00:00,0.0,BTCUSDT
2026-05-31 16:00:00,-0.00027859421538436134,BTCUSDT
2026-05-31 17:00:00,0.0,BTCUSDT
2026-05-31 18:00:00,0.0,BTCUSDT
2026-05-31 19:00:00,0.0,BTCUSDT
2026-05-31 20:00:00,0.0,BTCUSDT
2026-05-31 21:00:00,0.0,BTCUSDT
2026-05-31 22:00:00,0.0,BTCUSDT
2026-05-31 23:00:00,0.0,BTCUSDT
2026-06-01 00:00:00,0.000336063567835525,BTCUSDT
2026-06-01 01:00:00,0.0,BTCUSDT
2026-06-01 02:00:00,0.0,BTCUSDT
2026-06-01 03:00:00,0.0,BTCUSDT
2026-06-01 04:00:00,0.0,BTCUSDT
2026-06-01 05:00:00,0.0,BTCUSDT
2026-06-01 06:00:00,0.0,BTCUSDT
2026-06-01 07:00:00,0.0,BTCUSDT
2026-06-01 08:00:00,0.0003472636359412811,BTCUSDT
2026-06-01 09:00:00,0.0,BTCUSDT
2026-06-01 10:00:00,0.0,BTCUSDT
2026-06-01 11:00:00,0.0,BTCUSDT
2026-06-01 12:00:00,0.0,BTCUSDT
2026-06-01 13:00:00,0.0,BTCUSDT
2026-06-01 14:00:00,0.0,BTCUSDT
2026-06-01 15:00:00,0.0,BTCUSDT
2026-06-01 16:00:00,0.000337719836106887,BTCUSDT
2026-06-01 17:00:00,0.0,BTCUSDT
2026-06-01 18:00:00,0.0,BTCUSDT
2026-06-01 19:00:00,0.0,BTCUSDT
2026-06-01 20:00:00,0.0,BTCUSDT
2026-06-01 21:00:00,0.0,BTCUSDT
2026-06-01 22:00:00,0.0,BTCUSDT
2026-06-01 23:00:00,0.0,BTCUSDT
2026-06-02 00:00:00,0.0003862039560250511,BTCUSDT
2026-06-02 01:00:00,0.0,BTCUSDT
2026-06-02 02:00:00,0.0,BTCUSDT
2026-06-02 03:00:00,0.0,BTCUSDT
2026-06-02 04:00:00,0.0,BTCUSDT
2026-06-02 05:00:00,0.0,BTCUSDT
2026-06-02 06:00:00,0.0,BTCUSDT
2026-06-02 07:00:00,0.0,BTCUSDT
2026-06-02 08:00:00,0.000482980900995681,BTCUSDT
2026-06-02 09:00:00,0.0,BTCUSDT
2026-06-02 10:00:00,0.0,BTCUSDT
2026-06-02 11:00:00,0.0,BTCUSDT
2026-06-02 12:00:00,0.0,BTCUSDT
2026-06-02 13:00:00,0.0,BTCUSDT
2026-06-02 14:00:00,0.0,BTCUSDT
2026-06-02 15:00:00,0.0,BTCUSDT
2026-06-02 16:00:00,0.00027831569133902336,BTCUSDT
2026-06-02 17:00:00,0.0,BTCUSDT
2026-06-02 18:00:00,0.0,BTCUSDT
2026-06-02 19:00:00,0.0,BTCUSDT
2026-06-02 20:00:00,0.0,BTCUSDT
2026-06-02 21:00:00,0.0,BTCUSDT
2026-06-02 22:00:00,0.0,BTCUSDT
2026-06-02 23:00:00,0.0,BTCUSDT
2026-06-03 00:00:00,0.0003883292366684401,BTCUSDT
2026-06-03 01:00:00,0.0,BTCUSDT
2026-06-03 02:00:00,0.0,BTCUSDT
2026-06-03 03:00:00,0.0,BTCUSDT
2026-06-03 04:00:00,0.0,BTCUSDT
2026-06-03 05:00:00,0.0,BTCUSDT
2026-06-03 06:00:00,0.0,BTCUSDT
2026-06-03 07:00:00,0.0,BTCUSDT
2026-06-03 08:00:00,-8.66055941682529e-05,BTCUSDT
2026-06-03 09:00:00,0.0,BTCUSDT
2026-06-03 10:00:00,0.0,BTCUSDT
2026-06-03 11:00:00,0.0,BTCUSDT
2026-06-03 12:00:00,0.0,BTCUSDT
2026-06-03 13:00:00,0.0,BTCUSDT
2026-06-03 14:00:00,0.0,BTCUSDT
2026-06-03 15:00:00,0.0,BTCUSDT
2026-06-03 16:00:00,-8.624067008633686e-07,BTCUSDT
2026-06-03 17:00:00,0.0,BTCUSDT
2026-06-03 18:00:00,0.0,BTCUSDT
2026-06-03 19:00:00,0.0,BTCUSDT
2026-06-03 20:00:00,0.0,BTCUSDT
2026-06-03 21:00:00,0.0,BTCUSDT
2026-06-03 22:00:00,0.0,BTCUSDT
2026-06-03 23:00:00,0.0,BTCUSDT
2026-06-04 00:00:00,-2.5637618912686846e-06,BTCUSDT
2026-06-04 01:00:00,0.0,BTCUSDT
2026-06-04 02:00:00,0.0,BTCUSDT
2026-06-04 03:00:00,0.0,BTCUSDT
2026-06-04 04:00:00,0.0,BTCUSDT
2026-06-04 05:00:00,0.0,BTCUSDT
2026-06-04 06:00:00,0.0,BTCUSDT
2026-06-04 07:00:00,0.0,BTCUSDT
2026-06-04 08:00:00,-0.0001825166365088122,BTCUSDT
2026-06-04 09:00:00,0.0,BTCUSDT
2026-06-04 10:00:00,0.0,BTCUSDT
2026-06-04 11:00:00,0.0,BTCUSDT
2026-06-04 12:00:00,0.0,BTCUSDT
2026-06-04 13:00:00,0.0,BTCUSDT
2026-06-04 14:00:00,0.0,BTCUSDT
2026-06-04 15:00:00,0.0,BTCUSDT
2026-06-04 16:00:00,0.00011253122898715934,BTCUSDT
2026-06-04 17:00:00,0.0,BTCUSDT
2026-06-04 18:00:00,0.0,BTCUSDT
2026-06-04 19:00:00,0.0,BTCUSDT
2026-06-04 20:00:00,0.0,BTCUSDT
2026-06-04 21:00:00,0.0,BTCUSDT
2026-06-04 22:00:00,0.0,BTCUSDT
2026-06-04 23:00:00,0.0,BTCUSDT
2026-06-05 00:00:00,-4.656263222073982e-05,BTCUSDT
2026-06-05 01:00:00,0.0,BTCUSDT
2026-06-05 02:00:00,0.0,BTCUSDT
2026-06-05 03:00:00,0.0,BTCUSDT
2026-06-05 04:00:00,0.0,BTCUSDT
2026-06-05 05:00:00,0.0,BTCUSDT
2026-06-05 06:00:00,0.0,BTCUSDT
2026-06-05 07:00:00,0.0,BTCUSDT
2026-06-05 08:00:00,0.00012818217567738945,BTCUSDT
2026-06-05 09:00:00,0.0,BTCUSDT
2026-06-05 10:00:00,0.0,BTCUSDT
2026-06-05 11:00:00,0.0,BTCUSDT
2026-06-05 12:00:00,0.0,BTCUSDT
2026-06-05 13:00:00,0.0,BTCUSDT
2026-06-05 14:00:00,0.0,BTCUSDT
2026-06-05 15:00:00,0.0,BTCUSDT
2026-06-05 16:00:00,0.00018669273483870531,BTCUSDT
2026-06-05 17:00:00,0.0,BTCUSDT
2026-06-05 18:00:00,0.0,BTCUSDT
2026-06-05 19:00:00,0.0,BTCUSDT
2026-06-05 20:00:00,0.0,BTCUSDT
2026-06-05 21:00:00,0.0,BTCUSDT
2026-06-05 22:00:00,0.0,BTCUSDT
2026-06-05 23:00:00,0.0,BTCUSDT
2026-06-06 00:00:00,4.725893888468922e-05,BTCUSDT
2026-06-06 01:00:00,0.0,BTCUSDT
2026-06-06 02:00:00,0.0,BTCUSDT
2026-06-06 03:00:00,0.0,BTCUSDT
2026-06-06 04:00:00,0.0,BTCUSDT
2026-06-06 05:00:00,0.0,BTCUSDT
2026-06-06 06:00:00,0.0,BTCUSDT
2026-06-06 07:00:00,0.0,BTCUSDT
2026-06-06 08:00:00,-1.4539230211662563e-05,BTCUSDT
2026-06-06 09:00:00,0.0,BTCUSDT
2026-06-06 10:00:00,0.0,BTCUSDT
2026-06-06 11:00:00,0.0,BTCUSDT
2026-06-06 12:00:00,0.0,BTCUSDT
2026-06-06 13:00:00,0.0,BTCUSDT
2026-06-06 14:00:00,0.0,BTCUSDT
2026-06-06 15:00:00,0.0,BTCUSDT
2026-06-06 16:00:00,-9.976305363790511e-05,BTCUSDT
2026-06-06 17:00:00,0.0,BTCUSDT
2026-06-06 18:00:00,0.0,BTCUSDT
2026-06-06 19:00:00,0.0,BTCUSDT
2026-06-06 20:00:00,0.0,BTCUSDT
2026-06-06 21:00:00,0.0,BTCUSDT
2026-06-06 22:00:00,0.0,BTCUSDT
2026-06-06 23:00:00,0.0,BTCUSDT
2026-06-07 00:00:00,-8.755733326823208e-05,BTCUSDT
2026-06-07 01:00:00,0.0,BTCUSDT
2026-06-07 02:00:00,0.0,BTCUSDT
2026-06-07 03:00:00,0.0,BTCUSDT
2026-06-07 04:00:00,0.0,BTCUSDT
2026-06-07 05:00:00,0.0,BTCUSDT
2026-06-07 06:00:00,0.0,BTCUSDT
2026-06-07 07:00:00,0.0,BTCUSDT
2026-06-07 08:00:00,0.00014978692237222334,BTCUSDT
2026-06-07 09:00:00,0.0,BTCUSDT
2026-06-07 10:00:00,0.0,BTCUSDT
2026-06-07 11:00:00,0.0,BTCUSDT
2026-06-07 12:00:00,0.0,BTCUSDT
2026-06-07 13:00:00,0.0,BTCUSDT
2026-06-07 14:00:00,0.0,BTCUSDT
2026-06-07 15:00:00,0.0,BTCUSDT
2026-06-07 16:00:00,-0.00037023164262243405,BTCUSDT
2026-06-07 17:00:00,0.0,BTCUSDT
2026-06-07 18:00:00,0.0,BTCUSDT
2026-06-07 19:00:00,0.0,BTCUSDT
2026-06-07 20:00:00,0.0,BTCUSDT
2026-06-07 21:00:00,0.0,BTCUSDT
2026-06-07 22:00:00,0.0,BTCUSDT
2026-06-07 23:00:00,0.0,BTCUSDT
2026-06-08 00:00:00,5.953999798257703e-05,BTCUSDT
2026-06-08 01:00:00,0.0,BTCUSDT
2026-06-08 02:00:00,0.0,BTCUSDT
2026-06-08 03:00:00,0.0,BTCUSDT
2026-06-08 04:00:00,0.0,BTCUSDT
2026-06-08 05:00:00,0.0,BTCUSDT
2026-06-08 06:00:00,0.0,BTCUSDT
2026-06-08 07:00:00,0.0,BTCUSDT
2026-06-08 08:00:00,-7.852942245472976e-06,BTCUSDT
2026-06-08 09:00:00,0.0,BTCUSDT
2026-06-08 10:00:00,0.0,BTCUSDT
2026-06-08 11:00:00,0.0,BTCUSDT
2026-06-08 12:00:00,0.0,BTCUSDT
2026-06-08 13:00:00,0.0,BTCUSDT
2026-06-08 14:00:00,0.0,BTCUSDT
2026-06-08 15:00:00,0.0,BTCUSDT
2026-06-08 16:00:00,1.4647434232286396e-05,BTCUSDT
2026-06-08 17:00:00,0.0,BTCUSDT
2026-06-08 18:00:00,0.0,BTCUSDT
2026-06-08 19:00:00,0.0,BTCUSDT
2026-06-08 20:00:00,0.0,BTCUSDT
2026-06-08 21:00:00,0.0,BTCUSDT
2026-06-08 22:00:00,0.0,BTCUSDT
2026-06-08 23:00:00,0.0,BTCUSDT
2026-06-09 00:00:00,-0.00027033139273601126,BTCUSDT
2026-06-09 01:00:00,0.0,BTCUSDT
2026-06-09 02:00:00,0.0,BTCUSDT
2026-06-09 03:00:00,0.0,BTCUSDT
2026-06-09 04:00:00,0.0,BTCUSDT
2026-06-09 05:00:00,0.0,BTCUSDT
2026-06-09 06:00:00,0.0,BTCUSDT
2026-06-09 07:00:00,0.0,BTCUSDT
2026-06-09 08:00:00,0.0002621083997893877,BTCUSDT
2026-06-09 09:00:00,0.0,BTCUSDT
2026-06-09 10:00:00,0.0,BTCUSDT
2026-06-09 11:00:00,0.0,BTCUSDT
2026-06-09 12:00:00,0.0,BTCUSDT
2026-06-09 13:00:00,0.0,BTCUSDT
2026-06-09 14:00:00,0.0,BTCUSDT
2026-06-09 15:00:00,0.0,BTCUSDT
2026-06-09 16:00:00,-0.00012703202593716503,BTCUSDT
2026-06-09 17:00:00,0.0,BTCUSDT
2026-06-09 18:00:00,0.0,BTCUSDT
2026-06-09 19:00:00,0.0,BTCUSDT
2026-06-09 20:00:00,0.0,BTCUSDT
2026-06-09 21:00:00,0.0,BTCUSDT
2026-06-09 22:00:00,0.0,BTCUSDT
2026-06-09 23:00:00,0.0,BTCUSDT
2026-06-10 00:00:00,0.00013761991323054968,BTCUSDT
2026-06-10 01:00:00,0.0,BTCUSDT
2026-06-10 02:00:00,0.0,BTCUSDT
2026-06-10 03:00:00,0.0,BTCUSDT
2026-06-10 04:00:00,0.0,BTCUSDT
2026-06-10 05:00:00,0.0,BTCUSDT
2026-06-10 06:00:00,0.0,BTCUSDT
2026-06-10 07:00:00,0.0,BTCUSDT
2026-06-10 08:00:00,-0.0003518741767663396,BTCUSDT
2026-06-10 09:00:00,0.0,BTCUSDT
2026-06-10 10:00:00,0.0,BTCUSDT
2026-06-10 11:00:00,0.0,BTCUSDT
2026-06-10 12:00:00,0.0,BTCUSDT
2026-06-10 13:00:00,0.0,BTCUSDT
2026-06-10 14:00:00,0.0,BTCUSDT
2026-06-10 15:00:00,0.0,BTCUSDT
2026-06-10 16:00:00,0.00012420184863976233,BTCUSDT
2026-06-10 17:00:00,0.0,BTCUSDT
2026-06-10 18:00:00,0.0,BTCUSDT
2026-06-10 19:00:00,0.0,BTCUSDT
2026-06-10 20:00:00,0.0,BTCUSDT
2026-06-10 21:00:00,0.0,BTCUSDT
2026-06-10 22:00:00,0.0,BTCUSDT
2026-06-10 23:00:00,0.0,BTCUSDT
2026-06-11 00:00:00,0.0003553966118126105,BTCUSDT
2026-06-11 01:00:00,0.0,BTCUSDT
2026-06-11 02:00:00,0.0,BTCUSDT
2026-06-11 03:00:00,0.0,BTCUSDT
2026-06-11 04:00:00,0.0,BTCUSDT
2026-06-11 05:00:00,0.0,BTCUSDT
2026-06-11 06:00:00,0.0,BTCUSDT
2026-06-11 07:00:00,0.0,BTCUSDT
2026-06-11 08:00:00,0.00012665911010287484,BTCUSDT
2026-06-11 09:00:00,0.0,BTCUSDT
2026-06-11 10:00:00,0.0,BTCUSDT
2026-06-11 11:00:00,0.0,BTCUSDT
2026-06-11 12:00:00,0.0,BTCUSDT
2026-06-11 13:00:00,0.0,BTCUSDT
2026-06-11 14:00:00,0.0,BTCUSDT
2026-06-11 15:00:00,0.0,BTCUSDT
2026-06-11 16:00:00,9.195114506156289e-05,BTCUSDT
2026-06-11 17:00:00,0.0,BTCUSDT
2026-06-11 18:00:00,0.0,BTCUSDT
2026-06-11 19:00:00,0.0,BTCUSDT
2026-06-11 20:00:00,0.0,BTCUSDT
2026-06-11 21:00:00,0.0,BTCUSDT
2026-06-11 22:00:00,0.0,BTCUSDT
2026-06-11 23:00:00,0.0,BTCUSDT
2026-06-12 00:00:00,-7.220462129765177e-05,BTCUSDT
2026-06-12 01:00:00,0.0,BTCUSDT
2026-06-12 02:00:00,0.0,BTCUSDT
2026-06-12 03:00:00,0.0,BTCUSDT
2026-06-12 04:00:00,0.0,BTCUSDT
2026-06-12 05:00:00,0.0,BTCUSDT
2026-06-12 06:00:00,0.0,BTCUSDT
2026-06-12 07:00:00,0.0,BTCUSDT
2026-06-12 08:00:00,-2.5495496876230738e-05,BTCUSDT
2026-06-12 09:00:00,0.0,BTCUSDT
2026-06-12 10:00:00,0.0,BTCUSDT
2026-06-12 11:00:00,0.0,BTCUSDT
2026-06-12 12:00:00,0.0,BTCUSDT
2026-06-12 13:00:00,0.0,BTCUSDT
2026-06-12 14:00:00,0.0,BTCUSDT
2026-06-12 15:00:00,0.0,BTCUSDT
2026-06-12 16:00:00,0.0001598329134376957,BTCUSDT
2026-06-12 17:00:00,0.0,BTCUSDT
2026-06-12 18:00:00,0.0,BTCUSDT
2026-06-12 19:00:00,0.0,BTCUSDT
2026-06-12 20:00:00,0.0,BTCUSDT
2026-06-12 21:00:00,0.0,BTCUSDT
2026-06-12 22:00:00,0.0,BTCUSDT
2026-06-12 23:00:00,0.0,BTCUSDT
2026-06-13 00:00:00,-9.549506663054308e-05,BTCUSDT
2026-06-13 01:00:00,0.0,BTCUSDT
2026-06-13 02:00:00,0.0,BTCUSDT
2026-06-13 03:00:00,0.0,BTCUSDT
2026-06-13 04:00:00,0.0,BTCUSDT
2026-06-13 05:00:00,0.0,BTCUSDT
2026-06-13 06:00:00,0.0,BTCUSDT
2026-06-13 07:00:00,0.0,BTCUSDT
2026-06-13 08:00:00,7.06963441976919e-05,BTCUSDT
2026-06-13 09:00:00,0.0,BTCUSDT
2026-06-13 10:00:00,0.0,BTCUSDT
2026-06-13 11:00:00,0.0,BTCUSDT
2026-06-13 12:00:00,0.0,BTCUSDT
2026-06-13 13:00:00,0.0,BTCUSDT
2026-06-13 14:00:00,0.0,BTCUSDT
2026-06-13 15:00:00,0.0,BTCUSDT
2026-06-13 16:00:00,7.974806230869779e-05,BTCUSDT
2026-06-13 17:00:00,0.0,BTCUSDT
2026-06-13 18:00:00,0.0,BTCUSDT
2026-06-13 19:00:00,0.0,BTCUSDT
2026-06-13 20:00:00,0.0,BTCUSDT
2026-06-13 21:00:00,0.0,BTCUSDT
2026-06-13 22:00:00,0.0,BTCUSDT
2026-06-13 23:00:00,0.0,BTCUSDT
2026-06-14 00:00:00,-0.00011598645637936787,BTCUSDT
2026-06-14 01:00:00,0.0,BTCUSDT
2026-06-14 02:00:00,0.0,BTCUSDT
2026-06-14 03:00:00,0.0,BTCUSDT
2026-06-14 04:00:00,0.0,BTCUSDT
2026-06-14 05:00:00,0.0,BTCUSDT
2026-06-14 06:00:00,0.0,BTCUSDT
2026-06-14 07:00:00,0.0,BTCUSDT
2026-06-14 08:00:00,-7.15789514685948e-05,BTCUSDT
2026-06-14 09:00:00,0.0,BTCUSDT
2026-06-14 10:00:00,0.0,BTCUSDT
2026-06-14 11:00:00,0.0,BTCUSDT
2026-06-14 12:00:00,0.0,BTCUSDT
2026-06-14 13:00:00,0.0,BTCUSDT
2026-06-14 14:00:00,0.0,BTCUSDT
2026-06-14 15:00:00,0.0,BTCUSDT
2026-06-14 16:00:00,0.00035552380264634436,BTCUSDT
2026-06-14 17:00:00,0.0,BTCUSDT
2026-06-14 18:00:00,0.0,BTCUSDT
2026-06-14 19:00:00,0.0,BTCUSDT
2026-06-14 20:00:00,0.0,BTCUSDT
2026-06-14 21:00:00,0.0,BTCUSDT
2026-06-14 22:00:00,0.0,BTCUSDT
2026-06-14 23:00:00,0.0,BTCUSDT
2026-06-15 00:00:00,9.079823425747763e-05,BTCUSDT
2026-06-15 01:00:00,0.0,BTCUSDT
2026-06-15 02:00:00,0.0,BTCUSDT
2026-06-15 03:00:00,0.0,BTCUSDT
2026-06-15 04:00:00,0.0,BTCUSDT
2026-06-15 05:00:00,0.0,BTCUSDT
2026-06-15 06:00:00,0.0,BTCUSDT
2026-06-15 07:00:00,0.0,BTCUSDT
2026-06-15 08:00:00,3.405136822602644e-05,BTCUSDT
2026-06-15 09:00:00,0.0,BTCUSDT
2026-06-15 10:00:00,0.0,BTCUSDT
2026-06-15 11:00:00,0.0,BTCUSDT
2026-06-15 12:00:00,0.0,BTCUSDT
2026-06-15 13:00:00,0.0,BTCUSDT
2026-06-15 14:00:00,0.0,BTCUSDT
2026-06-15 15:00:00,0.0,BTCUSDT
2026-06-15 16:00:00,-8.532179794813294e-06,BTCUSDT
2026-06-15 17:00:00,0.0,BTCUSDT
2026-06-15 18:00:00,0.0,BTCUSDT
2026-06-15 19:00:00,0.0,BTCUSDT
2026-06-15 20:00:00,0.0,BTCUSDT
2026-06-15 21:00:00,0.0,BTCUSDT
2026-06-15 22:00:00,0.0,BTCUSDT
2026-06-15 23:00:00,0.0,BTCUSDT
2026-06-16 00:00:00,0.0003938426879453979,BTCUSDT
2026-06-16 01:00:00,0.0,BTCUSDT
2026-06-16 02:00:00,0.0,BTCUSDT
2026-06-16 03:00:00,0.0,BTCUSDT
2026-06-16 04:00:00,0.0,BTCUSDT
2026-06-16 05:00:00,0.0,BTCUSDT
2026-06-16 06:00:00,0.0,BTCUSDT
2026-06-16 07:00:00,0.0,BTCUSDT
2026-06-16 08:00:00,0.00030468669111290196,BTCUSDT
2026-06-16 09:00:00,0.0,BTCUSDT
2026-06-16 10:00:00,0.0,BTCUSDT
2026-06-16 11:00:00,0.0,BTCUSDT
2026-06-16 12:00:00,0.0,BTCUSDT
2026-06-16 13:00:00,0.0,BTCUSDT
2026-06-16 14:00:00,0.0,BTCUSDT
2026-06-16 15:00:00,0.0,BTCUSDT
2026-06-16 16:00:00,0.0002396531072984191,BTCUSDT
2026-06-16 17:00:00,0.0,BTCUSDT
2026-06-16 18:00:00,0.0,BTCUSDT
2026-06-16 19:00:00,0.0,BTCUSDT
2026-06-16 20:00:00,0.0,BTCUSDT
2026-06-16 21:00:00,0.0,BTCUSDT
2026-06-16 22:00:00,0.0,BTCUSDT
2026-06-16 23:00:00,0.0,BTCUSDT
2026-06-17 00:00:00,6.339942407521918e-05,BTCUSDT
2026-06-17 01:00:00,0.0,BTCUSDT
2026-06-17 02:00:00,0.0,BTCUSDT
2026-06-17 03:00:00,0.0,BTCUSDT
2026-06-17 04:00:00,0.0,BTCUSDT
2026-06-17 05:00:00,0.0,BTCUSDT
2026-06-17 06:00:00,0.0,BTCUSDT
2026-06-17 07:00:00,0.0,BTCUSDT
2026-06-17 08:00:00,0.00029334099627932017,BTCUSDT
2026-06-17 09:00:00,0.0,BTCUSDT
2026-06-17 10:00:00,0.0,BTCUSDT
2026-06-17 11:00:00,0.0,BTCUSDT
2026-06-17 12:00:00,0.0,BTCUSDT
2026-06-17 13:00:00,0.0,BTCUSDT
2026-06-17 14:00:00,0.0,BTCUSDT
2026-06-17 15:00:00,0.0,BTCUSDT
2026-06-17 16:00:00,-8.974030693263337e-05,BTCUSDT
2026-06-17 17:00:00,0.0,BTCUSDT
2026-06-17 18:00:00,0.0,BTCUSDT
2026-06-17 19:00:00,0.0,BTCUSDT
2026-06-17 20:00:00,0.0,BTCUSDT
2026-06-17 21:00:00,0.0,BTCUSDT
2026-06-17 22:00:00,0.0,BTCUSDT
2026-06-17 23:00:00,0.0,BTCUSDT
2026-06-18 00:00:00,-0.00022213885898344907,BTCUSDT
2026-06-18 01:00:00,0.0,BTCUSDT
2026-06-18 02:00:00,0.0,BTCUSDT
2026-06-18 03:00:00,0.0,BTCUSDT
2026-06-18 04:00:00,0.0,BTCUSDT
2026-06-18 05:00:00,0.0,BTCUSDT
2026-06-18 06:00:00,0.0,BTCUSDT
2026-06-18 07:00:00,0.0,BTCUSDT
2026-06-18 08:00:00,0.00012246641367744097,BTCUSDT
2026-06-18 09:00:00,0.0,BTCUSDT
2026-06-18 10:00:00,0.0,BTCUSDT
2026-06-18 11:00:00,0.0,BTCUSDT
2026-06-18 12:00:00,0.0,BTCUSDT
2026-06-18 13:00:00,0.0,BTCUSDT
2026-06-18 14:00:00,0.0,BTCUSDT
2026-06-18 15:00:00,0.0,BTCUSDT
2026-06-18 16:00:00,-7.253327157770639e-05,BTCUSDT
2026-06-18 17:00:00,0.0,BTCUSDT
2026-06-18 18:00:00,0.0,BTCUSDT
2026-06-18 19:00:00,0.0,BTCUSDT
2026-06-18 20:00:00,0.0,BTCUSDT
2026-06-18 21:00:00,0.0,BTCUSDT
2026-06-18 22:00:00,0.0,BTCUSDT
2026-06-18 23:00:00,0.0,BTCUSDT
2026-06-19 00:00:00,0.00018094950106310072,BTCUSDT
2026-06-19 01:00:00,0.0,BTCUSDT
2026-06-19 02:00:00,0.0,BTCUSDT
2026-06-19 03:00:00,0.0,BTCUSDT
2026-06-19 04:00:00,0.0,BTCUSDT
2026-06-19 05:00:00,0.0,BTCUSDT
2026-06-19 06:00:00,0.0,BTCUSDT
2026-06-19 07:00:00,0.0,BTCUSDT
2026-06-19 08:00:00,0.0001343307539937793,BTCUSDT
2026-06-19 09:00:00,0.0,BTCUSDT
2026-06-19 10:00:00,0.0,BTCUSDT
2026-06-19 11:00:00,0.0,BTCUSDT
2026-06-19 12:00:00,0.0,BTCUSDT
2026-06-19 13:00:00,0.0,BTCUSDT
2026-06-19 14:00:00,0.0,BTCUSDT
2026-06-19 15:00:00,0.0,BTCUSDT
2026-06-19 16:00:00,0.00019691543855884571,BTCUSDT
2026-06-19 17:00:00,0.0,BTCUSDT
2026-06-19 18:00:00,0.0,BTCUSDT
2026-06-19 19:00:00,0.0,BTCUSDT
2026-06-19 20:00:00,0.0,BTCUSDT
2026-06-19 21:00:00,0.0,BTCUSDT
2026-06-19 22:00:00,0.0,BTCUSDT
2026-06-19 23:00:00,0.0,BTCUSDT
2026-06-20 00:00:00,-2.5033157657807872e-05,BTCUSDT
2026-06-20 01:00:00,0.0,BTCUSDT
2026-06-20 02:00:00,0.0,BTCUSDT
2026-06-20 03:00:00,0.0,BTCUSDT
2026-06-20 04:00:00,0.0,BTCUSDT
2026-06-20 05:00:00,0.0,BTCUSDT
2026-06-20 06:00:00,0.0,BTCUSDT
2026-06-20 07:00:00,0.0,BTCUSDT
2026-06-20 08:00:00,-0.00011824071568304497,BTCUSDT
2026-06-20 09:00:00,0.0,BTCUSDT
2026-06-20 10:00:00,0.0,BTCUSDT
2026-06-20 11:00:00,0.0,BTCUSDT
2026-06-20 12:00:00,0.0,BTCUSDT
2026-06-20 13:00:00,0.0,BTCUSDT
2026-06-20 14:00:00,0.0,BTCUSDT
2026-06-20 15:00:00,0.0,BTCUSDT
2026-06-20 16:00:00,0.00032633570740024355,BTCUSDT
2026-06-20 17:00:00,0.0,BTCUSDT
2026-06-20 18:00:00,0.0,BTCUSDT
2026-06-20 19:00:00,0.0,BTCUSDT
2026-06-20 20:00:00,0.0,BTCUSDT
2026-06-20 21:00:00,0.0,BTCUSDT
2026-06-20 22:00:00,0.0,BTCUSDT
2026-06-20 23:00:00,0.0,BTCUSDT
2026-06-21 00:00:00,0.0003085493265682686,BTCUSDT
2026-06-21 01:00:00,0.0,BTCUSDT
2026-06-21 02:00:00,0.0,BTCUSDT
2026-06-21 03:00:00,0.0,BTCUSDT
2026-06-21 04:00:00,0.0,BTCUSDT
2026-06-21 05:00:00,0.0,BTCUSDT
2026-06-21 06:00:00,0.0,BTCUSDT
2026-06-21 07:00:00,0.0,BTCUSDT
2026-06-21 08:00:00,3.631928518918141e-05,BTCUSDT
2026-06-21 09:00:00,0.0,BTCUSDT
2026-06-21 10:00:00,0.0,BTCUSDT
2026-06-21 11:00:00,0.0,BTCUSDT
2026-06-21 12:00:00,0.0,BTCUSDT
2026-06-21 13:00:00,0.0,BTCUSDT
2026-06-21 14:00:00,0.0,BTCUSDT
2026-06-21 15:00:00,0.0,BTCUSDT
2026-06-21 16:00:00,-0.00020146271629637238,BTCUSDT
2026-06-21 17:00:00,0.0,BTCUSDT
2026-06-21 18:00:00,0.0,BTCUSDT
2026-06-21 19:00:00,0.0,BTCUSDT
2026-06-21 20:00:00,0.0,BTCUSDT
2026-06-21 21:00:00,0.0,BTCUSDT
2026-06-21 22:00:00,0.0,BTCUSDT
2026-06-21 23:00:00,0.0,BTCUSDT
2026-06-22 00:00:00,6.267735565427908e-05,BTCUSDT
2026-06-22 01:00:00,0.0,BTCUSDT
2026-06-22 02:00:00,0.0,BTCUSDT
2026-06-22 03:00:00,0.0,BTCUSDT
2026-06-22 04:00:00,0.0,BTCUSDT
2026-06-22 05:00:00,0.0,BTCUSDT
2026-06-22 06:00:00,0.0,BTCUSDT
2026-06-22 07:00:00,0.0,BTCUSDT
2026-06-22 08:00:00,-0.00028195953393178537,BTCUSDT
2026-06-22 09:00:00,0.0,BTCUSDT
2026-06-22 10:00:00,0.0,BTCUSDT
2026-06-22 11:00:00,0.0,BTCUSDT
2026-06-22 12:00:00,0.0,BTCUSDT
2026-06-22 13:00:00,0.0,BTCUSDT
2026-06-22 14:00:00,0.0,BTCUSDT
2026-06-22 15:00:00,0.0,BTCUSDT
2026-06-22 16:00:00,-3.866598092037631e-05,BTCUSDT
2026-06-22 17:00:00,0.0,BTCUSDT
2026-06-22 18:00:00,0.0,BTCUSDT
2026-06-22 19:00:00,0.0,BTCUSDT
2026-06-22 20:00:00,0.0,BTCUSDT
2026-06-22 21:00:00,0.0,BTCUSDT
2026-06-22 22:00:00,0.0,BTCUSDT
2026-06-22 23:00:00,0.0,BTCUSDT
2026-06-23 00:00:00,0.0004512986563350638,BTCUSDT
2026-06-23 01:00:00,0.0,BTCUSDT
2026-06-23 02:00:00,0.0,BTCUSDT
2026-06-23 03:00:00,0.0,BTCUSDT
2026-06-23 04:00:00,0.0,BTCUSDT
2026-06-23 05:00:00,0.0,BTCUSDT
2026-06-23 06:00:00,0.0,BTCUSDT
2026-06-23 07:00:00,0.0,BTCUSDT
2026-06-23 08:00:00,0.0004629851820173025,BTCUSDT
2026-06-23 09:00:00,0.0,BTCUSDT
2026-06-23 10:00:00,0.0,BTCUSDT
2026-06-23 11:00:00,0.0,BTCUSDT
2026-06-23 12:00:00,0.0,BTCUSDT
2026-06-23 13:00:00,0.0,BTCUSDT
2026-06-23 14:00:00,0.0,BTCUSDT
2026-06-23 15:00:00,0.0,BTCUSDT
2026-06-23 16:00:00,0.00029995591590350454,BTCUSDT
2026-06-23 17:00:00,0.0,BTCUSDT
2026-06-23 18:00:00,0.0,BTCUSDT
2026-06-23 19:00:00,0.0,BTCUSDT
2026-06-23 20:00:00,0.0,BTCUSDT
2026-06-23 21:00:00,0.0,BTCUSDT
2026-06-23 22:00:00,0.0,BTCUSDT
2026-06-23 23:00:00,0.0,BTCUSDT
2026-06-24 00:00:00,2.3861862179517824e-05,BTCUSDT
2026-06-24 01:00:00,0.0,BTCUSDT
2026-06-24 02:00:00,0.0,BTCUSDT
2026-06-24 03:00:00,0.0,BTCUSDT
2026-06-24 04:00:00,0.0,BTCUSDT
2026-06-24 05:00:00,0.0,BTCUSDT
2026-06-24 06:00:00,0.0,BTCUSDT
2026-06-24 07:00:00,0.0,BTCUSDT
2026-06-24 08:00:00,0.00029717035580030114,BTCUSDT
2026-06-24 09:00:00,0.0,BTCUSDT
2026-06-24 10:00:00,0.0,BTCUSDT
2026-06-24 11:00:00,0.0,BTCUSDT
2026-06-24 12:00:00,0.0,BTCUSDT
2026-06-24 13:00:00,0.0,BTCUSDT
2026-06-24 14:00:00,0.0,BTCUSDT
2026-06-24 15:00:00,0.0,BTCUSDT
2026-06-24 16:00:00,0.0004667649457999949,BTCUSDT
2026-06-24 17:00:00,0.0,BTCUSDT
2026-06-24 18:00:00,0.0,BTCUSDT
2026-06-24 19:00:00,0.0,BTCUSDT
2026-06-24 20:00:00,0.0,BTCUSDT
2026-06-24 21:00:00,0.0,BTCUSDT
2026-06-24 22:00:00,0.0,BTCUSDT
2026-06-24 23:00:00,0.0,BTCUSDT
2026-06-25 00:00:00,-9.753166591968834e-05,BTCUSDT
2026-06-25 01:00:00,0.0,BTCUSDT
2026-06-25 02:00:00,0.0,BTCUSDT
2026-06-25 03:00:00,0.0,BTCUSDT
2026-06-25 04:00:00,0.0,BTCUSDT
2026-06-25 05:00:00,0.0,BTCUSDT
2026-06-25 06:00:00,0.0,BTCUSDT
2026-06-25 07:00:00,0.0,BTCUSDT
2026-06-25 08:00:00,-0.00026309638266386245,BTCUSDT
2026-06-25 09:00:00,0.0,BTCUSDT
2026-06-25 10:00:00,0.0,BTCUSDT
2026-06-25 11:00:00,0.0,BTCUSDT
2026-06-25 12:00:00,0.0,BTCUSDT
2026-06-25 13:00:00,0.0,BTCUSDT
2026-06-25 14:00:00,0.0,BTCUSDT
2026-06-25 15:00:00,0.0,BTCUSDT
2026-06-25 16:00:00,0.00013908598320530374,BTCUSDT
2026-06-25 17:00:00,0.0,BTCUSDT
2026-06-25 18:00:00,0.0,BTCUSDT
2026-06-25 19:00:00,0.0,BTCUSDT
2026-06-25 20:00:00,0.0,BTCUSDT
2026-06-25 21:00:00,0.0,BTCUSDT
2026-06-25 22:00:00,0.0,BTCUSDT
2026-06-25 23:00:00,0.0,BTCUSDT
2026-06-26 00:00:00,-9.434920828753544e-06,BTCUSDT
2026-06-26 01:00:00,0.0,BTCUSDT
2026-06-26 02:00:00,0.0,BTCUSDT
2026-06-26 03:00:00,0.0,BTCUSDT
2026-06-26 04:00:00,0.0,BTCUSDT
2026-06-26 05:00:00,0.0,BTCUSDT
2026-06-26 06:00:00,0.0,BTCUSDT
2026-06-26 07:00:00,0.0,BTCUSDT
2026-06-26 08:00:00,-0.00013620100168618902,BTCUSDT
2026-06-26 09:00:00,0.0,BTCUSDT
2026-06-26 10:00:00,0.0,BTCUSDT
2026-06-26 11:00:00,0.0,BTCUSDT
2026-06-26 12:00:00,0.0,BTCUSDT
2026-06-26 13:00:00,0.0,BTCUSDT
2026-06-26 14:00:00,0.0,BTCUSDT
2026-06-26 15:00:00,0.0,BTCUSDT
2026-06-26 16:00:00,0.00023689860493937922,BTCUSDT
2026-06-26 17:00:00,0.0,BTCUSDT
2026-06-26 18:00:00,0.0,BTCUSDT
2026-06-26 19:00:00,0.0,BTCUSDT
2026-06-26 20:00:00,0.0,BTCUSDT
2026-06-26 21:00:00,0.0,BTCUSDT
2026-06-26 22:00:00,0.0,BTCUSDT
2026-06-26 23:00:00,0.0,BTCUSDT
2026-06-27 00:00:00,3.8869980982183895e-05,BTCUSDT
2026-06-27 01:00:00,0.0,BTCUSDT
2026-06-27 02:00:00,0.0,BTCUSDT
2026-06-27 03:00:00,0.0,BTCUSDT
2026-06-27 04:00:00,0.0,BTCUSDT
2026-06-27 05:00:00,0.0,BTCUSDT
2026-06-27 06:00:00,0.0,BTCUSDT
2026-06-27 07:00:00,0.0,BTCUSDT
2026-06-27 08:00:00,1.934311131478761e-06,BTCUSDT
2026-06-27 09:00:00,0.0,BTCUSDT
2026-06-27 10:00:00,0.0,BTCUSDT
2026-06-27 11:00:00,0.0,BTCUSDT
2026-06-27 12:00:00,0.0,BTCUSDT
2026-06-27 13:00:00,0.0,BTCUSDT
2026-06-27 14:00:00,0.0,BTCUSDT
2026-06-27 15:00:00,0.0,BTCUSDT
2026-06-27 16:00:00,-0.00024473707571180236,BTCUSDT
2026-06-27 17:00:00,0.0,BTCUSDT
2026-06-27 18:00:00,0.0,BTCUSDT
2026-06-27 19:00:00,0.0,BTCUSDT
2026-06-27 20:00:00,0.0,BTCUSDT
2026-06-27 21:00:00,0.0,BTCUSDT
2026-06-27 22:00:00,0.0,BTCUSDT
2026-06-27 23:00:00,0.0,BTCUSDT
2026-06-28 00:00:00,1.5071334216817868e-05,BTCUSDT
2026-06-28 01:00:00,0.0,BTCUSDT
2026-06-28 02:00:00,0.0,BTCUSDT
2026-06-28 03:00:00,0.0,BTCUSDT
2026-06-28 04:00:00,0.0,BTCUSDT
2026-06-28 05:00:00,0.0,BTCUSDT
2026-06-28 06:00:00,0.0,BTCUSDT
2026-06-28 07:00:00,0.0,BTCUSDT
2026-06-28 08:00:00,0.00035988624301409096,BTCUSDT
2026-06-28 09:00:00,0.0,BTCUSDT
2026-06-28 10:00:00,0.0,BTCUSDT
2026-06-28 11:00:00,0.0,BTCUSDT
2026-06-28 12:00:00,0.0,BTCUSDT
2026-06-28 13:00:00,0.0,BTCUSDT
2026-06-28 14:00:00,0.0,BTCUSDT
2026-06-28 15:00:00,0.0,BTCUSDT
2026-06-28 16:00:00,-0.00021878250533680148,BTCUSDT
2026-06-28 17:00:00,0.0,BTCUSDT
2026-06-28 18:00:00,0.0,BTCUSDT
2026-06-28 19:00:00,0.0,BTCUSDT
2026-06-28 20:00:00,0.0,BTCUSDT
2026-06-28 21:00:00,0.0,BTCUSDT
2026-06-28 22:00:00,0.0,BTCUSDT
2026-06-28 23:00:00,0.0,BTCUSDT
2026-06-29 00:00:00,0.00020484051460943555,BTCUSDT
2026-06-29 01:00:00,0.0,BTCUSDT
2026-06-29 02:00:00,0.0,BTCUSDT
2026-06-29 03:00:00,0.0,BTCUSDT
2026-06-29 04:00:00,0.0,BTCUSDT
2026-06-29 05:00:00,0.0,BTCUSDT
2026-06-29 06:00:00,0.0,BTCUSDT
2026-06-29 07:00:00,0.0,BTCUSDT
2026-06-29 08:00:00,0.00014755947262781187,BTCUSDT
2026-06-29 09:00:00,0.0,BTCUSDT
2026-06-29 10:00:00,0.0,BTCUSDT
2026-06-29 11:00:00,0.0,BTCUSDT
2026-06-29 12:00:00,0.0,BTCUSDT
2026-06-29 13:00:00,0.0,BTCUSDT
2026-06-29 14:00:00,0.0,BTCUSDT
2026-06-29 15:00:00,0.0,BTCUSDT
2026-06-29 16:00:00,-0.00012161066536588848,BTCUSDT
2026-06-29 17:00:00,0.0,BTCUSDT
2026-06-29 18:00:00,0.0,BTCUSDT
2026-06-29 19:00:00,0.0,BTCUSDT
2026-06-29 20:00:00,0.0,BTCUSDT
2026-06-29 21:00:00,0.0,BTCUSDT
2026-06-29 22:00:00,0.0,BTCUSDT
2026-06-29 23:00:00,0.0,BTCUSDT
2026-06-30 00:00:00,0.00015556856189436957,BTCUSDT
2026-06-30 01:00:00,0.0,BTCUSDT
2026-06-30 02:00:00,0.0,BTCUSDT
2026-06-30 03:00:00,0.0,BTCUSDT
2026-06-30 04:00:00,0.0,BTCUSDT
2026-06-30 05:00:00,0.0,BTCUSDT
2026-06-30 06:00:00,0.0,BTCUSDT
2026-06-30 07:00:00,0.0,BTCUSDT
2026-06-30 08:00:00,-7.014479810931911e-05,BTCUSDT
2026-06-30 09:00:00,0.0,BTCUSDT
2026-06-30 10:00:00,0.0,BTCUSDT
2026-06-30 11:00:00,0.0,BTCUSDT
2026-06-30 12:00:00,0.0,BTCUSDT
2026-06-30 13:00:00,0.0,BTCUSDT
2026-06-30 14:00:00,0.0,BTCUSDT
2026-06-30 15:00:00,0.0,BTCUSDT
2026-06-30 16:00:00,9.584256322181976e-05,BTCUSDT
2026-06-30 17:00:00,0.0,BTCUSDT
2026-06-30 18:00:00,0.0,BTCUSDT
2026-06-30 19:00:00,0.0,BTCUSDT
2026-06-30 20:00:00,0.0,BTCUSDT
2026-06-30 21:00:00,0.0,BTCUSDT
2026-06-30 22:00:00,0.0,BTCUSDT
2026-06-30 23:00:00,0.0,BTCUSDT
2026-07-01 00:00:00,0.00020340552896495155,BTCUSDT
2026-07-01 01:00:00,0.0,BTCUSDT
2026-07-01 02:00:00,0.0,BTCUSDT
2026-07-01 03:00:00,0.0,BTCUSDT
2026-07-01 04:00:00,0.0,BTCUSDT
2026-07-01 05:00:00,0.0,BTCUSDT
2026-07-01 06:00:00,0.0,BTCUSDT
2026-07-01 07:00:00,0.0,BTCUSDT
2026-07-01 08:00:00,-8.817070591643623e-05,BTCUSDT
2026-07-01 09:00:00,0.0,BTCUSDT
2026-07-01 10:00:00,0.0,BTCUSDT
2026-07-01 11:00:00,0.0,BTCUSDT
2026-07-01 12:00:00,0.0,BTCUSDT
2026-07-01 13:00:00,0.0,BTCUSDT
2026-07-01 14:00:00,0.0,BTCUSDT
2026-07-01 15:00:00,0.0,BTCUSDT
2026-07-01 16:00:00,5.5495583948387674e-05,BTCUSDT
2026-07-01 17:00:00,0.0,BTCUSDT
2026-07-01 18:00:00,0.0,BTCUSDT
2026-07-01 19:00:00,0.0,BTCUSDT
2026-07-01 20:00:00,0.0,BTCUSDT
2026-07-01 21:00:00,0.0,BTCUSDT
2026-07-01 22:00:00,0.0,BTCUSDT
2026-07-01 23:00:00,0.0,BTCUSDT
2026-07-02 00:00:00,0.00033574481731712437,BTCUSDT
2026-07-02 01:00:00,0.0,BTCUSDT
2026-07-02 02:00:00,0.0,BTCUSDT
2026-07-02 03:00:00,0.0,BTCUSDT
2026-07-02 04:00:00,0.0,BTCUSDT
2026-07-02 05:00:00,0.0,BTCUSDT
2026-07-02 06:00:00,0.0,BTCUSDT
2026-07-02 07:00:00,0.0,BTCUSDT
2026-07-02 08:00:00,0.00017779170720805796,BTCUSDT
2026-07-02 09:00:00,0.0,BTCUSDT
2026-07-02 10:00:00,0.0,BTCUSDT
2026-07-02 11:00:00,0.0,BTCUSDT
2026-07-02 12:00:00,0.0,BTCUSDT
2026-07-02 13:00:00,0.0,BTCUSDT
2026-07-02 14:00:00,0.0,BTCUSDT
2026-07-02 15:00:00,0.0,BTCUSDT
2026-07-02 16:00:00,0.00030427953676807966,BTCUSDT
2026-07-02 17:00:00,0.0,BTCUSDT
2026-07-02 18:00:00,0.0,BTCUSDT
2026-07-02 19:00:00,0.0,BTCUSDT
2026-07-02 20:00:00,0.0,BTCUSDT
2026-07-02 21:00:00,0.0,BTCUSDT
2026-07-02 22:00:00,0.0,BTCUSDT
2026-07-02 23:00:00,0.0,BTCUSDT
2026-07-03 00:00:00,-9.912848144883202e-05,BTCUSDT
2026-07-03 01:00:00,0.0,BTCUSDT
2026-07-03 02:00:00,0.0,BTCUSDT
2026-07-03 03:00:00,0.0,BTCUSDT
2026-07-03 04:00:00,0.0,BTCUSDT
2026-07-03 05:00:00,0.0,BTCUSDT
2026-07-03 06:00:00,0.0,BTCUSDT
2026-07-03 07:00:00,0.0,BTCUSDT
2026-07-03 08:00:00,-6.411705917078892e-05,BTCUSDT
2026-07-03 09:00:00,0.0,BTCUSDT
2026-07-03 10:00:00,0.0,BTCUSDT
2026-07-03 11:00:00,0.0,BTCUSDT
2026-07-03 12:00:00,0.0,BTCUSDT
2026-07-03 13:00:00,0.0,BTCUSDT
2026-07-03 14:00:00,0.0,BTCUSDT
2026-07-03 15:00:00,0.0,BTCUSDT
2026-07-03 16:00:00,0.00010016426735589202,BTCUSDT
2026-07-03 17:00:00,0.0,BTCUSDT
2026-07-03 18:00:00,0.0,BTCUSDT
2026-07-03 19:00:00,0.0,BTCUSDT
2026-07-03 20:00:00,0.0,BTCUSDT
2026-07-03 21:00:00,0.0,BTCUSDT
2026-07-03 22:00:00,0.0,BTCUSDT
2026-07-03 23:00:00,0.0,BTCUSDT
2026-07-04 00:00:00,6.49550066738909e-05,BTCUSDT
2026-07-04 01:00:00,0.0,BTCUSDT
2026-07-04 02:00:00,0.0,BTCUSDT
2026-07-04 03:00:00,0.0,BTCUSDT
2026-07-04 04:00:00,0.0,BTCUSDT
2026-07-04 05:00:00,0.0,BTCUSDT
2026-07-04 06:00:00,0.0,BTCUSDT
2026-07-04 07:00:00,0.0,BTCUSDT
2026-07-04 08:00:00,-1.587149866903987e-05,BTCUSDT
2026-07-04 09:00:00,0.0,BTCUSDT
2026-07-04 10:00:00,0.0,BTCUSDT
2026-07-04 11:00:00,0.0,BTCUSDT
2026-07-04 12:00:00,0.0,BTCUSDT
2026-07-04 13:00:00,0.0,BTCUSDT
2026-07-04 14:00:00,0.0,BTCUSDT
2026-07-04 15:00:00,0.0,BTCUSDT
2026-07-04 16:00:00,2.7697354578626527e-05,BTCUSDT
2026-07-04 17:00:00,0.0,BTCUSDT
2026-07-04 18:00:00,0.0,BTCUSDT
2026-07-04 19:00:00,0.0,BTCUSDT
2026-07-04 20:00:00,0.0,BTCUSDT
2026-07-04 21:00:00,0.0,BTCUSDT
2026-07-04 22:00:00,0.0,BTCUSDT
2026-07-04 23:00:00,0.0,BTCUSDT
2026-07-05 00:00:00,0.00047931658449726144,BTCUSDT
2026-07-05 01:00:00,0.0,BTCUSDT
2026-07-05 02:00:00,0.0,BTCUSDT
2026-07-05 03:00:00,0.0,BTCUSDT
2026-07-05 04:00:00,0.0,BTCUSDT
2026-07-05 05:00:00,0.0,BTCUSDT
2026-07-05 06:00:00,0.0,BTCUSDT
2026-07-05 07:00:00,0.0,BTCUSDT
2026-07-05 08:00:00,0.00022524885321266355,BTCUSDT
2026-07-05 09:00:00,0.0,BTCUSDT
2026-07-05 10:00:00,0.0,BTCUSDT
2026-07-05 11:00:00,0.0,BTCUSDT
2026-07-05 12:00:00,0.0,BTCUSDT
2026-07-05 13:00:00,0.0,BTCUSDT
2026-07-05 14:00:00,0.0,BTCUSDT
2026-07-05 15:00:00,0.0,BTCUSDT
2026-07-05 16:00:00,-0.00017152648898978142,BTCUSDT
2026-07-05 17:00:00,0.0,BTCUSDT
2026-07-05 18:00:00,0.0,BTCUSDT
2026-07-05 19:00:00,0.0,BTCUSDT
2026-07-05 20:00:00,0.0,BTCUSDT
2026-07-05 21:00:00,0.0,BTCUSDT
2026-07-05 22:00:00,0.0,BTCUSDT
2026-07-05 23:00:00,0.0,BTCUSDT
2026-07-06 00:00:00,0.00017385310693123797,BTCUSDT
2026-07-06 01:00:00,0.0,BTCUSDT
2026-07-06 02:00:00,0.0,BTCUSDT
2026-07-06 03:00:00,0.0,BTCUSDT
2026-07-06 04:00:00,0.0,BTCUSDT
2026-07-06 05:00:00,0.0,BTCUSDT
2026-07-06 06:00:00,0.0,BTCUSDT
2026-07-06 07:00:00,0.0,BTCUSDT
2026-07-06 08:00:00,0.00015891852418867445,BTCUSDT
2026-07-06 09:00:00,0.0,BTCUSDT
2026-07-06 10:00:00,0.0,BTCUSDT
2026-07-06 11:00:00,0.0,BTCUSDT
2026-07-06 12:00:00,0.0,BTCUSDT
2026-07-06 13:00:00,0.0,BTCUSDT
2026-07-06 14:00:00,0.0,BTCUSDT
2026-07-06 15:00:00,0.0,BTCUSDT
2026-07-06 16:00:00,-0.0001752442440808653,BTCUSDT
2026-07-06 17:00:00,0.0,BTCUSDT
2026-07-06 18:00:00,0.0,BTCUSDT
2026-07-06 19:00:00,0.0,BTCUSDT
2026-07-06 20:00:00,0.0,BTCUSDT
2026-07-06 21:00:00,0.0,BTCUSDT
2026-07-06 22:00:00,0.0,BTCUSDT
2026-07-06 23:00:00,0.0,BTCUSDT
2026-07-07 00:00:00,0.00018025648323544103,BTCUSDT
2026-07-07 01:00:00,0.0,BTCUSDT
2026-07-07 02:00:00,0.0,BTCUSDT
2026-07-07 03:00:00,0.0,BTCUSDT
2026-07-07 04:00:00,0.0,BTCUSDT
2026-07-07 05:00:00,0.0,BTCUSDT
2026-07-07 06:00:00,0.0,BTCUSDT
2026-07-07 07:00:00,0.0,BTCUSDT
2026-07-07 08:00:00,5.714253852733353e-05,BTCUSDT
2026-07-07 09:00:00,0.0,BTCUSDT
2026-07-07 10:00:00,0.0,BTCUSDT
2026-07-07 11:00:00,0.0,BTCUSDT
2026-07-07 12:00:00,0.0,BTCUSDT
2026-07-07 13:00:00,0.0,BTCUSDT
2026-07-07 14:00:00,0.0,BTCUSDT
2026-07-07 15:00:00,0.0,BTCUSDT
2026-07-07 16:00:00,0.0001351507303376171,BTCUSDT
2026-07-07 17:00:00,0.0,BTCUSDT
2026-07-07 18:00:00,0.0,BTCUSDT
2026-07-07 19:00:00,0.0,BTCUSDT
2026-07-07 20:00:00,0.0,BTCUSDT
2026-07-07 21:00:00,0.0,BTCUSDT
2026-07-07 22:00:00,0.0,BTCUSDT
2026-07-07 23:00:00,0.0,BTCUSDT
2026-07-08 00:00:00,-4.317271875142346e-08,BTCUSDT
2026-07-08 01:00:00,0.0,BTCUSDT
2026-07-08 02:00:00,0.0,BTCUSDT
2026-07-08 03:00:00,0.0,BTCUSDT
2026-07-08 04:00:00,0.0,BTCUSDT
2026-07-08 05:00:00,0.0,BTCUSDT
2026-07-08 06:00:00,0.0,BTCUSDT
2026-07-08 07:00:00,0.0,BTCUSDT
2026-07-08 08:00:00,0.0003619514331748072,BTCUSDT
2026-07-08 09:00:00,0.0,BTCUSDT
2026-07-08 10:00:00,0.0,BTCUSDT
2026-07-08 11:00:00,0.0,BTCUSDT
2026-07-08 12:00:00,0.0,BTCUSDT
2026-07-08 13:00:00,0.0,BTCUSDT
2026-07-08 14:00:00,0.0,BTCUSDT
2026-07-08 15:00:00,0.0,BTCUSDT
2026-07-08 16:00:00,0.0003868850632889603,BTCUSDT
2026-07-08 17:00:00,0.0,BTCUSDT
2026-07-08 18:00:00,0.0,BTCUSDT
2026-07-08 19:00:00,0.0,BTCUSDT
2026-07-08 20:00:00,0.0,BTCUSDT
2026-07-08 21:00:00,0.0,BTCUSDT
2026-07-08 22:00:00,0.0,BTCUSDT
2026-07-08 23:00:00,0.0,BTCUSDT
2026-07-09 00:00:00,5.136381038457975e-05,BTCUSDT
2026-07-09 01:00:00,0.0,BTCUSDT
2026-07-09 02:00:00,0.0,BTCUSDT
2026-07-09 03:00:00,0.0,BTCUSDT
2026-07-09 04:00:00,0.0,BTCUSDT
2026-07-09 05:00:00,0.0,BTCUSDT
2026-07-09 06:00:00,0.0,BTCUSDT
2026-07-09 07:00:00,0.0,BTCUSDT
2026-07-09 08:00:00,0.00023692499926237826,BTCUSDT
2026-07-09 09:00:00,0.0,BTCUSDT
2026-07-09 10:00:00,0.0,BTCUSDT
2026-07-09 11:00:00,0.0,BTCUSDT
2026-07-09 12:00:00,0.0,BTCUSDT
2026-07-09 13:00:00,0.0,BTCUSDT
2026-07-09 14:00:00,0.0,BTCUSDT
2026-07-09 15:00:00,0.0,BTCUSDT
2026-07-09 16:00:00,0.00023668344624777827,BTCUSDT
2026-07-09 17:00:00,0.0,BTCUSDT
2026-07-09 18:00:00,0.0,BTCUSDT
2026-07-09 19:00:00,0.0,BTCUSDT
2026-07-09 20:00:00,0.0,BTCUSDT
2026-07-09 21:00:00,0.0,BTCUSDT
2026-07-09 22:00:00,0.0,BTCUSDT
2026-07-09 23:00:00,0.0,BTCUSDT
2026-07-10 00:00:00,6.892540235640027e-05,BTCUSDT
2026-07-10 01:00:00,0.0,BTCUSDT
2026-07-10 02:00:00,0.0,BTCUSDT
2026-07-10 03:00:00,0.0,BTCUSDT
2026-07-10 04:00:00,0.0,BTCUSDT
2026-07-10 05:00:00,0.0,BTCUSDT
2026-07-10 06:00:00,0.0,BTCUSDT
2026-07-10 07:00:00,0.0,BTCUSDT
2026-07-10 08:00:00,0.00015513271634704613,BTCUSDT
2026-07-10 09:00:00,0.0,BTCUSDT
2026-07-10 10:00:00,0.0,BTCUSDT
2026-07-10 11:00:00,0.0,BTCUSDT
2026-07-10 12:00:00,0.0,BTCUSDT
2026-07-10 13:00:00,0.0,BTCUSDT
2026-07-10 14:00:00,0.0,BTCUSDT
2026-07-10 15:00:00,0.0,BTCUSDT
2026-07-10 16:00:00,0.00041373638376827155,BTCUSDT
2026-07-10 17:00:00,0.0,BTCUSDT
2026-07-10 18:00:00,0.0,BTCUSDT
2026-07-10 19:00:00,0.0,BTCUSDT
2026-07-10 20:00:00,0.0,BTCUSDT
2026-07-10 21:00:00,0.0,BTCUSDT
2026-07-10 22:00:00,0.0,BTCUSDT
2026-07-10 23:00:00,0.0,BTCUSDT
2026-07-11 00:00:00,5.9242486116649775e-05,BTCUSDT
2026-07-11 01:00:00,0.0,BTCUSDT
2026-07-11 02:00:00,0.0,BTCUSDT
2026-07-11 03:00:00,0.0,BTCUSDT
2026-07-11 04:00:00,0.0,BTCUSDT
2026-07-11 05:00:00,0.0,BTCUSDT
2026-07-11 06:00:00,0.0,BTCUSDT
2026-07-11 07:00:00,0.0,BTCUSDT
2026-07-11 08:00:00,0.00019531682939667863,BTCUSDT
2026-07-11 09:00:00,0.0,BTCUSDT
2026-07-11 10:00:00,0.0,BTCUSDT
2026-07-11 11:00:00,0.0,BTCUSDT
2026-07-11 12:00:00,0.0,BTCUSDT
2026-07-11 13:00:00,0.0,BTCUSDT
2026-07-11 14:00:00,0.0,BTCUSDT
2026-07-11 15:00:00,0.0,BTCUSDT
2026-07-11 16:00:00,0.00012202151715126578,BTCUSDT
2026-07-11 17:00:00,0.0,BTCUSDT
2026-07-11 18:00:00,0.0,BTCUSDT
2026-07-11 19:00:00,0.0,BTCUSDT
2026-07-11 20:00:00,0.0,BTCUSDT
2026-07-11 21:00:00,0.0,BTCUSDT
2026-07-11 22:00:00,0.0,BTCUSDT
2026-07-11 23:00:00,0.0,BTCUSDT
2026-07-12 00:00:00,1.0301913826713744e-05,BTCUSDT
2026-07-12 01:00:00,0.0,BTCUSDT
2026-07-12 02:00:00,0.0,BTCUSDT
2026-07-12 03:00:00,0.0,BTCUSDT
2026-07-12 04:00:00,0.0,BTCUSDT
2026-07-12 05:00:00,0.0,BTCUSDT
2026-07-12 06:00:00,0.0,BTCUSDT
2026-07-12 07:00:00,0.0,BTCUSDT
2026-07-12 08:00:00,0.00032648462199777906,BTCUSDT
2026-07-12 09:00:00,0.0,BTCUSDT
2026-07-12 10:00:00,0.0,BTCUSDT
2026-07-12 11:00:00,0.0,BTCUSDT
2026-07-12 12:00:00,0.0,BTCUSDT
2026-07-12 13:00:00,0.0,BTCUSDT
2026-07-12 14:00:00,0.0,BTCUSDT
2026-07-12 15:00:00,0.0,BTCUSDT
2026-07-12 16:00:00,0.00010559990903891259,BTCUSDT
2026-07-12 17:00:00,0.0,BTCUSDT
2026-07-12 18:00:00,0.0,BTCUSDT
2026-07-12 19:00:00,0.0,BTCUSDT
2026-07-12 20:00:00,0.0,BTCUSDT
2026-07-12 21:00:00,0.0,BTCUSDT
2026-07-12 22:00:00,0.0,BTCUSDT
2026-07-12 23:00:00,0.0,BTCUSDT
2026-07-13 00:00:00,-0.0001735870772182685,BTCUSDT
2026-07-13 01:00:00,0.0,BTCUSDT
2026-07-13 02:00:00,0.0,BTCUSDT
2026-07-13 03:00:00,0.0,BTCUSDT
2026-07-13 04:00:00,0.0,BTCUSDT
2026-07-13 05:00:00,0.0,BTCUSDT
2026-07-13 06:00:00,0.0,BTCUSDT
2026-07-13 07:00:00,0.0,BTCUSDT
2026-07-13 08:00:00,0.00013340359562339212,BTCUSDT
2026-07-13 09:00:00,0.0,BTCUSDT
2026-07-13 10:00:00,0.0,BTCUSDT
2026-07-13 11:00:00,0.0,BTCUSDT
2026-07-13 12:00:00,0.0,BTCUSDT
2026-07-13 13:00:00,0.0,BTCUSDT
2026-07-13 14:00:00,0.0,BTCUSDT
2026-07-13 15:00:00,0.0,BTCUSDT
2026-07-13 16:00:00,0.00016045410259090336,BTCUSDT
2026-07-13 17:00:00,0.0,BTCUSDT
2026-07-13 18:00:00,0.0,BTCUSDT
2026-07-13 19:00:00,0.0,BTCUSDT
2026-07-13 20:00:00,0.0,BTCUSDT
2026-07-13 21:00:00,0.0,BTCUSDT
2026-07-13 22:00:00,0.0,BTCUSDT
2026-07-13 23:00:00,0.0,BTCUSDT
2026-07-14 00:00:00,4.982316408352614e-05,BTCUSDT
2026-07-14 01:00:00,0.0,BTCUSDT
2026-07-14 02:00:00,0.0,BTCUSDT
2026-07-14 03:00:00,0.0,BTCUSDT
2026-07-14 04:00:00,0.0,BTCUSDT
2026-07-14 05:00:00,0.0,BTCUSDT
2026-07-14 06:00:00,0.0,BTCUSDT
2026-07-14 07:00:00,0.0,BTCUSDT
2026-07-14 08:00:00,6.849321384507509e-06,BTCUSDT
2026-07-14 09:00:00,0.0,BTCUSDT
2026-07-14 10:00:00,0.0,BTCUSDT
2026-07-14 11:00:00,0.0,BTCUSDT
2026-07-14 12:00:00,0.0,BTCUSDT
2026-07-14 13:00:00,0.0,BTCUSDT
2026-07-14 14:00:00,0.0,BTCUSDT
2026-07-14 15:00:00,0.0,BTCUSDT
2026-07-14 16:00:00,0.0006130308117199383,BTCUSDT
2026-07-14 17:00:00,0.0,BTCUSDT
2026-07-14 18:00:00,0.0,BTCUSDT
2026-07-14 19:00:00,0.0,BTCUSDT
2026-07-14 20:00:00,0.0,BTCUSDT
2026-07-14 21:00:00,0.0,BTCUSDT
2026-07-14 22:00:00,0.0,BTCUSDT
2026-07-14 23:00:00,0.0,BTCUSDT
2026-07-15 00:00:00,0.00032331285382275964,BTCUSDT
2026-07-15 01:00:00,0.0,BTCUSDT
2026-07-15 02:00:00,0.0,BTCUSDT
2026-07-15 03:00:00,0.0,BTCUSDT
2026-07-15 04:00:00,0.0,BTCUSDT
2026-07-15 05:00:00,0.0,BTCUSDT
2026-07-15 06:00:00,0.0,BTCUSDT
2026-07-15 07:00:00,0.0,BTCUSDT
2026-07-15 08:00:00,2.8599102109797033e-05,BTCUSDT
2026-07-15 09:00:00,0.0,BTCUSDT
2026-07-15 10:00:00,0.0,BTCUSDT
2026-07-15 11:00:00,0.0,BTCUSDT
2026-07-15 12:00:00,0.0,BTCUSDT
2026-07-15 13:00:00,0.0,BTCUSDT
2026-07-15 14:00:00,0.0,BTCUSDT
2026-07-15 15:00:00,0.0,BTCUSDT
2026-07-15 16:00:00,-2.828986369957322e-05,BTCUSDT
2026-07-15 17:00:00,0.0,BTCUSDT
2026-07-15 18:00:00,0.0,BTCUSDT
2026-07-15 19:00:00,0.0,BTCUSDT
2026-07-15 20:00:00,0.0,BTCUSDT
2026-07-15 21:00:00,0.0,BTCUSDT
2026-07-15 22:00:00,0.0,BTCUSDT
2026-07-15 23:00:00,0.0,BTCUSDT
2026-07-16 00:00:00,1.0945831095441705e-06,BTCUSDT
2026-07-16 01:00:00,0.0,BTCUSDT
2026-07-16 02:00:00,0.0,BTCUSDT
2026-07-16 03:00:00,0.0,BTCUSDT
2026-07-16 04:00:00,0.0,BTCUSDT
2026-07-16 05:00:00,0.0,BTCUSDT
2026-07-16 06:00:00,0.0,BTCUSDT
2026-07-16 07:00:00,0.0,BTCUSDT
2026-07-16 08:00:00,-2.2948123223576902e-05,BTCUSDT
2026-07-16 09:00:00,0.0,BTCUSDT
2026-07-16 10:00:00,0.0,BTCUSDT
2026-07-16 11:00:00,0.0,BTCUSDT
2026-07-16 12:00:00,0.0,BTCUSDT
2026-07-16 13:00:00,0.0,BTCUSDT
2026-07-16 14:00:00,0.0,BTCUSDT
2026-07-16 15:00:00,0.0,BTCUSDT
2026-07-16 16:00:00,-0.0001107045240632063,BTCUSDT
2026-07-16 17:00:00,0.0,BTCUSDT
2026-07-16 18:00:00,0.0,BTCUSDT
2026-07-16 19:00:00,0.0,BTCUSDT
2026-07-16 20:00:00,0.0,BTCUSDT
2026-07-16 21:00:00,0.0,BTCUSDT
2026-07-16 22:00:00,0.0,BTCUSDT
2026-07-16 23:00:00,0.0,BTCUSDT
2026-07-17 00:00:00,-2.420979669712995e-06,BTCUSDT
2026-07-17 01:00:00,0.0,BTCUSDT
2026-07-17 02:00:00,0.0,BTCUSDT
2026-07-17 03:00:00,0.0,BTCUSDT
2026-07-17 04:00:00,0.0,BTCUSDT
2026-07-17 05:00:00,0.0,BTCUSDT
2026-07-17 06:00:00,0.0,BTCUSDT
2026-07-17 07:00:00,0.0,BTCUSDT
2026-07-17 08:00:00,0.00026724619528217347,BTCUSDT
2026-07-17 09:00:00,0.0,BTCUSDT
2026-07-17 10:00:00,0.0,BTCUSDT
2026-07-17 11:00:00,0.0,BTCUSDT
2026-07-17 12:00:00,0.0,BTCUSDT
2026-07-17 13:00:00,0.0,BTCUSDT
2026-07-17 14:00:00,0.0,BTCUSDT
2026-07-17 15:00:00,0.0,BTCUSDT
2026-07-17 16:00:00,0.00015286028281519102,BTCUSDT
2026-07-17 17:00:00,0.0,BTCUSDT
2026-07-17 18:00:00,0.0,BTCUSDT
2026-07-17 19:00:00,0.0,BTCUSDT
2026-07-17 20:00:00,0.0,BTCUSDT
2026-07-17 21:00:00,0.0,BTCUSDT
2026-07-17 22:00:00,0.0,BTCUSDT
2026-07-17 23:00:00,0.0,BTCUSDT
2026-07-18 00:00:00,-4.277083205860267e-05,BTCUSDT
2026-07-18 01:00:00,0.0,BTCUSDT
2026-07-18 02:00:00,0.0,BTCUSDT
2026-07-18 03:00:00,0.0,BTCUSDT
2026-07-18 04:00:00,0.0,BTCUSDT
2026-07-18 05:00:00,0.0,BTCUSDT
2026-07-18 06:00:00,0.0,BTCUSDT
2026-07-18 07:00:00,0.0,BTCUSDT
2026-07-18 08:00:00,-0.00021317127693087576,BTCUSDT
2026-07-18 09:00:00,0.0,BTCUSDT
2026-07-18 10:00:00,0.0,BTCUSDT
2026-07-18 11:00:00,0.0,BTCUSDT
2026-07-18 12:00:00,0.0,BTCUSDT
2026-07-18 13:00:00,0.0,BTCUSDT
2026-07-18 14:00:00,0.0,BTCUSDT
2026-07-18 15:00:00,0.0,BTCUSDT
2026-07-18 16:00:00,-0.00013048889362177353,BTCUSDT
2026-07-18 17:00:00,0.0,BTCUSDT
2026-07-18 18:00:00,0.0,BTCUSDT
2026-07-18 19:00:00,0.0,BTCUSDT
2026-07-18 20:00:00,0.0,BTCUSDT
2026-07-18 21:00:00,0.0,BTCUSDT
2026-07-18 22:00:00,0.0,BTCUSDT
2026-07-18 23:00:00,0.0,BTCUSDT
2026-07-19 00:00:00,-0.00025467080692149444,BTCUSDT
2026-07-19 01:00:00,0.0,BTCUSDT
2026-07-19 02:00:00,0.0,BTCUSDT
2026-07-19 03:00:00,0.0,BTCUSDT
2026-07-19 04:00:00,0.0,BTCUSDT
2026-07-19 05:00:00,0.0,BTCUSDT
2026-07-19 06:00:00,0.0,BTCUSDT
2026-07-19 07:00:00,0.0,BTCUSDT
2026-07-19 08:00:00,-2.2883096052242445e-05,BTCUSDT
2026-07-19 09:00:00,0.0,BTCUSDT
2026-07-19 10:00:00,0.0,BTCUSDT
2026-07-19 11:00:00,0.0,BTCUSDT
2026-07-19 12:00:00,0.0,BTCUSDT
2026-07-19 13:00:00,0.0,BTCUSDT
2026-07-19 14:00:00,0.0,BTCUSDT
2026-07-19 15:00:00,0.0,BTCUSDT
2026-07-19 16:00:00,0.00048805085869638236,BTCUSDT
2026-07-19 17:00:00,0.0,BTCUSDT
2026-07-19 18:00:00,0.0,BTCUSDT
2026-07-19 19:00:00,0.0,BTCUSDT
2026-07-19 20:00:00,0.0,BTCUSDT
2026-07-19 21:00:00,0.0,BTCUSDT
2026-07-19 22:00:00,0.0,BTCUSDT
2026-07-19 23:00:00,0.0,BTCUSDT
2026-07-20 00:00:00,-0.00013874375645374538,BTCUSDT
2026-07-20 01:00:00,0.0,BTCUSDT
2026-07-20 02:00:00,0.0,BTCUSDT
2026-07-20 03:00:00,0.0,BTCUSDT
2026-07-20 04:00:00,0.0,BTCUSDT
2026-07-20 05:00:00,0.0,BTCUSDT
2026-07-20 06:00:00,0.0,BTCUSDT
2026-07-20 07:00:00,0.0,BTCUSDT
2026-07-20 08:00:00,9.97530534122168e-06,BTCUSDT
2026-07-20 09:00:00,0.0,BTCUSDT
2026-07-20 10:00:00,0.0,BTCUSDT
2026-07-20 11:00:00,0.0,BTCUSDT
2026-07-20 12:00:00,0.0,BTCUSDT
2026-07-20 13:00:00,0.0,BTCUSDT
2026-07-20 14:00:00,0.0,BTCUSDT
2026-07-20 15:00:00,0.0,BTCUSDT
2026-07-20 16:00:00,8.526959474844862e-05,BTCUSDT
2026-07-20 17:00:00,0.0,BTCUSDT
2026-07-20 18:00:00,0.0,BTCUSDT
2026-07-20 19:00:00,0.0,BTCUSDT
2026-07-20 20:00:00,0.0,BTCUSDT
2026-07-20 21:00:00,0.0,BTCUSDT
2026-07-20 22:00:00,0.0,BTCUSDT
2026-07-20 23:00:00,0.0,BTCUSDT
2026-07-21 00:00:00,0.00016467877101313745,BTCUSDT
2026-07-21 01:00:00,0.0,BTCUSDT
2026-07-21 02:00:00,0.0,BTCUSDT
2026-07-21 03:00:00,0.0,BTCUSDT
2026-07-21 04:00:00,0.0,BTCUSDT
2026-07-21 05:00:00,0.0,BTCUSDT
2026-07-21 06:00:00,0.0,BTCUSDT
2026-07-21 07:00:00,0.0,BTCUSDT
2026-07-21 08:00:00,-0.00013318400059139217,BTCUSDT
2026-07-21 09:00:00,0.0,BTCUSDT
2026-07-21 10:00:00,0.0,BTCUSDT
2026-07-21 11:00:00,0.0,BTCUSDT
2026-07-21 12:00:00,0.0,BTCUSDT
2026-07-21 13:00:00,0.0,BTCUSDT
2026-07-21 14:00:00,0.0,BTCUSDT
2026-07-21 15:00:00,0.0,BTCUSDT
2026-07-21 16:00:00,-0.00010767552854011024,BTCUSDT
2026-07-21 17:00:00,0.0,BTCUSDT
2026-07-21 18:00:00,0.0,BTCUSDT
2026-07-21 19:00:00,0.0,BTCUSDT
2026-07-21 20:00:00,0.0,BTCUSDT
2026-07-21 21:00:00,0.0,BTCUSDT
2026-07-21 22:00:00,0.0,BTCUSDT
2026-07-21 23:00:00,0.0,BTCUSDT
2026-07-22 00:00:00,-5.930511503206947e-05,BTCUSDT
2026-07-22 01:00:00,0.0,BTCUSDT
2026-07-22 02:00:00,0.0,BTCUSDT
2026-07-22 03:00:00,0.0,BTCUSDT
2026-07-22 04:00:00,0.0,BTCUSDT
2026-07-22 05:00:00,0.0,BTCUSDT
2026-07-22 06:00:00,0.0,BTCUSDT
2026-07-22 07:00:00,0.0,BTCUSDT
2026-07-22 08:00:00,0.0003558351554696383,BTCUSDT
2026-07-22 09:00:00,0.0,BTCUSDT
2026-07-22 10:00:00,0.0,BTCUSDT
2026-07-22 11:00:00,0.0,BTCUSDT
2026-07-22 12:00:00,0.0,BTCUSDT
2026-07-22 13:00:00,0.0,BTCUSDT
2026-07-22 14:00:00,0.0,BTCUSDT
2026-07-22 15:00:00,0.0,BTCUSDT
2026-07-22 16:00:00,0.00028938743639104147,BTCUSDT
2026-07-22 17:00:00,0.0,BTCUSDT
2026-07-22 18:00:00,0.0,BTCUSDT
2026-07-22 19:00:00,0.0,BTCUSDT
2026-07-22 20:00:00,0.0,BTCUSDT
2026-07-22 21:00:00,0.0,BTCUSDT
2026-07-22 22:00:00,0.0,BTCUSDT
2026-07-22 23:00:00,0.0,BTCUSDT
2026-07-23 00:00:00,0.0001824507948069369,BTCUSDT
2026-07-23 01:00:00,0.0,BTCUSDT
2026-07-23 02:00:00,0.0,BTCUSDT
2026-07-23 03:00:00,0.0,BTCUSDT
2026-07-23 04:00:00,0.0,BTCUSDT
2026-07-23 05:00:00,0.0,BTCUSDT
2026-07-23 06:00:00,0.0,BTCUSDT
2026-07-23 07:00:00,0.0,BTCUSDT
2026-07-23 08:00:00,-0.0001132866950130353,BTCUSDT
2026-07-23 09:00:00,0.0,BTCUSDT
2026-07-23 10:00:00,0.0,BTCUSDT
2026-07-23 11:00:00,0.0,BTCUSDT
2026-07-23 12:00:00,0.0,BTCUSDT
2026-07-23 13:00:00,0.0,BTCUSDT
2026-07-23 14:00:00,0.0,BTCUSDT
2026-07-23 15:00:00,0.0,BTCUSDT
2026-07-23 16:00:00,-0.00025525979231315576,BTCUSDT
2026-07-23 17:00:00,0.0,BTCUSDT
2026-07-23 18:00:00,0.0,BTCUSDT
2026-07-23 19:00:00,0.0,BTCUSDT
2026-07-23 20:00:00,0.0,BTCUSDT
2026-07-23 21:00:00,0.0,BTCUSDT
2026-07-23 22:00:00,0.0,BTCUSDT
2026-07-23 23:00:00,0.0,BTCUSDT
2026-07-24 00:00:00,0.00030693362035058715,BTCUSDT
2026-07-24 01:00:00,0.0,BTCUSDT
2026-07-24 02:00:00,0.0,BTCUSDT
2026-07-24 03:00:00,0.0,BTCUSDT
2026-07-24 04:00:00,0.0,BTCUSDT
2026-07-24 05:00:00,0.0,BTCUSDT
2026-07-24 06:00:00,0.0,BTCUSDT
2026-07-24 07:00:00,0.0,BTCUSDT
2026-07-24 08:00:00,6.296014147989619e-06,BTCUSDT
2026-07-24 09:00:00,0.0,BTCUSDT
2026-07-24 10:00:00,0.0,BTCUSDT
2026-07-24 11:00:00,0.0,BTCUSDT
2026-07-24 12:00:00,0.0,BTCUSDT
2026-07-24 13:00:00,0.0,BTCUSDT
2026-07-24 14:00:00,0.0,BTCUSDT
2026-07-24 15:00:00,0.0,BTCUSDT
2026-07-24 16:00:00,5.533312611317954e-05,BTCUSDT
2026-07-24 17:00:00,0.0,BTCUSDT
2026-07-24 18:00:00,0.0,BTCUSDT
2026-07-24 19:00:00,0.0,BTCUSDT
2026-07-24 20:00:00,0.0,BTCUSDT
2026-07-24 21:00:00,0.0,BTCUSDT
2026-07-24 22:00:00,0.0,BTCUSDT
2026-07-24 23:00:00,0.0,BTCUSDT
2026-07-25 00:00:00,0.0005045732236733584,BTCUSDT
2026-07-25 01:00:00,0.0,BTCUSDT
2026-07-25 02:00:00,0.0,BTCUSDT
2026-07-25 03:00:00,0.0,BTCUSDT
2026-07-25 04:00:00,0.0,BTCUSDT
2026-07-25 05:00:00,0.0,BTCUSDT
2026-07-25 06:00:00,0.0,BTCUSDT
2026-07-25 07:00:00,0.0,BTCUSDT
2026-07-25 08:00:00,7.202426387885755e-05,BTCUSDT
2026-07-25 09:00:00,0.0,BTCUSDT
2026-07-25 10:00:00,0.0,BTCUSDT
2026-07-25 11:00:00,0.0,BTCUSDT
2026-07-25 12:00:00,0.0,BTCUSDT
2026-07-25 13:00:00,0.0,BTCUSDT
2026-07-25 14:00:00,0.0,BTCUSDT
2026-07-25 15:00:00,0.0,BTCUSDT
2026-07-25 16:00:00,0.0003241637297661592,BTCUSDT
2026-07-25 17:00:00,0.0,BTCUSDT
2026-07-25 18:00:00,0.0,BTCUSDT
2026-07-25 19:00:00,0.0,BTCUSDT
2026-07-25 20:00:00,0.0,BTCUSDT
2026-07-25 21:00:00,0.0,BTCUSDT
2026-07-25 22:00:00,0.0,BTCUSDT
2026-07-25 23:00:00,0.0,BTCUSDT
2026-07-26 00:00:00,-5.8856369427006964e-05,BTCUSDT
2026-07-26 01:00:00,0.0,BTCUSDT
2026-07-26 02:00:00,0.0,BTCUSDT
2026-07-26 03:00:00,0.0,BTCUSDT
2026-07-26 04:00:00,0.0,BTCUSDT
2026-07-26 05:00:00,0.0,BTCUSDT
2026-07-26 06:00:00,0.0,BTCUSDT
2026-07-26 07:00:00,0.0,BTCUSDT
2026-07-26 08:00:00,-0.0001768177984024847,BTCUSDT
2026-07-26 09:00:00,0.0,BTCUSDT
2026-07-26 10:00:00,0.0,BTCUSDT
2026-07-26 11:00:00,0.0,BTCUSDT
2026-07-26 12:00:00,0.0,BTCUSDT
2026-07-26 13:00:00,0.0,BTCUSDT
2026-07-26 14:00:00,0.0,BTCUSDT
2026-07-26 15:00:00,0.0,BTCUSDT
2026-07-26 16:00:00,0.00014029846462665488,BTCUSDT
2026-07-26 17:00:00,0.0,BTCUSDT
2026-07-26 18:00:00,0.0,BTCUSDT
2026-07-26 19:00:00,0.0,BTCUSDT
2026-07-26 20:00:00,0.0,BTCUSDT
2026-07-26 21:00:00,0.0,BTCUSDT
2026-07-26 22:00:00,0.0,BTCUSDT
2026-07-26 23:00:00,0.0,BTCUSDT
2026-07-27 00:00:00,1.8893461647508426e-05,BTCUSDT
2026-07-27 01:00:00,0.0,BTCUSDT
2026-07-27 02:00:00,0.0,BTCUSDT
2026-07-27 03:00:00,0.0,BTCUSDT
2026-07-27 04:00:00,0.0,BTCUSDT
2026-07-27 05:00:00,0.0,BTCUSDT
2026-07-27 06:00:00,0.0,BTCUSDT
2026-07-27 07:00:00,0.0,BTCUSDT
2026-07-27 08:00:00,-8.074974358213115e-05,BTCUSDT
2026-07-27 09:00:00,0.0,BTCUSDT
2026-07-27 10:00:00,0.0,BTCUSDT
2026-07-27 11:00:00,0.0,BTCUSDT
2026-07-27 12:00:00,0.0,BTCUSDT
2026-07-27 13:00:00,0.0,BTCUSDT
2026-07-27 14:00:00,0.0,BTCUSDT
2026-07-27 15:00:00,0.0,BTCUSDT
2026-07-27 16:00:00,0.00026052495201569565,BTCUSDT
2026-07-27 17:00:00,0.0,BTCUSDT
2026-07-27 18:00:00,0.0,BTCUSDT
2026-07-27 19:00:00,0.0,BTCUSDT
2026-07-27 20:00:00,0.0,BTCUSDT
2026-07-27 21:00:00,0.0,BTCUSDT
2026-07-27 22:00:00,0.0,BTCUSDT
2026-07-27 23:00:00,0.0,BTCUSDT
2026-07-28 00:00:00,-0.00017373421370401156,BTCUSDT
2026-07-28 01:00:00,0.0,BTCUSDT
2026-07-28 02:00:00,0.0,BTCUSDT
2026-07-28 03:00:00,0.0,BTCUSDT
2026-07-28 04:00:00,0.0,BTCUSDT
2026-07-28 05:00:00,0.0,BTCUSDT
2026-07-28 06:00:00,0.0,BTCUSDT
2026-07-28 07:00:00,0.0,BTCUSDT
2026-07-28 08:00:00,0.00014460605151702684,BTCUSDT
2026-07-28 09:00:00,0.0,BTCUSDT
2026-07-28 10:00:00,0.0,BTCUSDT
2026-07-28 11:00:00,0.0,BTCUSDT
2026-07-28 12:00:00,0.0,BTCUSDT
2026-07-28 13:00:00,0.0,BTCUSDT
2026-07-28 14:00:00,0.0,BTCUSDT
2026-07-28 15:00:00,0.0,BTCUSDT
2026-07-28 16:00:00,0.0002574750276447986,BTCUSDT
2026-07-28 17:00:00,0.0,BTCUSDT
2026-07-28 18:00:00,0.0,BTCUSDT
2026-07-28 19:00:00,0.0,BTCUSDT
2026-07-28 20:00:00,0.0,BTCUSDT
2026-07-28 21:00:00,0.0,BTCUSDT
2026-07-28 22:00:00,0.0,BTCUSDT
2026-07-28 23:00:00,0.0,BTCUSDT
2026-07-29 00:00:00,8.430207512473183e-05,BTCUSDT
2026-07-29 01:00:00,0.0,BTCUSDT
2026-07-29 02:00:00,0.0,BTCUSDT
2026-07-29 03:00:00,0.0,BTCUSDT
2026-07-29 04:00:00,0.0,BTCUSDT
2026-07-29 05:00:00,0.0,BTCUSDT
2026-07-29 06:00:00,0.0,BTCUSDT
2026-07-29 07:00:00,0.0,BTCUSDT
2026-07-29 08:00:00,3.45262618112496e-05,BTCUSDT
2026-07-29 09:00:00,0.0,BTCUSDT
2026-07-29 10:00:00,0.0,BTCUSDT
2026-07-29 11:00:00,0.0,BTCUSDT
2026-07-29 12:00:00,0.0,BTCUSDT
2026-07-29 13:00:00,0.0,BTCUSDT
2026-07-29 14:00:00,0.0,BTCUSDT
2026-07-29 15:00:00,0.0,BTCUSDT
2026-07-29 16:00:00,-7.036119963653395e-05,BTCUSDT
2026-07-29 17:00:00,0.0,BTCUSDT
2026-07-29 18:00:00,0.0,BTCUSDT
2026-07-29 19:00:00,0.0,BTCUSDT
2026-07-29 20:00:00,0.0,BTCUSDT
2026-07-29 21:00:00,0.0,BTCUSDT
2026-07-29 22:00:00,0.0,BTCUSDT
2026-07-29 23:00:00,0.0,BTCUSDT
2026-07-30 00:00:00,2.008938880064999e-05,BTCUSDT
2026-07-30 01:00:00,0.0,BTCUSDT
2026-07-30 02:00:00,0.0,BTCUSDT
2026-07-30 03:00:00,0.0,BTCUSDT
2026-07-30 04:00:00,0.0,BTCUSDT
2026-07-30 05:00:00,0.0,BTCUSDT
2026-07-30 06:00:00,0.0,BTCUSDT
2026-07-30 07:00:00,0.0,BTCUSDT
2026-07-30 08:00:00,0.0003450842122917333,BTCUSDT
2026-07-30 09:00:00,0.0,BTCUSDT
2026-07-30 10:00:00,0.0,BTCUSDT
2026-07-30 11:00:00,0.0,BTCUSDT
2026-07-30 12:00:00,0.0,BTCUSDT
2026-07-30 13:00:00,0.0,BTCUSDT
2026-07-30 14:00:00,0.0,BTCUSDT
2026-07-30 15:00:00,0.0,BTCUSDT
2026-07-30 16:00:00,0.0001751564267369548,BTCUSDT
2026-07-30 17:00:00,0.0,BTCUSDT
2026-07-30 18:00:00,0.0,BTCUSDT
2026-07-30 19:00:00,0.0,BTCUSDT
2026-07-30 20:00:00,0.0,BTCUSDT
2026-07-30 21:00:00,0.0,BTCUSDT
2026-07-30 22:00:00,0.0,BTCUSDT
2026-07-30 23:00:00,0.0,BTCUSDT
2026-07-31 00:00:00,-5.517286111205175e-05,BTCUSDT
2026-07-31 01:00:00,0.0,BTCUSDT
2026-07-31 02:00:00,0.0,BTCUSDT
2026-07-31 03:00:00,0.0,BTCUSDT
2026-07-31 04:00:00,0.0,BTCUSDT
2026-07-31 05:00:00,0.0,BTCUSDT
2026-07-31 06:00:00,0.0,BTCUSDT
2026-07-31 07:00:00,0.0,BTCUSDT
2026-07-31 08:00:00,0.00046158656779049403,BTCUSDT
2026-07-31 09:00:00,0.0,BTCUSDT
2026-07-31 10:00:00,0.0,BTCUSDT
2026-07-31 11:00:00,0.0,BTCUSDT
2026-07-31 12:00:00,0.0,BTCUSDT
2026-07-31 13:00:00,0.0,BTCUSDT
2026-07-31 14:00:00,0.0,BTCUSDT
2026-07-31 15:00:00,0.0,BTCUSDT
2026-07-31 16:00:00,-0.00010598641606235854,BTCUSDT
2026-07-31 17:00:00,0.0,BTCUSDT
2026-07-31 18:00:00,0.0,BTCUSDT
2026-07-31 19:00:00,0.0,BTCUSDT
2026-07-31 20:00:00,0.0,BTCUSDT
2026-07-31 21:00:00,0.0,BTCUSDT
2026-07-31 22:00:00,0.0,BTCUSDT
2026-07-31 23:00:00,0.0,BTCUSDT
2026-08-01 00:00:00,0.00017927634450186746,BTCUSDT
2026-08-01 01:00:00,0.0,BTCUSDT
2026-08-01 02:00:00,0.0,BTCUSDT
2026-08-01 03:00:00,0.0,BTCUSDT
2026-08-01 04:00:00,0.0,BTCUSDT
2026-08-01 05:00:00,0.0,BTCUSDT
2026-08-01 06:00:00,0.0,BTCUSDT
2026-08-01 07:00:00,0.0,BTCUSDT
2026-08-01 08:00:00,-5.982724017129295e-05,BTCUSDT
2026-08-01 09:00:00,0.0,BTCUSDT
2026-08-01 10:00:00,0.0,BTCUSDT
2026-08-01 11:00:00,0.0,BTCUSDT
2026-08-01 12:00:00,0.0,BTCUSDT
2026-08-01 13:00:00,0.0,BTCUSDT
2026-08-01 14:00:00,0.0,BTCUSDT
2026-08-01 15:00:00,0.0,BTCUSDT
2026-08-01 16:00:00,-7.500893888559415e-05,BTCUSDT
2026-08-01 17:00:00,0.0,BTCUSDT
2026-08-01 18:00:00,0.0,BTCUSDT
2026-08-01 19:00:00,0.0,BTCUSDT
2026-08-01 20:00:00,0.0,BTCUSDT
2026-08-01 21:00:00,0.0,BTCUSDT
2026-08-01 22:00:00,0.0,BTCUSDT
2026-08-01 23:00:00,0.0,BTCUSDT
2026-08-02 00:00:00,0.000296229903880157,BTCUSDT
2026-08-02 01:00:00,0.0,BTCUSDT
2026-08-02 02:00:00,0.0,BTCUSDT
2026-08-02 03:00:00,0.0,BTCUSDT
2026-08-02 04:00:00,0.0,BTCUSDT
2026-08-02 05:00:00,0.0,BTCUSDT
2026-08-02 06:00:00,0.0,BTCUSDT
2026-08-02 07:00:00,0.0,BTCUSDT
2026-08-02 08:00:00,-0.0001690464904199661,BTCUSDT
2026-08-02 09:00:00,0.0,BTCUSDT
2026-08-02 10:00:00,0.0,BTCUSDT
2026-08-02 11:00:00,0.0,BTCUSDT
2026-08-02 12:00:00,0.0,BTCUSDT
2026-08-02 13:00:00,0.0,BTCUSDT
2026-08-02 14:00:00,0.0,BTCUSDT
2026-08-02 15:00:00,0.0,BTCUSDT
2026-08-02 16:00:00,-0.0004692748632653628,BTCUSDT
2026-08-02 17:00:00,0.0,BTCUSDT
2026-08-02 18:00:00,0.0,BTCUSDT
2026-08-02 19:00:00,0.0,BTCUSDT
2026-08-02 20:00:00,0.0,BTCUSDT
2026-08-02 21:00:00,0.0,BTCUSDT
2026-08-02 22:00:00,0.0,BTCUSDT
2026-08-02 23:00:00,0.0,BTCUSDT
2026-08-03 00:00:00,-8.598532197383222e-05,BTCUSDT
2026-08-03 01:00:00,0.0,BTCUSDT
2026-08-03 02:00:00,0.0,BTCUSDT
2026-08-03 03:00:00,0.0,BTCUSDT
2026-08-03 04:00:00,0.0,BTCUSDT
2026-08-03 05:00:00,0.0,BTCUSDT
2026-08-03 06:00:00,0.0,BTCUSDT
2026-08-03 07:00:00,0.0,BTCUSDT
2026-08-03 08:00:00,-0.00016679332619757832,BTCUSDT
2026-08-03 09:00:00,0.0,BTCUSDT
2026-08-03 10:00:00,0.0,BTCUSDT
2026-08-03 11:00:00,0.0,BTCUSDT
2026-08-03 12:00:00,0.0,BTCUSDT
2026-08-03 13:00:00,0.0,BTCUSDT
2026-08-03 14:00:00,0.0,BTCUSDT
2026-08-03 15:00:00,0.0,BTCUSDT
2026-08-03 16:00:00,-0.0001569937492603909,BTCUSDT
2026-08-03 17:00:00,0.0,BTCUSDT
2026-08-03 18:00:00,0.0,BTCUSDT
2026-08-03 19:00:00,0.0,BTCUSDT
2026-08-03 20:00:00,0.0,BTCUSDT
2026-08-03 21:00:00,0.0,BTCUSDT
2026-08-03 22:00:00,0.0,BTCUSDT
2026-08-03 23:00:00,0.0,BTCUSDT
2026-08-04 00:00:00,0.00036849197788134196,BTCUSDT
2026-08-04 01:00:00,0.0,BTCUSDT
2026-08-04 02:00:00,0.0,BTCUSDT
2026-08-04 03:00:00,0.0,BTCUSDT
2026-08-04 04:00:00,0.0,BTCUSDT
2026-08-04 05:00:00,0.0,BTCUSDT
2026-08-04 06:00:00,0.0,BTCUSDT
2026-08-04 07:00:00,0.0,BTCUSDT
2026-08-04 08:00:00,0.0002416224280369178,BTCUSDT
2026-08-04 09:00:00,0.0,BTCUSDT
2026-08-04 10:00:00,0.0,BTCUSDT
2026-08-04 11:00:00,0.0,BTCUSDT
2026-08-04 12:00:00,0.0,BTCUSDT
2026-08-04 13:00:00,0.0,BTCUSDT
2026-08-04 14:00:00,0.0,BTCUSDT
2026-08-04 15:00:00,0.0,BTCUSDT
2026-08-04 16:00:00,0.00019739694153177268,BTCUSDT
2026-08-04 17:00:00,0.0,BTCUSDT
2026-08-04 18:00:00,0.0,BTCUSDT
2026-08-04 19:00:00,0.0,BTCUSDT
2026-08-04 20:00:00,0.0,BTCUSDT
2026-08-04 21:00:00,0.0,BTCUSDT
2026-08-04 22:00:00,0.0,BTCUSDT
2026-08-04 23:00:00,0.0,BTCUSDT
2026-08-05 00:00:00,0.000186162814139483,BTCUSDT
2026-08-05 01:00:00,0.0,BTCUSDT
2026-08-05 02:00:00,0.0,BTCUSDT
2026-08-05 03:00:00,0.0,BTCUSDT
2026-08-05 04:00:00,0.0,BTCUSDT
2026-08-05 05:00:00,0.0,BTCUSDT
2026-08-05 06:00:00,0.0,BTCUSDT
2026-08-05 07:00:00,0.0,BTCUSDT
2026-08-05 08:00:00,-2.761260186322601e-05,BTCUSDT
2026-08-05 09:00:00,0.0,BTCUSDT
2026-08-05 10:00:00,0.0,BTCUSDT
2026-08-05 11:00:00,0.0,BTCUSDT
2026-08-05 12:00:00,0.0,BTCUSDT
2026-08-05 13:00:00,0.0,BTCUSDT
2026-08-05 14:00:00,0.0,BTCUSDT
2026-08-05 15:00:00,0.0,BTCUSDT
2026-08-05 16:00:00,-7.555311160909557e-06,BTCUSDT
2026-08-05 17:00:00,0.0,BTCUSDT
2026-08-05 18:00:00,0.0,BTCUSDT
2026-08-05 19:00:00,0.0,BTCUSDT
2026-08-05 20:00:00,0.0,BTCUSDT
2026-08-05 21:00:00,0.0,BTCUSDT
2026-08-05 22:00:00,0.0,BTCUSDT
2026-08-05 23:00:00,0.0,BTCUSDT
2026-08-06 00:00:00,6.0706155089694916e-05,BTCUSDT
2026-08-06 01:00:00,0.0,BTCUSDT
2026-08-06 02:00:00,0.0,BTCUSDT
2026-08-06 03:00:00,0.0,BTCUSDT
2026-08-06 04:00:00,0.0,BTCUSDT
2026-08-06 05:00:00,0.0,BTCUSDT
2026-08-06 06:00:00,0.0,BTCUSDT
2026-08-06 07:00:00,0.0,BTCUSDT
2026-08-06 08:00:00,0.00030523244296883957,BTCUSDT
2026-08-06 09:00:00,0.0,BTCUSDT
2026-08-06 10:00:00,0.0,BTCUSDT
2026-08-06 11:00:00,0.0,BTCUSDT
2026-08-06 12:00:00,0.0,BTCUSDT
2026-08-06 13:00:00,0.0,BTCUSDT
2026-08-06 14:00:00,0.0,BTCUSDT
2026-08-06 15:00:00,0.0,BTCUSDT
2026-08-06 16:00:00,-7.874905642353066e-05,BTCUSDT
2026-08-06 17:00:00,0.0,BTCUSDT
2026-08-06 18:00:00,0.0,BTCUSDT
2026-08-06 19:00:00,0.0,BTCUSDT
2026-08-06 20:00:00,0.0,BTCUSDT
2026-08-06 21:00:00,0.0,BTCUSDT
2026-08-06 22:00:00,0.0,BTCUSDT
2026-08-06 23:00:00,0.0,BTCUSDT
2026-08-07 00:00:00,-9.925980290906694e-05,BTCUSDT
2026-08-07 01:00:00,0.0,BTCUSDT
2026-08-07 02:00:00,0.0,BTCUSDT
2026-08-07 03:00:00,0.0,BTCUSDT
2026-08-07 04:00:00,0.0,BTCUSDT
2026-08-07 05:00:00,0.0,BTCUSDT
2026-08-07 06:00:00,0.0,BTCUSDT
2026-08-07 07:00:00,0.0,BTCUSDT
2026-08-07 08:00:00,0.00041045658187534285,BTCUSDT
2026-08-07 09:00:00,0.0,BTCUSDT
2026-08-07 10:00:00,0.0,BTCUSDT
2026-08-07 11:00:00,0.0,BTCUSDT
2026-08-07 12:00:00,0.0,BTCUSDT
2026-08-07 13:00:00,0.0,BTCUSDT
2026-08-07 14:00:00,0.0,BTCUSDT
2026-08-07 15:00:00,0.0,BTCUSDT
2026-08-07 16:00:00,-0.00011738476330011071,BTCUSDT
2026-08-07 17:00:00,0.0,BTCUSDT
2026-08-07 18:00:00,0.0,BTCUSDT
2026-08-07 19:00:00,0.0,BTCUSDT
2026-08-07 20:00:00,0.0,BTCUSDT
2026-08-07 21:00:00,0.0,BTCUSDT
2026-08-07 22:00:00,0.0,BTCUSDT
2026-08-07 23:00:00,0.0,BTCUSDT
2026-08-08 00:00:00,0.00010148636048793339,BTCUSDT
2026-08-08 01:00:00,0.0,BTCUSDT
2026-08-08 02:00:00,0.0,BTCUSDT
2026-08-08 03:00:00,0.0,BTCUSDT
2026-08-08 04:00:00,0.0,BTCUSDT
2026-08-08 05:00:00,0.0,BTCUSDT
2026-08-08 06:00:00,0.0,BTCUSDT
2026-08-08 07:00:00,0.0,BTCUSDT
2026-08-08 08:00:00,2.075293798616627e-05,BTCUSDT
2026-08-08 09:00:00,0.0,BTCUSDT
2026-08-08 10:00:00,0.0,BTCUSDT
2026-08-08 11:00:00,0.0,BTCUSDT
2026-08-08 12:00:00,0.0,BTCUSDT
2026-08-08 13:00:00,0.0,BTCUSDT
2026-08-08 14:00:00,0.0,BTCUSDT
2026-08-08 15:00:00,0.0,BTCUSDT
2026-08-08 16:00:00,0.00013171333909372198,BTCUSDT
2026-08-08 17:00:00,0.0,BTCUSDT
2026-08-08 18:00:00,0.0,BTCUSDT
2026-08-08 19:00:00,0.0,BTCUSDT
2026-08-08 20:00:00,0.0,BTCUSDT
2026-08-08 21:00:00,0.0,BTCUSDT
2026-08-08 22:00:00,0.0,BTCUSDT
2026-08-08 23:00:00,0.0,BTCUSDT
2026-08-09 00:00:00,-0.0003436471060624833,BTCUSDT
2026-08-09 01:00:00,0.0,BTCUSDT
2026-08-09 02:00:00,0.0,BTCUSDT
2026-08-09 03:00:00,0.0,BTCUSDT
2026-08-09 04:00:00,0.0,BTCUSDT
2026-08-09 05:00:00,0.0,BTCUSDT
2026-08-09 06:00:00,0.0,BTCUSDT
2026-08-09 07:00:00,0.0,BTCUSDT
2026-08-09 08:00:00,-0.0001491532328227246,BTCUSDT
2026-08-09 09:00:00,0.0,BTCUSDT
2026-08-09 10:00:00,0.0,BTCUSDT
2026-08-09 11:00:00,0.0,BTCUSDT
2026-08-09 12:00:00,0.0,BTCUSDT
2026-08-09 13:00:00,0.0,BTCUSDT
2026-08-09 14:00:00,0.0,BTCUSDT
2026-08-09 15:00:00,0.0,BTCUSDT
2026-08-09 16:00:00,-0.0002641751103636139,BTCUSDT
2026-08-09 17:00:00,0.0,BTCUSDT
2026-08-09 18:00:00,0.0,BTCUSDT
2026-08-09 19:00:00,0.0,BTCUSDT
2026-08-09 20:00:00,0.0,BTCUSDT
2026-08-09 21:00:00,0.0,BTCUSDT
2026-08-09 22:00:00,0.0,BTCUSDT
2026-08-09 23:00:00,0.0,BTCUSDT
2026-08-10 00:00:00,3.388936252662233e-05,BTCUSDT
2026-08-10 01:00:00,0.0,BTCUSDT
2026-08-10 02:00:00,0.0,BTCUSDT
2026-08-10 03:00:00,0.0,BTCUSDT
2026-08-10 04:00:00,0.0,BTCUSDT
2026-08-10 05:00:00,0.0,BTCUSDT
2026-08-10 06:00:00,0.0,BTCUSDT
2026-08-10 07:00:00,0.0,BTCUSDT
2026-08-10 08:00:00,0.00014211415046678843,BTCUSDT
2026-08-10 09:00:00,0.0,BTCUSDT
2026-08-10 10:00:00,0.0,BTCUSDT
2026-08-10 11:00:00,0.0,BTCUSDT
2026-08-10 12:00:00,0.0,BTCUSDT
2026-08-10 13:00:00,0.0,BTCUSDT
2026-08-10 14:00:00,0.0,BTCUSDT
2026-08-10 15:00:00,0.0,BTCUSDT
2026-08-10 16:00:00,0.00013013717157677216,BTCUSDT
2026-08-10 17:00:00,0.0,BTCUSDT
2026-08-10 18:00:00,0.0,BTCUSDT
2026-08-10 19:00:00,0.0,BTCUSDT
2026-08-10 20:00:00,0.0,BTCUSDT
2026-08-10 21:00:00,0.0,BTCUSDT
2026-08-10 22:00:00,0.0,BTCUSDT
2026-08-10 23:00:00,0.0,BTCUSDT
2026-08-11 00:00:00,0.00019740179356163106,BTCUSDT
2026-08-11 01:00:00,0.0,BTCUSDT
2026-08-11 02:00:00,0.0,BTCUSDT
2026-08-11 03:00:00,0.0,BTCUSDT
2026-08-11 04:00:00,0.0,BTCUSDT
2026-08-11 05:00:00,0.0,BTCUSDT
2026-08-11 06:00:00,0.0,BTCUSDT
2026-08-11 07:00:00,0.0,BTCUSDT
2026-08-11 08:00:00,0.0004907313495953446,BTCUSDT
2026-08-11 09:00:00,0.0,BTCUSDT
2026-08-11 10:00:00,0.0,BTCUSDT
2026-08-11 11:00:00,0.0,BTCUSDT
2026-08-11 12:00:00,0.0,BTCUSDT
2026-08-11 13:00:00,0.0,BTCUSDT
2026-08-11 14:00:00,0.0,BTCUSDT
2026-08-11 15:00:00,0.0,BTCUSDT
2026-08-11 16:00:00,-0.0001297696536333354,BTCUSDT
2026-08-11 17:00:00,0.0,BTCUSDT
2026-08-11 18:00:00,0.0,BTCUSDT
2026-08-11 19:00:00,0.0,BTCUSDT
2026-08-11 20:00:00,0.0,BTCUSDT
2026-08-11 21:00:00,0.0,BTCUSDT
2026-08-11 22:00:00,0.0,BTCUSDT
2026-08-11 23:00:00,0.0,BTCUSDT
2026-08-12 00:00:00,0.00026299749095925296,BTCUSDT
2026-08-12 01:00:00,0.0,BTCUSDT
2026-08-12 02:00:00,0.0,BTCUSDT
2026-08-12 03:00:00,0.0,BTCUSDT
2026-08-12 04:00:00,0.0,BTCUSDT
2026-08-12 05:00:00,0.0,BTCUSDT
2026-08-12 06:00:00,0.0,BTCUSDT
2026-08-12 07:00:00,0.0,BTCUSDT
2026-08-12 08:00:00,-7.4993003336034e-05,BTCUSDT
2026-08-12 09:00:00,0.0,BTCUSDT
2026-08-12 10:00:00,0.0,BTCUSDT
2026-08-12 11:00:00,0.0,BTCUSDT
2026-08-12 12:00:00,0.0,BTCUSDT
2026-08-12 13:00:00,0.0,BTCUSDT
2026-08-12 14:00:00,0.0,BTCUSDT
2026-08-12 15:00:00,0.0,BTCUSDT
2026-08-12 16:00:00,0.00027279485568237216,BTCUSDT
2026-08-12 17:00:00,0.0,BTCUSDT
2026-08-12 18:00:00,0.0,BTCUSDT
2026-08-12 19:00:00,0.0,BTCUSDT
2026-08-12 20:00:00,0.0,BTCUSDT
2026-08-12 21:00:00,0.0,BTCUSDT
2026-08-12 22:00:00,0.0,BTCUSDT
2026-08-12 23:00:00,0.0,BTCUSDT
2026-08-13 00:00:00,-0.00013519596075342187,BTCUSDT
2026-08-13 01:00:00,0.0,BTCUSDT
2026-08-13 02:00:00,0.0,BTCUSDT
2026-08-13 03:00:00,0.0,BTCUSDT
2026-08-13 04:00:00,0.0,BTCUSDT
2026-08-13 05:00:00,0.0,BTCUSDT
2026-08-13 06:00:00,0.0,BTCUSDT
2026-08-13 07:00:00,0.0,BTCUSDT
2026-08-13 08:00:00,-7.845907357913377e-06,BTCUSDT
2026-08-13 09:00:00,0.0,BTCUSDT
2026-08-13 10:00:00,0.0,BTCUSDT
2026-08-13 11:00:00,0.0,BTCUSDT
2026-08-13 12:00:00,0.0,BTCUSDT
2026-08-13 13:00:00,0.0,BTCUSDT
2026-08-13 14:00:00,0.0,BTCUSDT
2026-08-13 15:00:00,0.0,BTCUSDT
2026-08-13 16:00:00,-0.00017269300323709242,BTCUSDT
2026-08-13 17:00:00,0.0,BTCUSDT
2026-08-13 18:00:00,0.0,BTCUSDT
2026-08-13 19:00:00,0.0,BTCUSDT
2026-08-13 20:00:00,0.0,BTCUSDT
2026-08-13 21:00:00,0.0,BTCUSDT
2026-08-13 22:00:00,0.0,BTCUSDT
2026-08-13 23:00:00,0.0,BTCUSDT
2026-08-14 00:00:00,0.0002471217140631097,BTCUSDT
2026-08-14 01:00:00,0.0,BTCUSDT
2026-08-14 02:00:00,0.0,BTCUSDT
2026-08-14 03:00:00,0.0,BTCUSDT
2026-08-14 04:00:00,0.0,BTCUSDT
2026-08-14 05:00:00,0.0,BTCUSDT
2026-08-14 06:00:00,0.0,BTCUSDT
2026-08-14 07:00:00,0.0,BTCUSDT
2026-08-14 08:00:00,0.0002479444972974855,BTCUSDT
2026-08-14 09:00:00,0.0,BTCUSDT
2026-08-14 10:00:00,0.0,BTCUSDT
2026-08-14 11:00:00,0.0,BTCUSDT
2026-08-14 12:00:00,0.0,BTCUSDT
2026-08-14 13:00:00,0.0,BTCUSDT
2026-08-14 14:00:00,0.0,BTCUSDT
2026-08-14 15:00:00,0.0,BTCUSDT
2026-08-14 16:00:00,0.00024309568635660667,BTCUSDT
2026-08-14 17:00:00,0.0,BTCUSDT
2026-08-14 18:00:00,0.0,BTCUSDT
2026-08-14 19:00:00,0.0,BTCUSDT
2026-08-14 20:00:00,0.0,BTCUSDT
2026-08-14 21:00:00,0.0,BTCUSDT
2026-08-14 22:00:00,0.0,BTCUSDT
2026-08-14 23:00:00,0.0,BTCUSDT
2026-08-15 00:00:00,0.0002151032243088134,BTCUSDT
2026-08-15 01:00:00,0.0,BTCUSDT
2026-08-15 02:00:00,0.0,BTCUSDT
2026-08-15 03:00:00,0.0,BTCUSDT
2026-08-15 04:00:00,0.0,BTCUSDT
2026-08-15 05:00:00,0.0,BTCUSDT
2026-08-15 06:00:00,0.0,BTCUSDT
2026-08-15 07:00:00,0.0,BTCUSDT
2026-08-15 08:00:00,-4.958672437558745e-05,BTCUSDT
2026-08-15 09:00:00,0.0,BTCUSDT
2026-08-15 10:00:00,0.0,BTCUSDT
2026-08-15 11:00:00,0.0,BTCUSDT
2026-08-15 12:00:00,0.0,BTCUSDT
2026-08-15 13:00:00,0.0,BTCUSDT
2026-08-15 14:00:00,0.0,BTCUSDT
2026-08-15 15:00:00,0.0,BTCUSDT
2026-08-15 16:00:00,0.00017536301420815543,BTCUSDT
2026-08-15 17:00:00,0.0,BTCUSDT
2026-08-15 18:00:00,0.0,BTCUSDT
2026-08-15 19:00:00,0.0,BTCUSDT
2026-08-15 20:00:00,0.0,BTCUSDT
2026-08-15 21:00:00,0.0,BTCUSDT
2026-08-15 22:00:00,0.0,BTCUSDT
2026-08-15 23:00:00,0.0,BTCUSDT
2026-08-16 00:00:00,2.6463534090427545e-06,BTCUSDT
2026-08-16 01:00:00,0.0,BTCUSDT
2026-08-16 02:00:00,0.0,BTCUSDT
2026-08-16 03:00:00,0.0,BTCUSDT
2026-08-16 04:00:00,0.0,BTCUSDT
2026-08-16 05:00:00,0.0,BTCUSDT
2026-08-16 06:00:00,0.0,BTCUSDT
2026-08-16 07:00:00,0.0,BTCUSDT
2026-08-16 08:00:00,0.0005397674076522568,BTCUSDT
2026-08-16 09:00:00,0.0,BTCUSDT
2026-08-16 10:00:00,0.0,BTCUSDT
2026-08-16 11:00:00,0.0,BTCUSDT
2026-08-16 12:00:00,0.0,BTCUSDT
2026-08-16 13:00:00,0.0,BTCUSDT
2026-08-16 14:00:00,0.0,BTCUSDT
2026-08-16 15:00:00,0.0,BTCUSDT
2026-08-16 16:00:00,0.00017934113830278336,BTCUSDT
2026-08-16 17:00:00,0.0,BTCUSDT
2026-08-16 18:00:00,0.0,BTCUSDT
2026-08-16 19:00:00,0.0,BTCUSDT
2026-08-16 20:00:00,0.0,BTCUSDT
2026-08-16 21:00:00,0.0,BTCUSDT
2026-08-16 22:00:00,0.0,BTCUSDT
2026-08-16 23:00:00,0.0,BTCUSDT
2026-08-17 00:00:00,0.00010400064396549278,BTCUSDT
2026-08-17 01:00:00,0.0,BTCUSDT
2026-08-17 02:00:00,0.0,BTCUSDT
2026-08-17 03:00:00,0.0,BTCUSDT
2026-08-17 04:00:00,0.0,BTCUSDT
2026-08-17 05:00:00,0.0,BTCUSDT
2026-08-17 06:00:00,0.0,BTCUSDT
2026-08-17 07:00:00,0.0,BTCUSDT
2026-08-17 08:00:00,7.313417203840691e-06,BTCUSDT
2026-08-17 09:00:00,0.0,BTCUSDT
2026-08-17 10:00:00,0.0,BTCUSDT
2026-08-17 11:00:00,0.0,BTCUSDT
2026-08-17 12:00:00,0.0,BTCUSDT
2026-08-17 13:00:00,0.0,BTCUSDT
2026-08-17 14:00:00,0.0,BTCUSDT
2026-08-17 15:00:00,0.0,BTCUSDT
2026-08-17 16:00:00,-9.228888879487579e-05,BTCUSDT
2026-08-17 17:00:00,0.0,BTCUSDT
2026-08-17 18:00:00,0.0,BTCUSDT
2026-08-17 19:00:00,0.0,BTCUSDT
2026-08-17 20:00:00,0.0,BTCUSDT
2026-08-17 21:00:00,0.0,BTCUSDT
2026-08-17 22:00:00,0.0,BTCUSDT
2026-08-17 23:00:00,0.0,BTCUSDT
2026-08-18 00:00:00,4.0866877582914356e-05,BTCUSDT
2026-08-18 01:00:00,0.0,BTCUSDT
2026-08-18 02:00:00,0.0,BTCUSDT
2026-08-18 03:00:00,0.0,BTCUSDT
2026-08-18 04:00:00,0.0,BTCUSDT
2026-08-18 05:00:00,0.0,BTCUSDT
2026-08-18 06:00:00,0.0,BTCUSDT
2026-08-18 07:00:00,0.0,BTCUSDT
2026-08-18 08:00:00,0.00012324654345851358,BTCUSDT
2026-08-18 09:00:00,0.0,BTCUSDT
2026-08-18 10:00:00,0.0,BTCUSDT
2026-08-18 11:00:00,0.0,BTCUSDT
2026-08-18 12:00:00,0.0,BTCUSDT
2026-08-18 13:00:00,0.0,BTCUSDT
2026-08-18 14:00:00,0.0,BTCUSDT
2026-08-18 15:00:00,0.0,BTCUSDT
2026-08-18 16:00:00,0.00031599663392684036,BTCUSDT
2026-08-18 17:00:00,0.0,BTCUSDT
2026-08-18 18:00:00,0.0,BTCUSDT
2026-08-18 19:00:00,0.0,BTCUSDT
2026-08-18 20:00:00,0.0,BTCUSDT
2026-08-18 21:00:00,0.0,BTCUSDT
2026-08-18 22:00:00,0.0,BTCUSDT
2026-08-18 23:00:00,0.0,BTCUSDT
2026-08-19 00:00:00,0.00042755100370762234,BTCUSDT
2026-08-19 01:00:00,0.0,BTCUSDT
2026-08-19 02:00:00,0.0,BTCUSDT
2026-08-19 03:00:00,0.0,BTCUSDT
2026-08-19 04:00:00,0.0,BTCUSDT
2026-08-19 05:00:00,0.0,BTCUSDT
2026-08-19 06:00:00,0.0,BTCUSDT
2026-08-19 07:00:00,0.0,BTCUSDT
2026-08-19 08:00:00,-0.000134253642031723,BTCUSDT
2026-08-19 09:00:00,0.0,BTCUSDT
2026-08-19 10:00:00,0.0,BTCUSDT
2026-08-19 11:00:00,0.0,BTCUSDT
2026-08-19 12:00:00,0.0,BTCUSDT
2026-08-19 13:00:00,0.0,BTCUSDT
2026-08-19 14:00:00,0.0,BTCUSDT
2026-08-19 15:00:00,0.0,BTCUSDT
2026-08-19 16:00:00,0.00021565570385524447,BTCUSDT
2026-08-19 17:00:00,0.0,BTCUSDT
2026-08-19 18:00:00,0.0,BTCUSDT
2026-08-19 19:00:00,0.0,BTCUSDT
2026-08-19 20:00:00,0.0,BTCUSDT
2026-08-19 21:00:00,0.0,BTCUSDT
2026-08-19 22:00:00,0.0,BTCUSDT
2026-08-19 23:00:00,0.0,BTCUSDT
2026-08-20 00:00:00,0.00024350610328013585,BTCUSDT
2026-08-20 01:00:00,0.0,BTCUSDT
2026-08-20 02:00:00,0.0,BTCUSDT
2026-08-20 03:00:00,0.0,BTCUSDT
2026-08-20 04:00:00,0.0,BTCUSDT
2026-08-20 05:00:00,0.0,BTCUSDT
2026-08-20 06:00:00,0.0,BTCUSDT
2026-08-20 07:00:00,0.0,BTCUSDT
2026-08-20 08:00:00,0.00010648522356448596,BTCUSDT
2026-08-20 09:00:00,0.0,BTCUSDT
2026-08-20 10:00:00,0.0,BTCUSDT
2026-08-20 11:00:00,0.0,BTCUSDT
2026-08-20 12:00:00,0.0,BTCUSDT
2026-08-20 13:00:00,0.0,BTCUSDT
2026-08-20 14:00:00,0.0,BTCUSDT
2026-08-20 15:00:00,0.0,BTCUSDT
2026-08-20 16:00:00,-8.261194761206149e-05,BTCUSDT
2026-08-20 17:00:00,0.0,BTCUSDT
2026-08-20 18:00:00,0.0,BTCUSDT
2026-08-20 19:00:00,0.0,BTCUSDT
2026-08-20 20:00:00,0.0,BTCUSDT
2026-08-20 21:00:00,0.0,BTCUSDT
2026-08-20 22:00:00,0.0,BTCUSDT
2026-08-20 23:00:00,0.0,BTCUSDT
2026-08-21 00:00:00,0.00013415682952004154,BTCUSDT
2026-08-21 01:00:00,0.0,BTCUSDT
2026-08-21 02:00:00,0.0,BTCUSDT
2026-08-21 03:00:00,0.0,BTCUSDT
2026-08-21 04:00:00,0.0,BTCUSDT
2026-08-21 05:00:00,0.0,BTCUSDT
2026-08-21 06:00:00,0.0,BTCUSDT
2026-08-21 07:00:00,0.0,BTCUSDT
2026-08-21 08:00:00,-0.0001817326535517182,BTCUSDT
2026-08-21 09:00:00,0.0,BTCUSDT
2026-08-21 10:00:00,0.0,BTCUSDT
2026-08-21 11:00:00,0.0,BTCUSDT
2026-08-21 12:00:00,0.0,BTCUSDT
2026-08-21 13:00:00,0.0,BTCUSDT
2026-08-21 14:00:00,0.0,BTCUSDT
2026-08-21 15:00:00,0.0,BTCUSDT
2026-08-21 16:00:00,1.9016261859300095e-05,BTCUSDT
2026-08-21 17:00:00,0.0,BTCUSDT
2026-08-21 18:00:00,0.0,BTCUSDT
2026-08-21 19:00:00,0.0,BTCUSDT
2026-08-21 20:00:00,0.0,BTCUSDT
2026-08-21 21:00:00,0.0,BTCUSDT
2026-08-21 22:00:00,0.0,BTCUSDT
2026-08-21 23:00:00,0.0,BTCUSDT
2026-08-22 00:00:00,0.00021157260597752287,BTCUSDT
2026-08-22 01:00:00,0.0,BTCUSDT
2026-08-22 02:00:00,0.0,BTCUSDT
2026-08-22 03:00:00,0.0,BTCUSDT
2026-08-22 04:00:00,0.0,BTCUSDT
2026-08-22 05:00:00,0.0,BTCUSDT
2026-08-22 06:00:00,0.0,BTCUSDT
2026-08-22 07:00:00,0.0,BTCUSDT
2026-08-22 08:00:00,0.00018990501763204226,BTCUSDT
2026-08-22 09:00:00,0.0,BTCUSDT
2026-08-22 10:00:00,0.0,BTCUSDT
2026-08-22 11:00:00,0.0,BTCUSDT
2026-08-22 12:00:00,0.0,BTCUSDT
2026-08-22 13:00:00,0.0,BTCUSDT
2026-08-22 14:00:00,0.0,BTCUSDT
2026-08-22 15:00:00,0.0,BTCUSDT
2026-08-22 16:00:00,-8.85741670779384e-05,BTCUSDT
2026-08-22 17:00:00,0.0,BTCUSDT
2026-08-22 18:00:00,0.0,BTCUSDT
2026-08-22 19:00:00,0.0,BTCUSDT
2026-08-22 20:00:00,0.0,BTCUSDT
2026-08-22 21:00:00,0.0,BTCUSDT
2026-08-22 22:00:00,0.0,BTCUSDT
2026-08-22 23:00:00,0.0,BTCUSDT
2026-08-23 00:00:00,0.00015090686020738958,BTCUSDT
2026-08-23 01:00:00,0.0,BTCUSDT
2026-08-23 02:00:00,0.0,BTCUSDT
2026-08-23 03:00:00,0.0,BTCUSDT
2026-08-23 04:00:00,0.0,BTCUSDT
2026-08-23 05:00:00,0.0,BTCUSDT
2026-08-23 06:00:00,0.0,BTCUSDT
2026-08-23 07:00:00,0.0,BTCUSDT
2026-08-23 08:00:00,0.00022666024725112967,BTCUSDT
2026-08-23 09:00:00,0.0,BTCUSDT
2026-08-23 10:00:00,0.0,BTCUSDT
2026-08-23 11:00:00,0.0,BTCUSDT
2026-08-23 12:00:00,0.0,BTCUSDT
2026-08-23 13:00:00,0.0,BTCUSDT
2026-08-23 14:00:00,0.0,BTCUSDT
2026-08-23 15:00:00,0.0,BTCUSDT
2026-08-23 16:00:00,0.00015047318483661472,BTCUSDT
2026-08-23 17:00:00,0.0,BTCUSDT
2026-08-23 18:00:00,0.0,BTCUSDT
2026-08-23 19:00:00,0.0,BTCUSDT
2026-08-23 20:00:00,0.0,BTCUSDT
2026-08-23 21:00:00,0.0,BTCUSDT
2026-08-23 22:00:00,0.0,BTCUSDT
2026-08-23 23:00:00,0.0,BTCUSDT
2026-08-24 00:00:00,0.00023120871344059209,BTCUSDT
2026-08-24 01:00:00,0.0,BTCUSDT
2026-08-24 02:00:00,0.0,BTCUSDT
2026-08-24 03:00:00,0.0,BTCUSDT
2026-08-24 04:00:00,0.0,BTCUSDT
2026-08-24 05:00:00,0.0,BTCUSDT
2026-08-24 06:00:00,0.0,BTCUSDT
2026-08-24 07:00:00,0.0,BTCUSDT
2026-08-24 08:00:00,0.00024923481074000967,BTCUSDT
2026-08-24 09:00:00,0.0,BTCUSDT
